date,product,location,type,quantity
2025-08-31,P-1001,MAIN,opening,1019
2025-08-31,P-1002,MAIN,opening,117
2025-08-31,P-1003,MAIN,opening,174
2025-08-31,P-1004,MAIN,opening,3572
2025-08-31,P-1005,MAIN,opening,50
2025-08-31,P-1006,MAIN,opening,25
2025-08-31,P-1007,MAIN,opening,376
2025-08-31,P-1008,MAIN,opening,413
2025-08-31,P-1009,MAIN,opening,2148
2025-08-31,P-1010,MAIN,opening,215
2025-08-31,P-1011,MAIN,opening,28
2025-08-31,P-1012,MAIN,opening,16
2025-08-31,P-1013,MAIN,opening,813
2025-08-31,P-1014,MAIN,opening,2556
2025-08-31,P-1015,MAIN,opening,312
2025-08-31,P-1016,MAIN,opening,168
2025-08-31,P-1017,MAIN,opening,24
2025-08-31,P-1018,MAIN,opening,27
2025-08-31,P-1019,MAIN,opening,20175
2025-08-31,P-1020,MAIN,opening,178
2025-08-31,P-1021,MAIN,opening,407
2025-08-31,P-1022,MAIN,opening,149
2025-08-31,P-1023,MAIN,opening,35
2025-08-31,P-1024,MAIN,opening,383
2025-09-01,P-1001,MAIN,sale,51
2025-09-01,P-1002,MAIN,sale,28
2025-09-01,P-1003,MAIN,sale,5
2025-09-01,P-1004,MAIN,sale,8
2025-09-01,P-1007,MAIN,sale,44
2025-09-01,P-1008,MAIN,sale,26
2025-09-01,P-1009,MAIN,sale,6
2025-09-01,P-1010,MAIN,sale,10
2025-09-01,P-1012,MAIN,sale,2
2025-09-01,P-1013,MAIN,sale,25
2025-09-01,P-1014,MAIN,sale,11
2025-09-01,P-1015,MAIN,sale,8
2025-09-01,P-1016,MAIN,sale,13
2025-09-01,P-1019,MAIN,sale,89
2025-09-01,P-1020,MAIN,sale,6
2025-09-01,P-1021,MAIN,sale,6
2025-09-01,P-1022,MAIN,sale,6
2025-09-01,P-1024,MAIN,sale,1
2025-09-02,P-1001,MAIN,sale,58
2025-09-02,P-1002,MAIN,sale,31
2025-09-02,P-1003,MAIN,sale,7
2025-09-02,P-1004,MAIN,sale,13
2025-09-02,P-1004,MAIN,return,6
2025-09-02,P-1007,MAIN,sale,34
2025-09-02,P-1008,MAIN,sale,19
2025-09-02,P-1009,MAIN,sale,8
2025-09-02,P-1010,MAIN,sale,10
2025-09-02,P-1011,MAIN,sale,1
2025-09-02,P-1012,MAIN,sale,1
2025-09-02,P-1013,MAIN,sale,28
2025-09-02,P-1014,MAIN,sale,8
2025-09-02,P-1015,MAIN,sale,14
2025-09-02,P-1016,MAIN,sale,12
2025-09-02,P-1019,MAIN,sale,70
2025-09-02,P-1020,MAIN,sale,7
2025-09-02,P-1021,MAIN,sale,7
2025-09-02,P-1022,MAIN,sale,8
2025-09-03,P-1001,MAIN,sale,39
2025-09-03,P-1002,MAIN,sale,28
2025-09-03,P-1003,MAIN,sale,10
2025-09-03,P-1004,MAIN,sale,8
2025-09-03,P-1006,MAIN,sale,1
2025-09-03,P-1007,MAIN,sale,51
2025-09-03,P-1008,MAIN,sale,14
2025-09-03,P-1009,MAIN,sale,10
2025-09-03,P-1010,MAIN,sale,12
2025-09-03,P-1011,MAIN,sale,1
2025-09-03,P-1013,MAIN,sale,43
2025-09-03,P-1014,MAIN,sale,6
2025-09-03,P-1015,MAIN,sale,15
2025-09-03,P-1016,MAIN,sale,7
2025-09-03,P-1017,MAIN,sale,2
2025-09-03,P-1018,MAIN,sale,1
2025-09-03,P-1019,MAIN,sale,63
2025-09-03,P-1020,MAIN,sale,4
2025-09-03,P-1021,MAIN,sale,6
2025-09-03,P-1022,MAIN,sale,10
2025-09-04,P-1001,MAIN,sale,56
2025-09-04,P-1002,MAIN,sale,30
2025-09-04,P-1003,MAIN,sale,5
2025-09-04,P-1004,MAIN,sale,16
2025-09-04,P-1007,MAIN,sale,48
2025-09-04,P-1008,MAIN,sale,17
2025-09-04,P-1009,MAIN,sale,9
2025-09-04,P-1010,MAIN,sale,5
2025-09-04,P-1011,MAIN,sale,1
2025-09-04,P-1012,MAIN,sale,2
2025-09-04,P-1013,MAIN,sale,47
2025-09-04,P-1014,MAIN,sale,6
2025-09-04,P-1015,MAIN,sale,17
2025-09-04,P-1016,MAIN,sale,12
2025-09-04,P-1017,MAIN,sale,2
2025-09-04,P-1019,MAIN,sale,97
2025-09-04,P-1020,MAIN,sale,6
2025-09-04,P-1021,MAIN,sale,11
2025-09-04,P-1022,MAIN,sale,9
2025-09-04,P-1024,MAIN,sale,2
2025-09-05,P-1001,MAIN,sale,33
2025-09-05,P-1003,MAIN,sale,8
2025-09-05,P-1004,MAIN,sale,11
2025-09-05,P-1005,MAIN,sale,2
2025-09-05,P-1006,MAIN,sale,1
2025-09-05,P-1007,MAIN,sale,70
2025-09-05,P-1008,MAIN,sale,29
2025-09-05,P-1009,MAIN,sale,10
2025-09-05,P-1010,MAIN,sale,8
2025-09-05,P-1012,MAIN,sale,2
2025-09-05,P-1013,MAIN,sale,46
2025-09-05,P-1014,MAIN,sale,8
2025-09-05,P-1015,MAIN,sale,13
2025-09-05,P-1016,MAIN,sale,8
2025-09-05,P-1017,MAIN,sale,1
2025-09-05,P-1019,MAIN,sale,96
2025-09-05,P-1020,MAIN,sale,6
2025-09-05,P-1021,MAIN,sale,11
2025-09-05,P-1022,MAIN,sale,8
2025-09-05,P-1023,MAIN,sale,1
2025-09-06,P-1001,MAIN,sale,18
2025-09-06,P-1003,MAIN,sale,4
2025-09-06,P-1004,MAIN,sale,8
2025-09-06,P-1007,MAIN,sale,20
2025-09-06,P-1008,MAIN,sale,16
2025-09-06,P-1009,MAIN,sale,3
2025-09-06,P-1010,MAIN,sale,2
2025-09-06,P-1013,MAIN,sale,15
2025-09-06,P-1014,MAIN,sale,6
2025-09-06,P-1015,MAIN,sale,6
2025-09-06,P-1016,MAIN,sale,2
2025-09-06,P-1019,MAIN,sale,32
2025-09-06,P-1020,MAIN,sale,3
2025-09-06,P-1021,MAIN,sale,5
2025-09-06,P-1022,MAIN,sale,3
2025-09-06,P-1023,MAIN,sale,1
2025-09-08,P-1001,MAIN,sale,54
2025-09-08,P-1002,MAIN,receipt,108
2025-09-08,P-1002,MAIN,sale,21
2025-09-08,P-1003,MAIN,sale,9
2025-09-08,P-1004,MAIN,sale,17
2025-09-08,P-1005,MAIN,sale,2
2025-09-08,P-1006,MAIN,sale,1
2025-09-08,P-1007,MAIN,sale,46
2025-09-08,P-1008,MAIN,sale,14
2025-09-08,P-1009,MAIN,sale,6
2025-09-08,P-1010,MAIN,sale,7
2025-09-08,P-1012,MAIN,sale,1
2025-09-08,P-1013,MAIN,sale,25
2025-09-08,P-1014,MAIN,sale,5
2025-09-08,P-1015,MAIN,sale,13
2025-09-08,P-1016,MAIN,sale,9
2025-09-08,P-1017,MAIN,sale,2
2025-09-08,P-1018,MAIN,sale,2
2025-09-08,P-1019,MAIN,sale,68
2025-09-08,P-1020,MAIN,sale,6
2025-09-08,P-1021,MAIN,sale,7
2025-09-08,P-1022,MAIN,sale,8
2025-09-08,P-1023,MAIN,sale,1
2025-09-09,P-1001,MAIN,sale,31
2025-09-09,P-1002,MAIN,sale,18
2025-09-09,P-1003,MAIN,sale,5
2025-09-09,P-1004,MAIN,sale,8
2025-09-09,P-1006,MAIN,sale,1
2025-09-09,P-1007,MAIN,sale,48
2025-09-09,P-1008,MAIN,sale,15
2025-09-09,P-1009,MAIN,sale,8
2025-09-09,P-1010,MAIN,sale,6
2025-09-09,P-1011,MAIN,sale,1
2025-09-09,P-1012,MAIN,sale,2
2025-09-09,P-1013,MAIN,sale,44
2025-09-09,P-1014,MAIN,sale,7
2025-09-09,P-1015,MAIN,sale,14
2025-09-09,P-1016,MAIN,sale,11
2025-09-09,P-1019,MAIN,sale,96
2025-09-09,P-1020,MAIN,sale,6
2025-09-09,P-1021,MAIN,sale,7
2025-09-09,P-1022,MAIN,sale,7
2025-09-10,P-1001,MAIN,sale,53
2025-09-10,P-1002,MAIN,sale,27
2025-09-10,P-1003,MAIN,sale,10
2025-09-10,P-1004,MAIN,sale,11
2025-09-10,P-1005,MAIN,sale,2
2025-09-10,P-1007,MAIN,sale,15
2025-09-10,P-1008,MAIN,sale,34
2025-09-10,P-1009,MAIN,sale,7
2025-09-10,P-1010,MAIN,sale,9
2025-09-10,P-1013,MAIN,sale,32
2025-09-10,P-1014,MAIN,sale,6
2025-09-10,P-1015,MAIN,sale,19
2025-09-10,P-1016,MAIN,sale,9
2025-09-10,P-1017,MAIN,sale,1
2025-09-10,P-1019,MAIN,sale,69
2025-09-10,P-1020,MAIN,sale,5
2025-09-10,P-1021,MAIN,sale,8
2025-09-10,P-1022,MAIN,sale,9
2025-09-11,P-1001,MAIN,sale,56
2025-09-11,P-1002,MAIN,sale,24
2025-09-11,P-1003,MAIN,sale,9
2025-09-11,P-1004,MAIN,sale,13
2025-09-11,P-1005,MAIN,sale,2
2025-09-11,P-1006,MAIN,sale,1
2025-09-11,P-1008,MAIN,sale,30
2025-09-11,P-1009,MAIN,sale,6
2025-09-11,P-1010,MAIN,sale,10
2025-09-11,P-1013,MAIN,sale,42
2025-09-11,P-1014,MAIN,sale,7
2025-09-11,P-1015,MAIN,sale,21
2025-09-11,P-1016,MAIN,sale,7
2025-09-11,P-1019,MAIN,sale,47
2025-09-11,P-1020,MAIN,sale,3
2025-09-11,P-1021,MAIN,sale,11
2025-09-11,P-1022,MAIN,sale,5
2025-09-12,P-1001,MAIN,sale,28
2025-09-12,P-1002,MAIN,sale,18
2025-09-12,P-1003,MAIN,sale,4
2025-09-12,P-1004,MAIN,sale,16
2025-09-12,P-1005,MAIN,sale,1
2025-09-12,P-1006,MAIN,sale,1
2025-09-12,P-1008,MAIN,sale,25
2025-09-12,P-1009,MAIN,sale,5
2025-09-12,P-1010,MAIN,sale,10
2025-09-12,P-1013,MAIN,sale,24
2025-09-12,P-1014,MAIN,sale,8
2025-09-12,P-1015,MAIN,sale,9
2025-09-12,P-1016,MAIN,sale,8
2025-09-12,P-1017,MAIN,sale,1
2025-09-12,P-1018,MAIN,sale,1
2025-09-12,P-1019,MAIN,sale,60
2025-09-12,P-1020,MAIN,sale,4
2025-09-12,P-1021,MAIN,sale,10
2025-09-12,P-1022,MAIN,sale,8
2025-09-12,P-1023,MAIN,sale,2
2025-09-13,P-1001,MAIN,sale,21
2025-09-13,P-1003,MAIN,sale,4
2025-09-13,P-1004,MAIN,sale,4
2025-09-13,P-1005,MAIN,sale,1
2025-09-13,P-1006,MAIN,sale,1
2025-09-13,P-1008,MAIN,sale,11
2025-09-13,P-1009,MAIN,sale,3
2025-09-13,P-1010,MAIN,sale,5
2025-09-13,P-1011,MAIN,sale,1
2025-09-13,P-1013,MAIN,sale,9
2025-09-13,P-1014,MAIN,sale,4
2025-09-13,P-1015,MAIN,sale,5
2025-09-13,P-1015,MAIN,return,5
2025-09-13,P-1016,MAIN,sale,4
2025-09-13,P-1017,MAIN,sale,1
2025-09-13,P-1019,MAIN,sale,29
2025-09-13,P-1020,MAIN,sale,2
2025-09-13,P-1021,MAIN,sale,2
2025-09-13,P-1022,MAIN,sale,4
2025-09-15,P-1001,MAIN,sale,60
2025-09-15,P-1002,MAIN,receipt,108
2025-09-15,P-1002,MAIN,sale,26
2025-09-15,P-1003,MAIN,sale,6
2025-09-15,P-1004,MAIN,sale,7
2025-09-15,P-1006,MAIN,sale,1
2025-09-15,P-1008,MAIN,receipt,228
2025-09-15,P-1008,MAIN,sale,32
2025-09-15,P-1009,MAIN,sale,5
2025-09-15,P-1010,MAIN,sale,7
2025-09-15,P-1011,MAIN,sale,1
2025-09-15,P-1013,MAIN,sale,23
2025-09-15,P-1014,MAIN,sale,11
2025-09-15,P-1015,MAIN,sale,18
2025-09-15,P-1016,MAIN,receipt,102
2025-09-15,P-1016,MAIN,sale,7
2025-09-15,P-1018,MAIN,sale,1
2025-09-15,P-1019,MAIN,sale,63
2025-09-15,P-1020,MAIN,sale,7
2025-09-15,P-1021,MAIN,sale,10
2025-09-15,P-1022,MAIN,sale,8
2025-09-15,P-1023,MAIN,sale,1
2025-09-15,P-1024,MAIN,sale,1
2025-09-16,P-1001,MAIN,sale,63
2025-09-16,P-1002,MAIN,sale,24
2025-09-16,P-1003,MAIN,sale,8
2025-09-16,P-1004,MAIN,sale,10
2025-09-16,P-1008,MAIN,sale,22
2025-09-16,P-1009,MAIN,sale,8
2025-09-16,P-1010,MAIN,sale,7
2025-09-16,P-1011,MAIN,sale,1
2025-09-16,P-1012,MAIN,sale,1
2025-09-16,P-1013,MAIN,sale,42
2025-09-16,P-1014,MAIN,sale,7
2025-09-16,P-1015,MAIN,sale,17
2025-09-16,P-1016,MAIN,sale,9
2025-09-16,P-1018,MAIN,sale,1
2025-09-16,P-1019,MAIN,sale,91
2025-09-16,P-1020,MAIN,sale,4
2025-09-16,P-1021,MAIN,sale,8
2025-09-16,P-1022,MAIN,sale,6
2025-09-16,P-1023,MAIN,sale,1
2025-09-16,P-1024,MAIN,sale,2
2025-09-17,P-1001,MAIN,sale,48
2025-09-17,P-1002,MAIN,sale,38
2025-09-17,P-1003,MAIN,sale,7
2025-09-17,P-1004,MAIN,sale,13
2025-09-17,P-1006,MAIN,sale,1
2025-09-17,P-1008,MAIN,sale,34
2025-09-17,P-1009,MAIN,sale,9
2025-09-17,P-1010,MAIN,sale,10
2025-09-17,P-1013,MAIN,sale,28
2025-09-17,P-1014,MAIN,sale,6
2025-09-17,P-1015,MAIN,sale,14
2025-09-17,P-1016,MAIN,sale,13
2025-09-17,P-1019,MAIN,sale,46
2025-09-17,P-1020,MAIN,sale,4
2025-09-17,P-1021,MAIN,sale,7
2025-09-17,P-1022,MAIN,sale,10
2025-09-17,P-1023,MAIN,sale,1
2025-09-17,P-1024,MAIN,sale,2
2025-09-18,P-1001,MAIN,receipt,504
2025-09-18,P-1001,MAIN,sale,47
2025-09-18,P-1002,MAIN,sale,20
2025-09-18,P-1003,MAIN,sale,9
2025-09-18,P-1004,MAIN,sale,8
2025-09-18,P-1008,MAIN,sale,28
2025-09-18,P-1009,MAIN,sale,9
2025-09-18,P-1010,MAIN,sale,9
2025-09-18,P-1011,MAIN,sale,1
2025-09-18,P-1012,MAIN,receipt,16
2025-09-18,P-1013,MAIN,sale,34
2025-09-18,P-1014,MAIN,sale,7
2025-09-18,P-1015,MAIN,receipt,144
2025-09-18,P-1015,MAIN,sale,16
2025-09-18,P-1016,MAIN,sale,9
2025-09-18,P-1019,MAIN,sale,97
2025-09-18,P-1020,MAIN,sale,5
2025-09-18,P-1021,MAIN,sale,11
2025-09-18,P-1022,MAIN,sale,9
2025-09-18,P-1023,MAIN,sale,2
2025-09-19,P-1001,MAIN,sale,54
2025-09-19,P-1003,MAIN,sale,7
2025-09-19,P-1004,MAIN,sale,9
2025-09-19,P-1007,MAIN,receipt,564
2025-09-19,P-1007,MAIN,sale,40
2025-09-19,P-1008,MAIN,sale,36
2025-09-19,P-1009,MAIN,sale,7
2025-09-19,P-1009,MAIN,return,6
2025-09-19,P-1010,MAIN,sale,11
2025-09-19,P-1011,MAIN,sale,1
2025-09-19,P-1013,MAIN,sale,48
2025-09-19,P-1014,MAIN,sale,8
2025-09-19,P-1015,MAIN,sale,14
2025-09-19,P-1016,MAIN,sale,9
2025-09-19,P-1017,MAIN,sale,1
2025-09-19,P-1019,MAIN,sale,75
2025-09-19,P-1020,MAIN,sale,5
2025-09-19,P-1021,MAIN,sale,9
2025-09-19,P-1022,MAIN,sale,9
2025-09-19,P-1024,MAIN,sale,1
2025-09-20,P-1001,MAIN,sale,19
2025-09-20,P-1003,MAIN,receipt,132
2025-09-20,P-1003,MAIN,sale,4
2025-09-20,P-1004,MAIN,sale,4
2025-09-20,P-1005,MAIN,sale,1
2025-09-20,P-1007,MAIN,sale,22
2025-09-20,P-1008,MAIN,sale,12
2025-09-20,P-1009,MAIN,sale,5
2025-09-20,P-1010,MAIN,sale,6
2025-09-20,P-1012,MAIN,sale,1
2025-09-20,P-1013,MAIN,sale,25
2025-09-20,P-1014,MAIN,sale,4
2025-09-20,P-1015,MAIN,sale,10
2025-09-20,P-1016,MAIN,sale,4
2025-09-20,P-1019,MAIN,sale,30
2025-09-20,P-1020,MAIN,sale,2
2025-09-20,P-1021,MAIN,sale,2
2025-09-20,P-1022,MAIN,sale,3
2025-09-22,P-1001,MAIN,sale,60
2025-09-22,P-1003,MAIN,sale,10
2025-09-22,P-1004,MAIN,sale,8
2025-09-22,P-1006,MAIN,receipt,14
2025-09-22,P-1007,MAIN,sale,46
2025-09-22,P-1008,MAIN,sale,21
2025-09-22,P-1009,MAIN,sale,5
2025-09-22,P-1010,MAIN,sale,8
2025-09-22,P-1011,MAIN,sale,1
2025-09-22,P-1013,MAIN,receipt,576
2025-09-22,P-1013,MAIN,sale,38
2025-09-22,P-1014,MAIN,sale,8
2025-09-22,P-1015,MAIN,sale,9
2025-09-22,P-1016,MAIN,sale,8
2025-09-22,P-1017,MAIN,sale,2
2025-09-22,P-1019,MAIN,sale,59
2025-09-22,P-1020,MAIN,sale,3
2025-09-22,P-1021,MAIN,sale,13
2025-09-22,P-1022,MAIN,sale,4
2025-09-22,P-1023,MAIN,sale,2
2025-09-23,P-1001,MAIN,sale,43
2025-09-23,P-1003,MAIN,sale,5
2025-09-23,P-1004,MAIN,sale,12
2025-09-23,P-1005,MAIN,sale,2
2025-09-23,P-1006,MAIN,sale,1
2025-09-23,P-1007,MAIN,sale,39
2025-09-23,P-1008,MAIN,sale,30
2025-09-23,P-1009,MAIN,sale,5
2025-09-23,P-1010,MAIN,sale,9
2025-09-23,P-1011,MAIN,sale,1
2025-09-23,P-1013,MAIN,sale,24
2025-09-23,P-1014,MAIN,sale,10
2025-09-23,P-1015,MAIN,sale,15
2025-09-23,P-1016,MAIN,sale,9
2025-09-23,P-1019,MAIN,sale,72
2025-09-23,P-1020,MAIN,sale,7
2025-09-23,P-1021,MAIN,sale,7
2025-09-23,P-1022,MAIN,sale,6
2025-09-24,P-1001,MAIN,sale,56
2025-09-24,P-1003,MAIN,sale,6
2025-09-24,P-1004,MAIN,sale,14
2025-09-24,P-1006,MAIN,sale,1
2025-09-24,P-1007,MAIN,sale,32
2025-09-24,P-1008,MAIN,sale,26
2025-09-24,P-1009,MAIN,sale,8
2025-09-24,P-1010,MAIN,sale,9
2025-09-24,P-1013,MAIN,sale,46
2025-09-24,P-1014,MAIN,sale,5
2025-09-24,P-1015,MAIN,sale,10
2025-09-24,P-1016,MAIN,sale,6
2025-09-24,P-1019,MAIN,sale,57
2025-09-24,P-1020,MAIN,sale,7
2025-09-24,P-1021,MAIN,sale,10
2025-09-24,P-1022,MAIN,sale,4
2025-09-24,P-1023,MAIN,sale,2
2025-09-24,P-1024,MAIN,sale,2
2025-09-25,P-1001,MAIN,sale,31
2025-09-25,P-1003,MAIN,sale,6
2025-09-25,P-1004,MAIN,sale,11
2025-09-25,P-1006,MAIN,sale,1
2025-09-25,P-1007,MAIN,sale,44
2025-09-25,P-1008,MAIN,sale,21
2025-09-25,P-1009,MAIN,sale,9
2025-09-25,P-1010,MAIN,sale,5
2025-09-25,P-1013,MAIN,sale,20
2025-09-25,P-1014,MAIN,sale,10
2025-09-25,P-1015,MAIN,sale,14
2025-09-25,P-1016,MAIN,sale,7
2025-09-25,P-1017,MAIN,sale,1
2025-09-25,P-1019,MAIN,sale,96
2025-09-25,P-1020,MAIN,sale,7
2025-09-25,P-1021,MAIN,sale,8
2025-09-25,P-1022,MAIN,sale,5
2025-09-25,P-1023,MAIN,sale,1
2025-09-25,P-1024,MAIN,sale,1
2025-09-26,P-1001,MAIN,sale,25
2025-09-26,P-1003,MAIN,sale,6
2025-09-26,P-1004,MAIN,sale,9
2025-09-26,P-1007,MAIN,sale,55
2025-09-26,P-1008,MAIN,sale,31
2025-09-26,P-1009,MAIN,sale,5
2025-09-26,P-1010,MAIN,sale,7
2025-09-26,P-1012,MAIN,sale,1
2025-09-26,P-1013,MAIN,sale,33
2025-09-26,P-1014,MAIN,sale,6
2025-09-26,P-1015,MAIN,sale,12
2025-09-26,P-1016,MAIN,sale,12
2025-09-26,P-1019,MAIN,sale,63
2025-09-26,P-1020,MAIN,sale,3
2025-09-26,P-1021,MAIN,sale,12
2025-09-27,P-1001,MAIN,sale,14
2025-09-27,P-1003,MAIN,sale,2
2025-09-27,P-1004,MAIN,sale,6
2025-09-27,P-1005,MAIN,sale,1
2025-09-27,P-1007,MAIN,sale,14
2025-09-27,P-1008,MAIN,sale,14
2025-09-27,P-1009,MAIN,sale,5
2025-09-27,P-1010,MAIN,sale,4
2025-09-27,P-1012,MAIN,sale,1
2025-09-27,P-1013,MAIN,sale,24
2025-09-27,P-1014,MAIN,sale,5
2025-09-27,P-1015,MAIN,sale,8
2025-09-27,P-1016,MAIN,sale,3
2025-09-27,P-1018,MAIN,sale,1
2025-09-27,P-1019,MAIN,sale,22
2025-09-27,P-1020,MAIN,sale,3
2025-09-27,P-1021,MAIN,sale,6
2025-09-27,P-1023,MAIN,sale,1
2025-09-29,P-1001,MAIN,sale,25
2025-09-29,P-1003,MAIN,sale,5
2025-09-29,P-1004,MAIN,sale,10
2025-09-29,P-1007,MAIN,sale,35
2025-09-29,P-1008,MAIN,receipt,300
2025-09-29,P-1008,MAIN,sale,35
2025-09-29,P-1009,MAIN,sale,7
2025-09-29,P-1010,MAIN,receipt,84
2025-09-29,P-1010,MAIN,sale,9
2025-09-29,P-1011,MAIN,sale,1
2025-09-29,P-1013,MAIN,sale,28
2025-09-29,P-1014,MAIN,sale,10
2025-09-29,P-1015,MAIN,sale,14
2025-09-29,P-1016,MAIN,receipt,96
2025-09-29,P-1016,MAIN,sale,11
2025-09-29,P-1017,MAIN,sale,1
2025-09-29,P-1019,MAIN,sale,102
2025-09-29,P-1020,MAIN,receipt,60
2025-09-29,P-1020,MAIN,sale,4
2025-09-29,P-1021,MAIN,sale,10
2025-09-29,P-1022,MAIN,receipt,102
2025-09-29,P-1022,MAIN,sale,5
2025-09-30,P-1001,MAIN,sale,57
2025-09-30,P-1003,MAIN,sale,7
2025-09-30,P-1004,MAIN,sale,16
2025-09-30,P-1007,MAIN,sale,27
2025-09-30,P-1008,MAIN,sale,17
2025-09-30,P-1009,MAIN,sale,10
2025-09-30,P-1010,MAIN,sale,9
2025-09-30,P-1012,MAIN,sale,1
2025-09-30,P-1013,MAIN,sale,45
2025-09-30,P-1014,MAIN,sale,9
2025-09-30,P-1015,MAIN,sale,10
2025-09-30,P-1016,MAIN,sale,9
2025-09-30,P-1017,MAIN,sale,2
2025-09-30,P-1019,MAIN,sale,48
2025-09-30,P-1020,MAIN,sale,5
2025-09-30,P-1021,MAIN,sale,11
2025-09-30,P-1022,MAIN,sale,7
2025-10-01,P-1001,MAIN,sale,46
2025-10-01,P-1003,MAIN,sale,11
2025-10-01,P-1004,MAIN,sale,10
2025-10-01,P-1006,MAIN,sale,1
2025-10-01,P-1007,MAIN,sale,67
2025-10-01,P-1008,MAIN,sale,19
2025-10-01,P-1009,MAIN,sale,8
2025-10-01,P-1010,MAIN,sale,11
2025-10-01,P-1012,MAIN,sale,2
2025-10-01,P-1013,MAIN,sale,37
2025-10-01,P-1014,MAIN,sale,5
2025-10-01,P-1015,MAIN,sale,13
2025-10-01,P-1016,MAIN,sale,12
2025-10-01,P-1017,MAIN,sale,2
2025-10-01,P-1019,MAIN,sale,66
2025-10-01,P-1020,MAIN,sale,3
2025-10-01,P-1021,MAIN,sale,12
2025-10-01,P-1022,MAIN,sale,4
2025-10-01,P-1023,MAIN,sale,1
2025-10-02,P-1001,MAIN,receipt,540
2025-10-02,P-1001,MAIN,sale,32
2025-10-02,P-1003,MAIN,sale,8
2025-10-02,P-1003,MAIN,return,6
2025-10-02,P-1004,MAIN,sale,11
2025-10-02,P-1005,MAIN,sale,2
2025-10-02,P-1007,MAIN,sale,28
2025-10-02,P-1008,MAIN,sale,31
2025-10-02,P-1009,MAIN,sale,10
2025-10-02,P-1010,MAIN,sale,7
2025-10-02,P-1011,MAIN,receipt,15
2025-10-02,P-1013,MAIN,sale,31
2025-10-02,P-1014,MAIN,sale,6
2025-10-02,P-1015,MAIN,receipt,162
2025-10-02,P-1015,MAIN,sale,13
2025-10-02,P-1016,MAIN,sale,6
2025-10-02,P-1017,MAIN,sale,2
2025-10-02,P-1019,MAIN,sale,87
2025-10-02,P-1020,MAIN,sale,5
2025-10-02,P-1021,MAIN,sale,9
2025-10-02,P-1022,MAIN,sale,4
2025-10-02,P-1023,MAIN,sale,1
2025-10-03,P-1001,MAIN,sale,45
2025-10-03,P-1002,MAIN,receipt,120
2025-10-03,P-1002,MAIN,sale,37
2025-10-03,P-1003,MAIN,sale,8
2025-10-03,P-1004,MAIN,sale,14
2025-10-03,P-1007,MAIN,sale,67
2025-10-03,P-1008,MAIN,sale,28
2025-10-03,P-1009,MAIN,sale,7
2025-10-03,P-1010,MAIN,sale,11
2025-10-03,P-1013,MAIN,sale,29
2025-10-03,P-1013,MAIN,return,12
2025-10-03,P-1014,MAIN,sale,12
2025-10-03,P-1015,MAIN,sale,9
2025-10-03,P-1016,MAIN,sale,7
2025-10-03,P-1017,MAIN,sale,2
2025-10-03,P-1019,MAIN,sale,95
2025-10-03,P-1020,MAIN,sale,4
2025-10-03,P-1021,MAIN,sale,12
2025-10-03,P-1022,MAIN,sale,7
2025-10-03,P-1023,MAIN,sale,1
2025-10-03,P-1024,MAIN,sale,2
2025-10-04,P-1001,MAIN,sale,20
2025-10-04,P-1002,MAIN,sale,10
2025-10-04,P-1003,MAIN,sale,3
2025-10-04,P-1004,MAIN,sale,4
2025-10-04,P-1005,MAIN,sale,1
2025-10-04,P-1007,MAIN,sale,26
2025-10-04,P-1008,MAIN,sale,13
2025-10-04,P-1009,MAIN,sale,2
2025-10-04,P-1010,MAIN,sale,5
2025-10-04,P-1013,MAIN,sale,16
2025-10-04,P-1014,MAIN,sale,3
2025-10-04,P-1015,MAIN,sale,5
2025-10-04,P-1016,MAIN,sale,4
2025-10-04,P-1017,MAIN,sale,1
2025-10-04,P-1019,MAIN,sale,48
2025-10-04,P-1020,MAIN,sale,2
2025-10-04,P-1021,MAIN,sale,6
2025-10-04,P-1022,MAIN,sale,4
2025-10-06,P-1001,MAIN,sale,44
2025-10-06,P-1002,MAIN,sale,31
2025-10-06,P-1003,MAIN,sale,6
2025-10-06,P-1004,MAIN,sale,14
2025-10-06,P-1005,MAIN,receipt,16
2025-10-06,P-1005,MAIN,sale,2
2025-10-06,P-1006,MAIN,sale,1
2025-10-06,P-1007,MAIN,receipt,396
2025-10-06,P-1007,MAIN,sale,65
2025-10-06,P-1008,MAIN,sale,28
2025-10-06,P-1009,MAIN,sale,10
2025-10-06,P-1010,MAIN,sale,6
2025-10-06,P-1012,MAIN,sale,2
2025-10-06,P-1013,MAIN,sale,37
2025-10-06,P-1014,MAIN,sale,11
2025-10-06,P-1015,MAIN,sale,17
2025-10-06,P-1016,MAIN,sale,6
2025-10-06,P-1017,MAIN,receipt,15
2025-10-06,P-1018,MAIN,sale,1
2025-10-06,P-1019,MAIN,sale,95
2025-10-06,P-1020,MAIN,sale,4
2025-10-06,P-1021,MAIN,receipt,156
2025-10-06,P-1021,MAIN,sale,6
2025-10-06,P-1022,MAIN,sale,8
2025-10-06,P-1023,MAIN,receipt,18
2025-10-07,P-1001,MAIN,sale,53
2025-10-07,P-1002,MAIN,sale,27
2025-10-07,P-1003,MAIN,sale,11
2025-10-07,P-1004,MAIN,sale,11
2025-10-07,P-1005,MAIN,sale,2
2025-10-07,P-1007,MAIN,sale,65
2025-10-07,P-1008,MAIN,sale,21
2025-10-07,P-1009,MAIN,sale,4
2025-10-07,P-1010,MAIN,sale,6
2025-10-07,P-1013,MAIN,sale,37
2025-10-07,P-1014,MAIN,sale,4
2025-10-07,P-1015,MAIN,sale,17
2025-10-07,P-1016,MAIN,sale,7
2025-10-07,P-1017,MAIN,sale,2
2025-10-07,P-1019,MAIN,sale,53
2025-10-07,P-1020,MAIN,sale,7
2025-10-07,P-1021,MAIN,sale,13
2025-10-07,P-1022,MAIN,sale,6
2025-10-07,P-1023,MAIN,sale,1
2025-10-08,P-1001,MAIN,sale,38
2025-10-08,P-1002,MAIN,sale,15
2025-10-08,P-1003,MAIN,sale,9
2025-10-08,P-1004,MAIN,sale,10
2025-10-08,P-1007,MAIN,sale,41
2025-10-08,P-1008,MAIN,sale,33
2025-10-08,P-1009,MAIN,sale,8
2025-10-08,P-1010,MAIN,sale,5
2025-10-08,P-1013,MAIN,sale,55
2025-10-08,P-1014,MAIN,sale,11
2025-10-08,P-1015,MAIN,sale,12
2025-10-08,P-1016,MAIN,sale,10
2025-10-08,P-1017,MAIN,sale,1
2025-10-08,P-1019,MAIN,sale,92
2025-10-08,P-1020,MAIN,sale,5
2025-10-08,P-1021,MAIN,sale,12
2025-10-08,P-1022,MAIN,sale,7
2025-10-08,P-1024,MAIN,sale,2
2025-10-09,P-1001,MAIN,sale,63
2025-10-09,P-1003,MAIN,sale,10
2025-10-09,P-1004,MAIN,sale,11
2025-10-09,P-1005,MAIN,sale,1
2025-10-09,P-1006,MAIN,sale,1
2025-10-09,P-1007,MAIN,sale,39
2025-10-09,P-1008,MAIN,sale,27
2025-10-09,P-1009,MAIN,sale,10
2025-10-09,P-1010,MAIN,sale,7
2025-10-09,P-1013,MAIN,sale,46
2025-10-09,P-1014,MAIN,sale,7
2025-10-09,P-1015,MAIN,sale,16
2025-10-09,P-1016,MAIN,sale,9
2025-10-09,P-1017,MAIN,sale,2
2025-10-09,P-1019,MAIN,sale,48
2025-10-09,P-1020,MAIN,sale,4
2025-10-09,P-1021,MAIN,sale,6
2025-10-09,P-1022,MAIN,sale,7
2025-10-09,P-1024,MAIN,sale,1
2025-10-10,P-1001,MAIN,sale,44
2025-10-10,P-1003,MAIN,sale,7
2025-10-10,P-1004,MAIN,sale,8
2025-10-10,P-1006,MAIN,sale,1
2025-10-10,P-1007,MAIN,sale,54
2025-10-10,P-1008,MAIN,sale,18
2025-10-10,P-1009,MAIN,sale,7
2025-10-10,P-1010,MAIN,sale,10
2025-10-10,P-1013,MAIN,sale,34
2025-10-10,P-1014,MAIN,sale,10
2025-10-10,P-1015,MAIN,sale,10
2025-10-10,P-1016,MAIN,sale,7
2025-10-10,P-1019,MAIN,sale,68
2025-10-10,P-1020,MAIN,sale,5
2025-10-10,P-1021,MAIN,sale,13
2025-10-10,P-1022,MAIN,sale,8
2025-10-10,P-1023,MAIN,sale,1
2025-10-11,P-1001,MAIN,sale,29
2025-10-11,P-1003,MAIN,receipt,108
2025-10-11,P-1003,MAIN,sale,5
2025-10-11,P-1004,MAIN,sale,4
2025-10-11,P-1007,MAIN,sale,32
2025-10-11,P-1008,MAIN,sale,17
2025-10-11,P-1009,MAIN,sale,4
2025-10-11,P-1010,MAIN,sale,4
2025-10-11,P-1011,MAIN,sale,1
2025-10-11,P-1013,MAIN,sale,14
2025-10-11,P-1014,MAIN,sale,5
2025-10-11,P-1015,MAIN,sale,5
2025-10-11,P-1016,MAIN,sale,7
2025-10-11,P-1019,MAIN,sale,45
2025-10-11,P-1020,MAIN,sale,2
2025-10-11,P-1021,MAIN,sale,6
2025-10-11,P-1022,MAIN,sale,2
2025-10-13,P-1001,MAIN,sale,35
2025-10-13,P-1003,MAIN,sale,7
2025-10-13,P-1004,MAIN,sale,9
2025-10-13,P-1007,MAIN,sale,32
2025-10-13,P-1008,MAIN,receipt,288
2025-10-13,P-1008,MAIN,sale,36
2025-10-13,P-1009,MAIN,sale,8
2025-10-13,P-1010,MAIN,receipt,96
2025-10-13,P-1010,MAIN,sale,8
2025-10-13,P-1013,MAIN,receipt,576
2025-10-13,P-1013,MAIN,sale,27
2025-10-13,P-1014,MAIN,sale,12
2025-10-13,P-1015,MAIN,sale,15
2025-10-13,P-1016,MAIN,receipt,96
2025-10-13,P-1016,MAIN,sale,13
2025-10-13,P-1017,MAIN,sale,1
2025-10-13,P-1019,MAIN,sale,41
2025-10-13,P-1020,MAIN,sale,4
2025-10-13,P-1021,MAIN,sale,12
2025-10-13,P-1022,MAIN,receipt,78
2025-10-13,P-1022,MAIN,sale,8
2025-10-13,P-1023,MAIN,sale,1
2025-10-14,P-1001,MAIN,sale,42
2025-10-14,P-1003,MAIN,sale,9
2025-10-14,P-1004,MAIN,sale,12
2025-10-14,P-1005,MAIN,sale,1
2025-10-14,P-1007,MAIN,sale,33
2025-10-14,P-1008,MAIN,sale,28
2025-10-14,P-1009,MAIN,sale,9
2025-10-14,P-1010,MAIN,sale,6
2025-10-14,P-1013,MAIN,sale,55
2025-10-14,P-1014,MAIN,sale,8
2025-10-14,P-1015,MAIN,sale,13
2025-10-14,P-1015,MAIN,return,6
2025-10-14,P-1016,MAIN,sale,13
2025-10-14,P-1018,MAIN,sale,1
2025-10-14,P-1019,MAIN,sale,46
2025-10-14,P-1020,MAIN,sale,6
2025-10-14,P-1021,MAIN,sale,8
2025-10-14,P-1022,MAIN,sale,9
2025-10-14,P-1023,MAIN,sale,2
2025-10-14,P-1024,MAIN,sale,1
2025-10-15,P-1001,MAIN,sale,56
2025-10-15,P-1003,MAIN,sale,6
2025-10-15,P-1004,MAIN,sale,11
2025-10-15,P-1007,MAIN,sale,43
2025-10-15,P-1008,MAIN,sale,34
2025-10-15,P-1009,MAIN,sale,10
2025-10-15,P-1010,MAIN,sale,5
2025-10-15,P-1013,MAIN,sale,28
2025-10-15,P-1014,MAIN,sale,6
2025-10-15,P-1015,MAIN,sale,15
2025-10-15,P-1016,MAIN,sale,11
2025-10-15,P-1018,MAIN,sale,1
2025-10-15,P-1019,MAIN,sale,88
2025-10-15,P-1020,MAIN,sale,5
2025-10-15,P-1021,MAIN,sale,8
2025-10-15,P-1022,MAIN,sale,8
2025-10-15,P-1023,MAIN,sale,1
2025-10-16,P-1001,MAIN,sale,48
2025-10-16,P-1003,MAIN,sale,5
2025-10-16,P-1004,MAIN,sale,10
2025-10-16,P-1005,MAIN,sale,2
2025-10-16,P-1007,MAIN,sale,14
2025-10-16,P-1008,MAIN,sale,31
2025-10-16,P-1009,MAIN,sale,7
2025-10-16,P-1010,MAIN,sale,9
2025-10-16,P-1011,MAIN,sale,1
2025-10-16,P-1012,MAIN,sale,1
2025-10-16,P-1013,MAIN,sale,46
2025-10-16,P-1014,MAIN,sale,7
2025-10-16,P-1015,MAIN,sale,16
2025-10-16,P-1016,MAIN,sale,6
2025-10-16,P-1018,MAIN,sale,1
2025-10-16,P-1019,MAIN,sale,95
2025-10-16,P-1020,MAIN,sale,7
2025-10-16,P-1021,MAIN,sale,10
2025-10-16,P-1022,MAIN,sale,6
2025-10-16,P-1024,MAIN,sale,1
2025-10-17,P-1001,MAIN,sale,32
2025-10-17,P-1003,MAIN,sale,5
2025-10-17,P-1004,MAIN,sale,12
2025-10-17,P-1008,MAIN,sale,20
2025-10-17,P-1009,MAIN,sale,6
2025-10-17,P-1010,MAIN,sale,8
2025-10-17,P-1012,MAIN,sale,1
2025-10-17,P-1013,MAIN,sale,35
2025-10-17,P-1014,MAIN,sale,7
2025-10-17,P-1015,MAIN,sale,8
2025-10-17,P-1016,MAIN,sale,12
2025-10-17,P-1019,MAIN,sale,41
2025-10-17,P-1020,MAIN,sale,4
2025-10-17,P-1021,MAIN,sale,7
2025-10-17,P-1022,MAIN,sale,4
2025-10-18,P-1001,MAIN,sale,30
2025-10-18,P-1002,MAIN,receipt,156
2025-10-18,P-1002,MAIN,sale,13
2025-10-18,P-1003,MAIN,sale,4
2025-10-18,P-1004,MAIN,sale,5
2025-10-18,P-1005,MAIN,sale,1
2025-10-18,P-1008,MAIN,sale,9
2025-10-18,P-1009,MAIN,sale,5
2025-10-18,P-1010,MAIN,sale,3
2025-10-18,P-1013,MAIN,sale,15
2025-10-18,P-1014,MAIN,sale,3
2025-10-18,P-1015,MAIN,sale,5
2025-10-18,P-1016,MAIN,sale,3
2025-10-18,P-1019,MAIN,sale,30
2025-10-18,P-1020,MAIN,sale,3
2025-10-18,P-1021,MAIN,sale,6
2025-10-18,P-1022,MAIN,sale,3
2025-10-20,P-1001,MAIN,sale,32
2025-10-20,P-1002,MAIN,sale,23
2025-10-20,P-1003,MAIN,sale,7
2025-10-20,P-1004,MAIN,sale,17
2025-10-20,P-1007,MAIN,receipt,540
2025-10-20,P-1007,MAIN,sale,28
2025-10-20,P-1008,MAIN,sale,39
2025-10-20,P-1009,MAIN,sale,9
2025-10-20,P-1010,MAIN,sale,8
2025-10-20,P-1011,MAIN,sale,1
2025-10-20,P-1012,MAIN,sale,2
2025-10-20,P-1013,MAIN,sale,54
2025-10-20,P-1014,MAIN,sale,7
2025-10-20,P-1015,MAIN,sale,17
2025-10-20,P-1016,MAIN,sale,6
2025-10-20,P-1017,MAIN,sale,1
2025-10-20,P-1019,MAIN,sale,74
2025-10-20,P-1020,MAIN,receipt,84
2025-10-20,P-1020,MAIN,sale,6
2025-10-20,P-1021,MAIN,sale,5
2025-10-20,P-1022,MAIN,sale,9
2025-10-21,P-1001,MAIN,sale,58
2025-10-21,P-1002,MAIN,sale,33
2025-10-21,P-1003,MAIN,sale,9
2025-10-21,P-1004,MAIN,sale,14
2025-10-21,P-1005,MAIN,sale,1
2025-10-21,P-1006,MAIN,sale,1
2025-10-21,P-1007,MAIN,sale,68
2025-10-21,P-1008,MAIN,sale,19
2025-10-21,P-1009,MAIN,sale,7
2025-10-21,P-1010,MAIN,sale,9
2025-10-21,P-1013,MAIN,sale,35
2025-10-21,P-1014,MAIN,sale,7
2025-10-21,P-1015,MAIN,sale,19
2025-10-21,P-1016,MAIN,sale,7
2025-10-21,P-1018,MAIN,sale,1
2025-10-21,P-1019,MAIN,sale,50
2025-10-21,P-1020,MAIN,sale,6
2025-10-21,P-1021,MAIN,sale,14
2025-10-21,P-1022,MAIN,sale,9
2025-10-21,P-1023,MAIN,sale,1
2025-10-22,P-1001,MAIN,sale,61
2025-10-22,P-1002,MAIN,sale,15
2025-10-22,P-1003,MAIN,sale,9
2025-10-22,P-1004,MAIN,sale,11
2025-10-22,P-1006,MAIN,sale,1
2025-10-22,P-1007,MAIN,sale,39
2025-10-22,P-1008,MAIN,sale,31
2025-10-22,P-1009,MAIN,sale,8
2025-10-22,P-1009,MAIN,return,6
2025-10-22,P-1010,MAIN,sale,6
2025-10-22,P-1013,MAIN,sale,58
2025-10-22,P-1014,MAIN,sale,7
2025-10-22,P-1015,MAIN,sale,12
2025-10-22,P-1016,MAIN,sale,7
2025-10-22,P-1018,MAIN,sale,1
2025-10-22,P-1019,MAIN,sale,76
2025-10-22,P-1020,MAIN,sale,6
2025-10-22,P-1021,MAIN,sale,8
2025-10-22,P-1022,MAIN,sale,8
2025-10-22,P-1023,MAIN,sale,1
2025-10-23,P-1001,MAIN,receipt,696
2025-10-23,P-1001,MAIN,sale,39
2025-10-23,P-1002,MAIN,sale,26
2025-10-23,P-1003,MAIN,sale,10
2025-10-23,P-1004,MAIN,sale,11
2025-10-23,P-1005,MAIN,sale,1
2025-10-23,P-1006,MAIN,sale,1
2025-10-23,P-1007,MAIN,sale,29
2025-10-23,P-1008,MAIN,sale,25
2025-10-23,P-1009,MAIN,sale,8
2025-10-23,P-1010,MAIN,sale,7
2025-10-23,P-1012,MAIN,receipt,11
2025-10-23,P-1012,MAIN,sale,2
2025-10-23,P-1013,MAIN,sale,27
2025-10-23,P-1014,MAIN,sale,5
2025-10-23,P-1015,MAIN,receipt,216
2025-10-23,P-1015,MAIN,sale,15
2025-10-23,P-1016,MAIN,sale,10
2025-10-23,P-1017,MAIN,sale,1
2025-10-23,P-1019,MAIN,sale,92
2025-10-23,P-1020,MAIN,sale,4
2025-10-23,P-1021,MAIN,sale,7
2025-10-23,P-1022,MAIN,sale,7
2025-10-23,P-1023,MAIN,sale,1
2025-10-24,P-1001,MAIN,sale,44
2025-10-24,P-1002,MAIN,sale,16
2025-10-24,P-1003,MAIN,sale,7
2025-10-24,P-1004,MAIN,sale,13
2025-10-24,P-1005,MAIN,sale,1
2025-10-24,P-1007,MAIN,sale,51
2025-10-24,P-1008,MAIN,sale,18
2025-10-24,P-1009,MAIN,sale,9
2025-10-24,P-1010,MAIN,sale,7
2025-10-24,P-1011,MAIN,sale,1
2025-10-24,P-1013,MAIN,sale,57
2025-10-24,P-1014,MAIN,sale,6
2025-10-24,P-1015,MAIN,sale,9
2025-10-24,P-1016,MAIN,sale,8
2025-10-24,P-1018,MAIN,sale,1
2025-10-24,P-1019,MAIN,sale,59
2025-10-24,P-1020,MAIN,sale,7
2025-10-24,P-1021,MAIN,sale,11
2025-10-24,P-1022,MAIN,sale,4
2025-10-24,P-1023,MAIN,sale,2
2025-10-25,P-1001,MAIN,sale,15
2025-10-25,P-1002,MAIN,sale,12
2025-10-25,P-1003,MAIN,sale,5
2025-10-25,P-1004,MAIN,sale,7
2025-10-25,P-1007,MAIN,sale,22
2025-10-25,P-1008,MAIN,sale,14
2025-10-25,P-1009,MAIN,sale,4
2025-10-25,P-1010,MAIN,sale,3
2025-10-25,P-1013,MAIN,sale,27
2025-10-25,P-1014,MAIN,sale,2
2025-10-25,P-1015,MAIN,sale,6
2025-10-25,P-1016,MAIN,sale,6
2025-10-25,P-1017,MAIN,sale,1
2025-10-25,P-1018,MAIN,receipt,18
2025-10-25,P-1019,MAIN,sale,27
2025-10-25,P-1020,MAIN,sale,3
2025-10-25,P-1021,MAIN,sale,3
2025-10-25,P-1022,MAIN,sale,3
2025-10-27,P-1001,MAIN,sale,62
2025-10-27,P-1002,MAIN,sale,18
2025-10-27,P-1003,MAIN,sale,7
2025-10-27,P-1004,MAIN,sale,13
2025-10-27,P-1006,MAIN,sale,1
2025-10-27,P-1007,MAIN,sale,60
2025-10-27,P-1008,MAIN,receipt,312
2025-10-27,P-1008,MAIN,sale,23
2025-10-27,P-1009,MAIN,sale,10
2025-10-27,P-1010,MAIN,receipt,90
2025-10-27,P-1010,MAIN,sale,7
2025-10-27,P-1011,MAIN,sale,1
2025-10-27,P-1013,MAIN,receipt,444
2025-10-27,P-1013,MAIN,sale,30
2025-10-27,P-1014,MAIN,sale,8
2025-10-27,P-1015,MAIN,sale,14
2025-10-27,P-1016,MAIN,receipt,102
2025-10-27,P-1016,MAIN,sale,12
2025-10-27,P-1017,MAIN,receipt,17
2025-10-27,P-1018,MAIN,sale,2
2025-10-27,P-1019,MAIN,sale,90
2025-10-27,P-1020,MAIN,sale,7
2025-10-27,P-1021,MAIN,receipt,156
2025-10-27,P-1021,MAIN,sale,11
2025-10-27,P-1022,MAIN,sale,8
2025-10-28,P-1001,MAIN,sale,41
2025-10-28,P-1003,MAIN,sale,10
2025-10-28,P-1004,MAIN,sale,8
2025-10-28,P-1006,MAIN,sale,1
2025-10-28,P-1007,MAIN,sale,41
2025-10-28,P-1008,MAIN,sale,17
2025-10-28,P-1009,MAIN,sale,10
2025-10-28,P-1010,MAIN,sale,4
2025-10-28,P-1013,MAIN,sale,46
2025-10-28,P-1014,MAIN,sale,7
2025-10-28,P-1015,MAIN,sale,10
2025-10-28,P-1016,MAIN,sale,6
2025-10-28,P-1018,MAIN,sale,1
2025-10-28,P-1019,MAIN,sale,61
2025-10-28,P-1020,MAIN,sale,3
2025-10-28,P-1021,MAIN,sale,9
2025-10-28,P-1022,MAIN,sale,5
2025-10-28,P-1023,MAIN,sale,1
2025-10-28,P-1024,MAIN,sale,1
2025-10-29,P-1001,MAIN,sale,30
2025-10-29,P-1003,MAIN,sale,12
2025-10-29,P-1004,MAIN,sale,8
2025-10-29,P-1005,MAIN,sale,2
2025-10-29,P-1007,MAIN,sale,66
2025-10-29,P-1008,MAIN,sale,36
2025-10-29,P-1009,MAIN,sale,6
2025-10-29,P-1010,MAIN,sale,7
2025-10-29,P-1011,MAIN,sale,1
2025-10-29,P-1013,MAIN,sale,40
2025-10-29,P-1014,MAIN,sale,10
2025-10-29,P-1015,MAIN,sale,14
2025-10-29,P-1016,MAIN,sale,13
2025-10-29,P-1019,MAIN,sale,84
2025-10-29,P-1020,MAIN,sale,5
2025-10-29,P-1021,MAIN,sale,7
2025-10-29,P-1022,MAIN,sale,4
2025-10-29,P-1023,MAIN,sale,2
2025-10-30,P-1001,MAIN,sale,30
2025-10-30,P-1003,MAIN,sale,6
2025-10-30,P-1004,MAIN,sale,12
2025-10-30,P-1005,MAIN,sale,2
2025-10-30,P-1006,MAIN,sale,1
2025-10-30,P-1007,MAIN,sale,47
2025-10-30,P-1008,MAIN,sale,39
2025-10-30,P-1009,MAIN,sale,10
2025-10-30,P-1010,MAIN,sale,9
2025-10-30,P-1012,MAIN,sale,1
2025-10-30,P-1013,MAIN,sale,37
2025-10-30,P-1014,MAIN,sale,6
2025-10-30,P-1015,MAIN,sale,17
2025-10-30,P-1016,MAIN,sale,7
2025-10-30,P-1017,MAIN,sale,1
2025-10-30,P-1019,MAIN,sale,101
2025-10-30,P-1020,MAIN,sale,3
2025-10-30,P-1021,MAIN,sale,14
2025-10-30,P-1022,MAIN,sale,8
2025-10-31,P-1001,MAIN,sale,45
2025-10-31,P-1003,MAIN,sale,12
2025-10-31,P-1004,MAIN,sale,9
2025-10-31,P-1006,MAIN,sale,1
2025-10-31,P-1007,MAIN,sale,37
2025-10-31,P-1008,MAIN,sale,35
2025-10-31,P-1008,MAIN,return,12
2025-10-31,P-1009,MAIN,sale,9
2025-10-31,P-1010,MAIN,sale,8
2025-10-31,P-1011,MAIN,sale,2
2025-10-31,P-1013,MAIN,sale,46
2025-10-31,P-1014,MAIN,sale,9
2025-10-31,P-1015,MAIN,sale,10
2025-10-31,P-1016,MAIN,sale,10
2025-10-31,P-1017,MAIN,sale,1
2025-10-31,P-1019,MAIN,sale,44
2025-10-31,P-1020,MAIN,sale,5
2025-10-31,P-1021,MAIN,sale,11
2025-10-31,P-1022,MAIN,sale,6
2025-11-01,P-1001,MAIN,sale,23
2025-11-01,P-1003,MAIN,receipt,132
2025-11-01,P-1003,MAIN,sale,5
2025-11-01,P-1004,MAIN,sale,5
2025-11-01,P-1007,MAIN,sale,21
2025-11-01,P-1008,MAIN,sale,14
2025-11-01,P-1009,MAIN,sale,5
2025-11-01,P-1010,MAIN,sale,2
2025-11-01,P-1013,MAIN,sale,29
2025-11-01,P-1014,MAIN,sale,6
2025-11-01,P-1015,MAIN,sale,9
2025-11-01,P-1016,MAIN,sale,3
2025-11-01,P-1018,MAIN,sale,1
2025-11-01,P-1019,MAIN,sale,36
2025-11-01,P-1020,MAIN,sale,3
2025-11-01,P-1021,MAIN,sale,6
2025-11-01,P-1022,MAIN,sale,2
2025-11-01,P-1023,MAIN,sale,1
2025-11-03,P-1001,MAIN,sale,50
2025-11-03,P-1003,MAIN,sale,10
2025-11-03,P-1004,MAIN,sale,12
2025-11-03,P-1005,MAIN,sale,1
2025-11-03,P-1007,MAIN,sale,31
2025-11-03,P-1008,MAIN,sale,30
2025-11-03,P-1009,MAIN,sale,9
2025-11-03,P-1010,MAIN,sale,9
2025-11-03,P-1012,MAIN,sale,1
2025-11-03,P-1013,MAIN,sale,26
2025-11-03,P-1014,MAIN,sale,10
2025-11-03,P-1015,MAIN,sale,11
2025-11-03,P-1016,MAIN,sale,7
2025-11-03,P-1017,MAIN,sale,1
2025-11-03,P-1019,MAIN,sale,63
2025-11-03,P-1020,MAIN,sale,3
2025-11-03,P-1021,MAIN,sale,6
2025-11-03,P-1022,MAIN,receipt,96
2025-11-03,P-1022,MAIN,sale,7
2025-11-03,P-1024,MAIN,sale,1
2025-11-04,P-1001,MAIN,sale,63
2025-11-04,P-1003,MAIN,sale,6
2025-11-04,P-1004,MAIN,sale,16
2025-11-04,P-1008,MAIN,sale,30
2025-11-04,P-1009,MAIN,sale,10
2025-11-04,P-1010,MAIN,sale,8
2025-11-04,P-1011,MAIN,sale,2
2025-11-04,P-1012,MAIN,sale,2
2025-11-04,P-1013,MAIN,sale,29
2025-11-04,P-1014,MAIN,sale,8
2025-11-04,P-1015,MAIN,sale,12
2025-11-04,P-1016,MAIN,sale,13
2025-11-04,P-1019,MAIN,sale,53
2025-11-04,P-1020,MAIN,sale,7
2025-11-04,P-1021,MAIN,sale,13
2025-11-04,P-1022,MAIN,sale,6
2025-11-04,P-1024,MAIN,sale,1
2025-11-05,P-1001,MAIN,sale,35
2025-11-05,P-1003,MAIN,sale,8
2025-11-05,P-1004,MAIN,sale,7
2025-11-05,P-1005,MAIN,sale,1
2025-11-05,P-1008,MAIN,sale,29
2025-11-05,P-1009,MAIN,sale,9
2025-11-05,P-1010,MAIN,sale,9
2025-11-05,P-1011,MAIN,sale,1
2025-11-05,P-1012,MAIN,sale,2
2025-11-05,P-1013,MAIN,sale,52
2025-11-05,P-1014,MAIN,sale,6
2025-11-05,P-1015,MAIN,sale,8
2025-11-05,P-1016,MAIN,sale,7
2025-11-05,P-1019,MAIN,sale,62
2025-11-05,P-1020,MAIN,sale,7
2025-11-05,P-1021,MAIN,sale,13
2025-11-05,P-1022,MAIN,sale,6
2025-11-06,P-1001,MAIN,receipt,516
2025-11-06,P-1001,MAIN,sale,39
2025-11-06,P-1003,MAIN,sale,12
2025-11-06,P-1004,MAIN,sale,11
2025-11-06,P-1005,MAIN,sale,1
2025-11-06,P-1006,MAIN,sale,1
2025-11-06,P-1008,MAIN,sale,20
2025-11-06,P-1009,MAIN,sale,6
2025-11-06,P-1010,MAIN,sale,8
2025-11-06,P-1011,MAIN,sale,1
2025-11-06,P-1013,MAIN,sale,48
2025-11-06,P-1014,MAIN,sale,5
2025-11-06,P-1015,MAIN,sale,16
2025-11-06,P-1016,MAIN,sale,12
2025-11-06,P-1017,MAIN,sale,2
2025-11-06,P-1019,MAIN,sale,67
2025-11-06,P-1020,MAIN,sale,3
2025-11-06,P-1021,MAIN,sale,6
2025-11-06,P-1022,MAIN,sale,5
2025-11-06,P-1023,MAIN,sale,1
2025-11-06,P-1024,MAIN,sale,1
2025-11-07,P-1001,MAIN,sale,49
2025-11-07,P-1003,MAIN,sale,13
2025-11-07,P-1004,MAIN,sale,9
2025-11-07,P-1005,MAIN,sale,1
2025-11-07,P-1008,MAIN,sale,25
2025-11-07,P-1009,MAIN,sale,10
2025-11-07,P-1010,MAIN,sale,9
2025-11-07,P-1013,MAIN,sale,52
2025-11-07,P-1014,MAIN,sale,7
2025-11-07,P-1015,MAIN,sale,10
2025-11-07,P-1016,MAIN,sale,10
2025-11-07,P-1019,MAIN,sale,61
2025-11-07,P-1020,MAIN,sale,6
2025-11-07,P-1021,MAIN,sale,13
2025-11-07,P-1022,MAIN,sale,9
2025-11-07,P-1023,MAIN,sale,2
2025-11-08,P-1001,MAIN,sale,16
2025-11-08,P-1003,MAIN,sale,7
2025-11-08,P-1004,MAIN,sale,6
2025-11-08,P-1005,MAIN,sale,1
2025-11-08,P-1008,MAIN,sale,9
2025-11-08,P-1009,MAIN,sale,4
2025-11-08,P-1010,MAIN,sale,3
2025-11-08,P-1012,MAIN,sale,1
2025-11-08,P-1013,MAIN,sale,23
2025-11-08,P-1014,MAIN,sale,5
2025-11-08,P-1015,MAIN,sale,6
2025-11-08,P-1016,MAIN,sale,7
2025-11-08,P-1017,MAIN,sale,1
2025-11-08,P-1018,MAIN,sale,1
2025-11-08,P-1019,MAIN,sale,27
2025-11-08,P-1020,MAIN,sale,2
2025-11-08,P-1021,MAIN,sale,4
2025-11-08,P-1022,MAIN,sale,3
2025-11-10,P-1001,MAIN,sale,56
2025-11-10,P-1002,MAIN,receipt,204
2025-11-10,P-1002,MAIN,sale,19
2025-11-10,P-1003,MAIN,sale,9
2025-11-10,P-1004,MAIN,sale,15
2025-11-10,P-1005,MAIN,receipt,16
2025-11-10,P-1005,MAIN,sale,1
2025-11-10,P-1006,MAIN,receipt,15
2025-11-10,P-1008,MAIN,receipt,300
2025-11-10,P-1008,MAIN,sale,31
2025-11-10,P-1009,MAIN,sale,9
2025-11-10,P-1010,MAIN,sale,8
2025-11-10,P-1013,MAIN,receipt,456
2025-11-10,P-1013,MAIN,sale,62
2025-11-10,P-1014,MAIN,sale,9
2025-11-10,P-1015,MAIN,sale,8
2025-11-10,P-1016,MAIN,receipt,96
2025-11-10,P-1016,MAIN,sale,10
2025-11-10,P-1017,MAIN,sale,2
2025-11-10,P-1019,MAIN,sale,54
2025-11-10,P-1020,MAIN,receipt,78
2025-11-10,P-1020,MAIN,sale,3
2025-11-10,P-1021,MAIN,sale,11
2025-11-10,P-1022,MAIN,sale,4
2025-11-10,P-1023,MAIN,receipt,18
2025-11-10,P-1023,MAIN,sale,2
2025-11-10,P-1024,MAIN,sale,2
2025-11-11,P-1001,MAIN,sale,39
2025-11-11,P-1002,MAIN,sale,31
2025-11-11,P-1003,MAIN,sale,9
2025-11-11,P-1004,MAIN,sale,9
2025-11-11,P-1008,MAIN,sale,40
2025-11-11,P-1009,MAIN,sale,6
2025-11-11,P-1010,MAIN,sale,8
2025-11-11,P-1011,MAIN,sale,1
2025-11-11,P-1012,MAIN,sale,2
2025-11-11,P-1013,MAIN,sale,46
2025-11-11,P-1014,MAIN,sale,10
2025-11-11,P-1015,MAIN,sale,19
2025-11-11,P-1016,MAIN,sale,10
2025-11-11,P-1017,MAIN,sale,2
2025-11-11,P-1018,MAIN,sale,2
2025-11-11,P-1019,MAIN,sale,89
2025-11-11,P-1020,MAIN,sale,6
2025-11-11,P-1021,MAIN,sale,7
2025-11-11,P-1022,MAIN,sale,7
2025-11-11,P-1023,MAIN,sale,1
2025-11-12,P-1001,MAIN,sale,26
2025-11-12,P-1002,MAIN,sale,28
2025-11-12,P-1003,MAIN,sale,8
2025-11-12,P-1004,MAIN,sale,16
2025-11-12,P-1008,MAIN,sale,16
2025-11-12,P-1009,MAIN,sale,9
2025-11-12,P-1010,MAIN,sale,6
2025-11-12,P-1011,MAIN,sale,1
2025-11-12,P-1013,MAIN,sale,55
2025-11-12,P-1014,MAIN,sale,10
2025-11-12,P-1015,MAIN,sale,17
2025-11-12,P-1016,MAIN,sale,12
2025-11-12,P-1017,MAIN,sale,1
2025-11-12,P-1019,MAIN,sale,44
2025-11-12,P-1020,MAIN,sale,5
2025-11-12,P-1021,MAIN,sale,6
2025-11-12,P-1022,MAIN,sale,6
2025-11-13,P-1001,MAIN,sale,44
2025-11-13,P-1002,MAIN,sale,32
2025-11-13,P-1003,MAIN,sale,13
2025-11-13,P-1004,MAIN,sale,10
2025-11-13,P-1005,MAIN,sale,2
2025-11-13,P-1008,MAIN,sale,30
2025-11-13,P-1009,MAIN,sale,5
2025-11-13,P-1010,MAIN,sale,8
2025-11-13,P-1013,MAIN,sale,52
2025-11-13,P-1014,MAIN,sale,5
2025-11-13,P-1015,MAIN,receipt,216
2025-11-13,P-1015,MAIN,sale,15
2025-11-13,P-1016,MAIN,sale,7
2025-11-13,P-1018,MAIN,sale,1
2025-11-13,P-1019,MAIN,sale,75
2025-11-13,P-1020,MAIN,sale,4
2025-11-13,P-1021,MAIN,sale,7
2025-11-13,P-1022,MAIN,sale,8
2025-11-14,P-1001,MAIN,sale,67
2025-11-14,P-1002,MAIN,sale,25
2025-11-14,P-1003,MAIN,sale,12
2025-11-14,P-1004,MAIN,sale,15
2025-11-14,P-1005,MAIN,sale,2
2025-11-14,P-1006,MAIN,sale,1
2025-11-14,P-1008,MAIN,sale,19
2025-11-14,P-1009,MAIN,sale,9
2025-11-14,P-1010,MAIN,receipt,84
2025-11-14,P-1010,MAIN,sale,8
2025-11-14,P-1013,MAIN,sale,59
2025-11-14,P-1014,MAIN,sale,5
2025-11-14,P-1015,MAIN,sale,18
2025-11-14,P-1016,MAIN,sale,8
2025-11-14,P-1017,MAIN,sale,2
2025-11-14,P-1019,MAIN,sale,60
2025-11-14,P-1020,MAIN,sale,4
2025-11-14,P-1020,MAIN,return,4
2025-11-14,P-1021,MAIN,sale,15
2025-11-14,P-1022,MAIN,sale,6
2025-11-14,P-1023,MAIN,sale,2
2025-11-14,P-1024,MAIN,sale,2
2025-11-15,P-1001,MAIN,sale,16
2025-11-15,P-1002,MAIN,sale,7
2025-11-15,P-1003,MAIN,sale,6
2025-11-15,P-1004,MAIN,sale,6
2025-11-15,P-1007,MAIN,receipt,384
2025-11-15,P-1007,MAIN,sale,37
2025-11-15,P-1008,MAIN,sale,13
2025-11-15,P-1009,MAIN,sale,2
2025-11-15,P-1010,MAIN,sale,4
2025-11-15,P-1011,MAIN,sale,1
2025-11-15,P-1012,MAIN,sale,1
2025-11-15,P-1013,MAIN,sale,26
2025-11-15,P-1014,MAIN,sale,3
2025-11-15,P-1015,MAIN,sale,9
2025-11-15,P-1016,MAIN,sale,5
2025-11-15,P-1017,MAIN,sale,1
2025-11-15,P-1019,MAIN,sale,38
2025-11-15,P-1020,MAIN,sale,2
2025-11-15,P-1021,MAIN,sale,6
2025-11-15,P-1022,MAIN,sale,4
2025-11-15,P-1024,MAIN,sale,1
2025-11-17,P-1001,MAIN,sale,29
2025-11-17,P-1002,MAIN,sale,28
2025-11-17,P-1003,MAIN,sale,8
2025-11-17,P-1004,MAIN,sale,12
2025-11-17,P-1007,MAIN,sale,43
2025-11-17,P-1007,MAIN,return,12
2025-11-17,P-1008,MAIN,sale,36
2025-11-17,P-1009,MAIN,sale,10
2025-11-17,P-1010,MAIN,sale,4
2025-11-17,P-1012,MAIN,sale,2
2025-11-17,P-1013,MAIN,sale,42
2025-11-17,P-1014,MAIN,sale,5
2025-11-17,P-1015,MAIN,sale,14
2025-11-17,P-1016,MAIN,sale,7
2025-11-17,P-1017,MAIN,sale,1
2025-11-17,P-1019,MAIN,sale,96
2025-11-17,P-1020,MAIN,sale,4
2025-11-17,P-1021,MAIN,receipt,162
2025-11-17,P-1021,MAIN,sale,10
2025-11-17,P-1022,MAIN,receipt,78
2025-11-17,P-1022,MAIN,sale,7
2025-11-17,P-1024,MAIN,sale,1
2025-11-18,P-1001,MAIN,sale,62
2025-11-18,P-1002,MAIN,sale,26
2025-11-18,P-1003,MAIN,sale,10
2025-11-18,P-1004,MAIN,sale,15
2025-11-18,P-1005,MAIN,sale,1
2025-11-18,P-1007,MAIN,sale,45
2025-11-18,P-1008,MAIN,sale,22
2025-11-18,P-1009,MAIN,sale,6
2025-11-18,P-1010,MAIN,sale,9
2025-11-18,P-1013,MAIN,sale,51
2025-11-18,P-1014,MAIN,sale,5
2025-11-18,P-1015,MAIN,sale,12
2025-11-18,P-1016,MAIN,sale,5
2025-11-18,P-1019,MAIN,sale,84
2025-11-18,P-1020,MAIN,sale,4
2025-11-18,P-1021,MAIN,sale,8
2025-11-18,P-1022,MAIN,sale,9
2025-11-18,P-1024,MAIN,sale,1
2025-11-19,P-1001,MAIN,sale,31
2025-11-19,P-1002,MAIN,sale,8
2025-11-19,P-1003,MAIN,sale,11
2025-11-19,P-1004,MAIN,sale,15
2025-11-19,P-1005,MAIN,sale,1
2025-11-19,P-1006,MAIN,sale,1
2025-11-19,P-1007,MAIN,sale,55
2025-11-19,P-1008,MAIN,sale,28
2025-11-19,P-1009,MAIN,sale,10
2025-11-19,P-1010,MAIN,sale,4
2025-11-19,P-1011,MAIN,sale,2
2025-11-19,P-1013,MAIN,sale,59
2025-11-19,P-1014,MAIN,sale,7
2025-11-19,P-1015,MAIN,sale,15
2025-11-19,P-1016,MAIN,sale,11
2025-11-19,P-1017,MAIN,sale,2
2025-11-19,P-1019,MAIN,sale,71
2025-11-19,P-1020,MAIN,sale,3
2025-11-19,P-1021,MAIN,sale,8
2025-11-19,P-1022,MAIN,sale,9
2025-11-19,P-1023,MAIN,sale,1
2025-11-20,P-1001,MAIN,receipt,480
2025-11-20,P-1001,MAIN,sale,42
2025-11-20,P-1003,MAIN,sale,14
2025-11-20,P-1004,MAIN,sale,9
2025-11-20,P-1007,MAIN,sale,50
2025-11-20,P-1008,MAIN,sale,19
2025-11-20,P-1009,MAIN,sale,7
2025-11-20,P-1010,MAIN,sale,6
2025-11-20,P-1013,MAIN,sale,67
2025-11-20,P-1014,MAIN,sale,11
2025-11-20,P-1015,MAIN,sale,15
2025-11-20,P-1016,MAIN,sale,8
2025-11-20,P-1019,MAIN,sale,68
2025-11-20,P-1020,MAIN,sale,5
2025-11-20,P-1021,MAIN,sale,15
2025-11-20,P-1022,MAIN,sale,7
2025-11-20,P-1024,MAIN,sale,2
2025-11-21,P-1001,MAIN,sale,47
2025-11-21,P-1003,MAIN,sale,10
2025-11-21,P-1004,MAIN,sale,11
2025-11-21,P-1005,MAIN,sale,2
2025-11-21,P-1006,MAIN,sale,1
2025-11-21,P-1007,MAIN,sale,34
2025-11-21,P-1008,MAIN,sale,33
2025-11-21,P-1009,MAIN,sale,6
2025-11-21,P-1010,MAIN,sale,5
2025-11-21,P-1011,MAIN,sale,1
2025-11-21,P-1013,MAIN,sale,65
2025-11-21,P-1014,MAIN,sale,5
2025-11-21,P-1015,MAIN,sale,17
2025-11-21,P-1016,MAIN,sale,11
2025-11-21,P-1017,MAIN,sale,2
2025-11-21,P-1019,MAIN,sale,57
2025-11-21,P-1020,MAIN,sale,4
2025-11-21,P-1021,MAIN,sale,14
2025-11-21,P-1022,MAIN,sale,9
2025-11-21,P-1024,MAIN,sale,1
2025-11-22,P-1001,MAIN,sale,26
2025-11-22,P-1003,MAIN,sale,4
2025-11-22,P-1004,MAIN,sale,7
2025-11-22,P-1007,MAIN,sale,28
2025-11-22,P-1008,MAIN,sale,13
2025-11-22,P-1009,MAIN,sale,4
2025-11-22,P-1010,MAIN,sale,3
2025-11-22,P-1013,MAIN,sale,22
2025-11-22,P-1014,MAIN,sale,6
2025-11-22,P-1015,MAIN,sale,8
2025-11-22,P-1016,MAIN,sale,5
2025-11-22,P-1019,MAIN,sale,49
2025-11-22,P-1020,MAIN,sale,3
2025-11-22,P-1021,MAIN,sale,5
2025-11-22,P-1022,MAIN,sale,2
2025-11-22,P-1023,MAIN,sale,1
2025-11-23,P-1011,MAIN,receipt,14
2025-11-24,P-1001,MAIN,sale,33
2025-11-24,P-1003,MAIN,sale,1
2025-11-24,P-1004,MAIN,sale,10
2025-11-24,P-1005,MAIN,sale,2
2025-11-24,P-1007,MAIN,receipt,312
2025-11-24,P-1007,MAIN,sale,45
2025-11-24,P-1008,MAIN,receipt,288
2025-11-24,P-1008,MAIN,sale,35
2025-11-24,P-1009,MAIN,sale,10
2025-11-24,P-1010,MAIN,receipt,78
2025-11-24,P-1010,MAIN,sale,5
2025-11-24,P-1011,MAIN,sale,1
2025-11-24,P-1013,MAIN,receipt,552
2025-11-24,P-1013,MAIN,sale,31
2025-11-24,P-1014,MAIN,sale,6
2025-11-24,P-1015,MAIN,sale,14
2025-11-24,P-1016,MAIN,receipt,108
2025-11-24,P-1016,MAIN,sale,8
2025-11-24,P-1019,MAIN,sale,65
2025-11-24,P-1020,MAIN,receipt,60
2025-11-24,P-1020,MAIN,sale,7
2025-11-24,P-1021,MAIN,sale,13
2025-11-24,P-1022,MAIN,sale,9
2025-11-24,P-1023,MAIN,sale,1
2025-11-25,P-1001,MAIN,sale,49
2025-11-25,P-1004,MAIN,sale,13
2025-11-25,P-1005,MAIN,sale,2
2025-11-25,P-1006,MAIN,sale,1
2025-11-25,P-1007,MAIN,sale,58
2025-11-25,P-1008,MAIN,sale,34
2025-11-25,P-1009,MAIN,sale,9
2025-11-25,P-1010,MAIN,sale,6
2025-11-25,P-1012,MAIN,sale,1
2025-11-25,P-1013,MAIN,sale,61
2025-11-25,P-1014,MAIN,sale,8
2025-11-25,P-1015,MAIN,sale,19
2025-11-25,P-1016,MAIN,sale,5
2025-11-25,P-1019,MAIN,sale,70
2025-11-25,P-1020,MAIN,sale,5
2025-11-25,P-1021,MAIN,sale,16
2025-11-25,P-1022,MAIN,sale,5
2025-11-25,P-1023,MAIN,sale,1
2025-11-25,P-1024,MAIN,sale,2
2025-11-26,P-1001,MAIN,sale,54
2025-11-26,P-1003,MAIN,receipt,114
2025-11-26,P-1003,MAIN,sale,7
2025-11-26,P-1004,MAIN,sale,8
2025-11-26,P-1007,MAIN,sale,38
2025-11-26,P-1008,MAIN,sale,36
2025-11-26,P-1009,MAIN,sale,8
2025-11-26,P-1010,MAIN,sale,8
2025-11-26,P-1012,MAIN,sale,1
2025-11-26,P-1013,MAIN,sale,57
2025-11-26,P-1014,MAIN,sale,9
2025-11-26,P-1015,MAIN,sale,10
2025-11-26,P-1016,MAIN,sale,10
2025-11-26,P-1017,MAIN,sale,1
2025-11-26,P-1019,MAIN,sale,61
2025-11-26,P-1020,MAIN,sale,7
2025-11-26,P-1021,MAIN,sale,15
2025-11-26,P-1022,MAIN,sale,5
2025-11-26,P-1023,MAIN,sale,1
2025-11-27,P-1001,MAIN,sale,57
2025-11-27,P-1003,MAIN,sale,9
2025-11-27,P-1004,MAIN,sale,10
2025-11-27,P-1007,MAIN,sale,77
2025-11-27,P-1008,MAIN,sale,31
2025-11-27,P-1009,MAIN,sale,7
2025-11-27,P-1010,MAIN,sale,6
2025-11-27,P-1012,MAIN,sale,3
2025-11-27,P-1013,MAIN,sale,34
2025-11-27,P-1014,MAIN,sale,10
2025-11-27,P-1015,MAIN,receipt,150
2025-11-27,P-1015,MAIN,sale,8
2025-11-27,P-1016,MAIN,sale,9
2025-11-27,P-1017,MAIN,receipt,12
2025-11-27,P-1017,MAIN,sale,2
2025-11-27,P-1018,MAIN,sale,2
2025-11-27,P-1019,MAIN,sale,49
2025-11-27,P-1020,MAIN,sale,6
2025-11-27,P-1021,MAIN,sale,16
2025-11-27,P-1022,MAIN,sale,9
2025-11-28,P-1001,MAIN,sale,31
2025-11-28,P-1003,MAIN,sale,11
2025-11-28,P-1004,MAIN,sale,7
2025-11-28,P-1006,MAIN,sale,1
2025-11-28,P-1007,MAIN,sale,56
2025-11-28,P-1008,MAIN,sale,31
2025-11-28,P-1009,MAIN,sale,7
2025-11-28,P-1010,MAIN,sale,7
2025-11-28,P-1013,MAIN,sale,29
2025-11-28,P-1014,MAIN,sale,10
2025-11-28,P-1015,MAIN,sale,8
2025-11-28,P-1016,MAIN,sale,7
2025-11-28,P-1019,MAIN,sale,84
2025-11-28,P-1020,MAIN,sale,6
2025-11-28,P-1021,MAIN,sale,16
2025-11-28,P-1022,MAIN,sale,4
2025-11-28,P-1024,MAIN,sale,2
2025-11-29,P-1001,MAIN,sale,28
2025-11-29,P-1001,MAIN,adjustment,-3
2025-11-29,P-1003,MAIN,sale,7
2025-11-29,P-1003,MAIN,adjustment,-3
2025-11-29,P-1004,MAIN,sale,6
2025-11-29,P-1005,MAIN,adjustment,-3
2025-11-29,P-1006,MAIN,sale,1
2025-11-29,P-1007,MAIN,sale,21
2025-11-29,P-1008,MAIN,sale,8
2025-11-29,P-1009,MAIN,sale,3
2025-11-29,P-1010,MAIN,sale,4
2025-11-29,P-1010,MAIN,adjustment,-3
2025-11-29,P-1011,MAIN,sale,1
2025-11-29,P-1013,MAIN,sale,30
2025-11-29,P-1014,MAIN,sale,5
2025-11-29,P-1014,MAIN,adjustment,-1
2025-11-29,P-1015,MAIN,sale,9
2025-11-29,P-1016,MAIN,sale,5
2025-11-29,P-1016,MAIN,adjustment,-3
2025-11-29,P-1017,MAIN,adjustment,-2
2025-11-29,P-1019,MAIN,sale,40
2025-11-29,P-1020,MAIN,sale,3
2025-11-29,P-1021,MAIN,sale,5
2025-11-29,P-1022,MAIN,sale,4
2025-11-29,P-1023,MAIN,adjustment,-3
2025-11-30,P-1012,MAIN,receipt,13
2025-12-01,P-1001,MAIN,sale,26
2025-12-01,P-1003,MAIN,sale,7
2025-12-01,P-1004,MAIN,sale,10
2025-12-01,P-1005,MAIN,sale,2
2025-12-01,P-1007,MAIN,sale,65
2025-12-01,P-1008,MAIN,sale,18
2025-12-01,P-1009,MAIN,sale,8
2025-12-01,P-1010,MAIN,sale,6
2025-12-01,P-1012,MAIN,sale,2
2025-12-01,P-1013,MAIN,sale,45
2025-12-01,P-1014,MAIN,sale,8
2025-12-01,P-1015,MAIN,sale,10
2025-12-01,P-1016,MAIN,sale,12
2025-12-01,P-1018,MAIN,sale,1
2025-12-01,P-1019,MAIN,sale,94
2025-12-01,P-1020,MAIN,sale,4
2025-12-01,P-1021,MAIN,sale,10
2025-12-01,P-1022,MAIN,sale,8
2025-12-02,P-1001,MAIN,sale,67
2025-12-02,P-1003,MAIN,sale,6
2025-12-02,P-1004,MAIN,sale,16
2025-12-02,P-1007,MAIN,sale,52
2025-12-02,P-1008,MAIN,sale,40
2025-12-02,P-1009,MAIN,sale,7
2025-12-02,P-1010,MAIN,sale,6
2025-12-02,P-1013,MAIN,sale,59
2025-12-02,P-1014,MAIN,sale,10
2025-12-02,P-1015,MAIN,sale,13
2025-12-02,P-1016,MAIN,sale,7
2025-12-02,P-1017,MAIN,sale,1
2025-12-02,P-1019,MAIN,sale,95
2025-12-02,P-1019,MAIN,return,12
2025-12-02,P-1020,MAIN,sale,5
2025-12-02,P-1021,MAIN,sale,13
2025-12-02,P-1022,MAIN,sale,7
2025-12-02,P-1023,MAIN,sale,2
2025-12-03,P-1001,MAIN,sale,64
2025-12-03,P-1003,MAIN,sale,12
2025-12-03,P-1004,MAIN,sale,9
2025-12-03,P-1006,MAIN,sale,1
2025-12-03,P-1007,MAIN,sale,4
2025-12-03,P-1008,MAIN,sale,29
2025-12-03,P-1009,MAIN,sale,9
2025-12-03,P-1010,MAIN,sale,3
2025-12-03,P-1012,MAIN,sale,1
2025-12-03,P-1013,MAIN,sale,60
2025-12-03,P-1014,MAIN,sale,8
2025-12-03,P-1015,MAIN,sale,18
2025-12-03,P-1016,MAIN,sale,9
2025-12-03,P-1018,MAIN,sale,1
2025-12-03,P-1019,MAIN,sale,85
2025-12-03,P-1020,MAIN,sale,5
2025-12-03,P-1021,MAIN,sale,16
2025-12-03,P-1022,MAIN,sale,5
2025-12-03,P-1022,MAIN,return,5
2025-12-03,P-1023,MAIN,sale,2
2025-12-03,P-1024,MAIN,sale,1
2025-12-04,P-1001,MAIN,sale,34
2025-12-04,P-1003,MAIN,sale,7
2025-12-04,P-1004,MAIN,sale,9
2025-12-04,P-1008,MAIN,sale,28
2025-12-04,P-1009,MAIN,sale,6
2025-12-04,P-1010,MAIN,sale,8
2025-12-04,P-1011,MAIN,sale,2
2025-12-04,P-1012,MAIN,sale,1
2025-12-04,P-1013,MAIN,sale,55
2025-12-04,P-1014,MAIN,sale,12
2025-12-04,P-1015,MAIN,sale,9
2025-12-04,P-1016,MAIN,sale,9
2025-12-04,P-1019,MAIN,sale,86
2025-12-04,P-1020,MAIN,sale,6
2025-12-04,P-1021,MAIN,sale,16
2025-12-04,P-1022,MAIN,sale,5
2025-12-04,P-1023,MAIN,sale,1
2025-12-05,P-1001,MAIN,sale,46
2025-12-05,P-1003,MAIN,sale,7
2025-12-05,P-1004,MAIN,sale,12
2025-12-05,P-1005,MAIN,sale,2
2025-12-05,P-1008,MAIN,sale,35
2025-12-05,P-1009,MAIN,sale,7
2025-12-05,P-1010,MAIN,sale,8
2025-12-05,P-1012,MAIN,sale,2
2025-12-05,P-1013,MAIN,sale,51
2025-12-05,P-1014,MAIN,sale,5
2025-12-05,P-1015,MAIN,sale,11
2025-12-05,P-1016,MAIN,sale,8
2025-12-05,P-1018,MAIN,sale,2
2025-12-05,P-1019,MAIN,sale,54
2025-12-05,P-1020,MAIN,sale,7
2025-12-05,P-1021,MAIN,sale,16
2025-12-05,P-1022,MAIN,sale,4
2025-12-05,P-1024,MAIN,sale,1
2025-12-06,P-1001,MAIN,sale,14
2025-12-06,P-1002,MAIN,receipt,168
2025-12-06,P-1002,MAIN,sale,8
2025-12-06,P-1003,MAIN,receipt,150
2025-12-06,P-1003,MAIN,sale,4
2025-12-06,P-1004,MAIN,sale,6
2025-12-06,P-1005,MAIN,sale,1
2025-12-06,P-1008,MAIN,sale,8
2025-12-06,P-1009,MAIN,sale,5
2025-12-06,P-1010,MAIN,sale,4
2025-12-06,P-1012,MAIN,sale,1
2025-12-06,P-1013,MAIN,sale,24
2025-12-06,P-1014,MAIN,sale,6
2025-12-06,P-1015,MAIN,sale,4
2025-12-06,P-1016,MAIN,sale,4
2025-12-06,P-1017,MAIN,sale,1
2025-12-06,P-1019,MAIN,sale,36
2025-12-06,P-1020,MAIN,sale,4
2025-12-06,P-1021,MAIN,sale,8
2025-12-06,P-1023,MAIN,sale,1
2025-12-06,P-1024,MAIN,sale,1
2025-12-08,P-1001,MAIN,sale,29
2025-12-08,P-1002,MAIN,sale,11
2025-12-08,P-1003,MAIN,sale,12
2025-12-08,P-1004,MAIN,sale,8
2025-12-08,P-1005,MAIN,receipt,17
2025-12-08,P-1006,MAIN,sale,1
2025-12-08,P-1007,MAIN,receipt,576
2025-12-08,P-1007,MAIN,sale,57
2025-12-08,P-1008,MAIN,receipt,312
2025-12-08,P-1008,MAIN,sale,40
2025-12-08,P-1009,MAIN,sale,7
2025-12-08,P-1010,MAIN,receipt,78
2025-12-08,P-1010,MAIN,sale,7
2025-12-08,P-1011,MAIN,sale,1
2025-12-08,P-1013,MAIN,receipt,552
2025-12-08,P-1013,MAIN,sale,70
2025-12-08,P-1014,MAIN,sale,8
2025-12-08,P-1015,MAIN,sale,9
2025-12-08,P-1016,MAIN,sale,5
2025-12-08,P-1018,MAIN,sale,1
2025-12-08,P-1019,MAIN,sale,96
2025-12-08,P-1020,MAIN,sale,7
2025-12-08,P-1021,MAIN,receipt,162
2025-12-08,P-1021,MAIN,sale,15
2025-12-08,P-1022,MAIN,receipt,102
2025-12-08,P-1022,MAIN,sale,4
2025-12-08,P-1023,MAIN,receipt,15
2025-12-08,P-1024,MAIN,sale,2
2025-12-09,P-1001,MAIN,sale,44
2025-12-09,P-1002,MAIN,sale,16
2025-12-09,P-1003,MAIN,sale,11
2025-12-09,P-1004,MAIN,sale,11
2025-12-09,P-1007,MAIN,sale,72
2025-12-09,P-1008,MAIN,sale,27
2025-12-09,P-1009,MAIN,sale,4
2025-12-09,P-1010,MAIN,sale,6
2025-12-09,P-1012,MAIN,sale,2
2025-12-09,P-1013,MAIN,sale,56
2025-12-09,P-1014,MAIN,sale,8
2025-12-09,P-1015,MAIN,sale,17
2025-12-09,P-1016,MAIN,sale,12
2025-12-09,P-1019,MAIN,sale,39
2025-12-09,P-1020,MAIN,sale,5
2025-12-09,P-1021,MAIN,sale,10
2025-12-09,P-1022,MAIN,sale,9
2025-12-10,P-1001,MAIN,sale,69
2025-12-10,P-1002,MAIN,sale,12
2025-12-10,P-1003,MAIN,sale,7
2025-12-10,P-1004,MAIN,sale,15
2025-12-10,P-1007,MAIN,sale,55
2025-12-10,P-1008,MAIN,sale,37
2025-12-10,P-1009,MAIN,sale,7
2025-12-10,P-1010,MAIN,sale,7
2025-12-10,P-1013,MAIN,sale,63
2025-12-10,P-1014,MAIN,sale,10
2025-12-10,P-1015,MAIN,sale,14
2025-12-10,P-1016,MAIN,sale,8
2025-12-10,P-1019,MAIN,sale,38
2025-12-10,P-1020,MAIN,sale,3
2025-12-10,P-1021,MAIN,sale,14
2025-12-10,P-1022,MAIN,sale,4
2025-12-10,P-1023,MAIN,sale,1
2025-12-11,P-1001,MAIN,receipt,708
2025-12-11,P-1001,MAIN,sale,27
2025-12-11,P-1002,MAIN,sale,27
2025-12-11,P-1003,MAIN,sale,8
2025-12-11,P-1004,MAIN,sale,13
2025-12-11,P-1005,MAIN,sale,2
2025-12-11,P-1007,MAIN,sale,33
2025-12-11,P-1008,MAIN,sale,18
2025-12-11,P-1009,MAIN,sale,10
2025-12-11,P-1010,MAIN,sale,5
2025-12-11,P-1013,MAIN,sale,47
2025-12-11,P-1014,MAIN,sale,10
2025-12-11,P-1015,MAIN,sale,9
2025-12-11,P-1016,MAIN,sale,10
2025-12-11,P-1019,MAIN,sale,55
2025-12-11,P-1020,MAIN,sale,4
2025-12-11,P-1021,MAIN,sale,12
2025-12-11,P-1022,MAIN,sale,6
2025-12-11,P-1024,MAIN,sale,2
2025-12-12,P-1001,MAIN,sale,42
2025-12-12,P-1002,MAIN,sale,19
2025-12-12,P-1003,MAIN,sale,14
2025-12-12,P-1004,MAIN,sale,8
2025-12-12,P-1007,MAIN,sale,77
2025-12-12,P-1008,MAIN,sale,36
2025-12-12,P-1009,MAIN,sale,5
2025-12-12,P-1010,MAIN,sale,5
2025-12-12,P-1011,MAIN,sale,1
2025-12-12,P-1013,MAIN,sale,38
2025-12-12,P-1014,MAIN,sale,9
2025-12-12,P-1015,MAIN,sale,15
2025-12-12,P-1016,MAIN,sale,10
2025-12-12,P-1018,MAIN,sale,2
2025-12-12,P-1019,MAIN,sale,87
2025-12-12,P-1020,MAIN,sale,6
2025-12-12,P-1021,MAIN,sale,13
2025-12-12,P-1022,MAIN,sale,4
2025-12-13,P-1001,MAIN,sale,22
2025-12-13,P-1002,MAIN,sale,11
2025-12-13,P-1003,MAIN,sale,7
2025-12-13,P-1004,MAIN,sale,6
2025-12-13,P-1005,MAIN,sale,1
2025-12-13,P-1007,MAIN,sale,43
2025-12-13,P-1008,MAIN,sale,9
2025-12-13,P-1009,MAIN,sale,4
2025-12-13,P-1010,MAIN,sale,2
2025-12-13,P-1013,MAIN,sale,32
2025-12-13,P-1014,MAIN,sale,6
2025-12-13,P-1015,MAIN,sale,4
2025-12-13,P-1016,MAIN,sale,3
2025-12-13,P-1018,MAIN,receipt,18
2025-12-13,P-1018,MAIN,sale,1
2025-12-13,P-1019,MAIN,sale,48
2025-12-13,P-1020,MAIN,sale,4
2025-12-13,P-1021,MAIN,sale,4
2025-12-13,P-1022,MAIN,sale,4
2025-12-15,P-1001,MAIN,sale,69
2025-12-15,P-1002,MAIN,sale,19
2025-12-15,P-1003,MAIN,sale,11
2025-12-15,P-1004,MAIN,sale,9
2025-12-15,P-1007,MAIN,sale,73
2025-12-15,P-1008,MAIN,sale,17
2025-12-15,P-1009,MAIN,sale,10
2025-12-15,P-1010,MAIN,sale,8
2025-12-15,P-1012,MAIN,receipt,12
2025-12-15,P-1013,MAIN,sale,34
2025-12-15,P-1014,MAIN,sale,7
2025-12-15,P-1015,MAIN,sale,18
2025-12-15,P-1016,MAIN,sale,6
2025-12-15,P-1017,MAIN,sale,1
2025-12-15,P-1019,MAIN,sale,80
2025-12-15,P-1020,MAIN,receipt,72
2025-12-15,P-1020,MAIN,sale,6
2025-12-15,P-1021,MAIN,sale,17
2025-12-15,P-1022,MAIN,sale,9
2025-12-16,P-1001,MAIN,sale,39
2025-12-16,P-1002,MAIN,sale,23
2025-12-16,P-1003,MAIN,sale,9
2025-12-16,P-1004,MAIN,sale,12
2025-12-16,P-1007,MAIN,sale,68
2025-12-16,P-1008,MAIN,sale,23
2025-12-16,P-1009,MAIN,sale,9
2025-12-16,P-1010,MAIN,sale,6
2025-12-16,P-1011,MAIN,sale,1
2025-12-16,P-1012,MAIN,sale,2
2025-12-16,P-1013,MAIN,sale,55
2025-12-16,P-1014,MAIN,sale,7
2025-12-16,P-1015,MAIN,sale,18
2025-12-16,P-1016,MAIN,sale,9
2025-12-16,P-1019,MAIN,sale,44
2025-12-16,P-1020,MAIN,sale,3
2025-12-16,P-1021,MAIN,sale,12
2025-12-16,P-1022,MAIN,sale,10
2025-12-16,P-1024,MAIN,sale,1
2025-12-17,P-1001,MAIN,sale,28
2025-12-17,P-1002,MAIN,sale,12
2025-12-17,P-1003,MAIN,sale,10
2025-12-17,P-1004,MAIN,sale,10
2025-12-17,P-1005,MAIN,sale,2
2025-12-17,P-1007,MAIN,sale,35
2025-12-17,P-1008,MAIN,sale,17
2025-12-17,P-1009,MAIN,sale,11
2025-12-17,P-1010,MAIN,sale,7
2025-12-17,P-1013,MAIN,sale,53
2025-12-17,P-1014,MAIN,sale,5
2025-12-17,P-1015,MAIN,sale,17
2025-12-17,P-1016,MAIN,sale,7
2025-12-17,P-1018,MAIN,sale,1
2025-12-17,P-1019,MAIN,sale,98
2025-12-17,P-1020,MAIN,sale,4
2025-12-17,P-1021,MAIN,sale,9
2025-12-17,P-1022,MAIN,sale,4
2025-12-18,P-1001,MAIN,sale,39
2025-12-18,P-1002,MAIN,sale,10
2025-12-18,P-1003,MAIN,sale,7
2025-12-18,P-1004,MAIN,sale,7
2025-12-18,P-1007,MAIN,sale,63
2025-12-18,P-1008,MAIN,sale,24
2025-12-18,P-1009,MAIN,sale,9
2025-12-18,P-1010,MAIN,sale,5
2025-12-18,P-1011,MAIN,sale,2
2025-12-18,P-1013,MAIN,sale,50
2025-12-18,P-1014,MAIN,sale,10
2025-12-18,P-1015,MAIN,receipt,210
2025-12-18,P-1015,MAIN,sale,13
2025-12-18,P-1016,MAIN,sale,1
2025-12-18,P-1017,MAIN,sale,2
2025-12-18,P-1019,MAIN,sale,82
2025-12-18,P-1020,MAIN,sale,4
2025-12-18,P-1021,MAIN,sale,18
2025-12-18,P-1022,MAIN,sale,6
2025-12-18,P-1023,MAIN,sale,1
2025-12-18,P-1024,MAIN,sale,2
2025-12-19,P-1001,MAIN,sale,42
2025-12-19,P-1003,MAIN,sale,9
2025-12-19,P-1004,MAIN,sale,9
2025-12-19,P-1005,MAIN,sale,2
2025-12-19,P-1006,MAIN,sale,1
2025-12-19,P-1008,MAIN,sale,35
2025-12-19,P-1009,MAIN,sale,4
2025-12-19,P-1010,MAIN,sale,3
2025-12-19,P-1011,MAIN,sale,2
2025-12-19,P-1012,MAIN,sale,2
2025-12-19,P-1013,MAIN,sale,50
2025-12-19,P-1014,MAIN,sale,10
2025-12-19,P-1015,MAIN,sale,11
2025-12-19,P-1016,MAIN,receipt,96
2025-12-19,P-1016,MAIN,sale,6
2025-12-19,P-1019,MAIN,sale,44
2025-12-19,P-1020,MAIN,sale,4
2025-12-19,P-1021,MAIN,sale,10
2025-12-19,P-1022,MAIN,sale,5
2025-12-20,P-1001,MAIN,sale,21
2025-12-20,P-1003,MAIN,sale,7
2025-12-20,P-1004,MAIN,sale,5
2025-12-20,P-1008,MAIN,sale,9
2025-12-20,P-1009,MAIN,sale,3
2025-12-20,P-1010,MAIN,sale,2
2025-12-20,P-1012,MAIN,sale,1
2025-12-20,P-1013,MAIN,sale,36
2025-12-20,P-1014,MAIN,sale,4
2025-12-20,P-1015,MAIN,sale,9
2025-12-20,P-1016,MAIN,sale,5
2025-12-20,P-1017,MAIN,receipt,12
2025-12-20,P-1019,MAIN,sale,48
2025-12-20,P-1020,MAIN,sale,2
2025-12-20,P-1021,MAIN,sale,5
2025-12-20,P-1022,MAIN,sale,3
2025-12-20,P-1023,MAIN,sale,1
2025-12-20,P-1024,MAIN,sale,1
2025-12-22,P-1001,MAIN,sale,30
2025-12-22,P-1003,MAIN,sale,13
2025-12-22,P-1004,MAIN,sale,16
2025-12-22,P-1007,MAIN,receipt,468
2025-12-22,P-1007,MAIN,sale,37
2025-12-22,P-1008,MAIN,receipt,324
2025-12-22,P-1008,MAIN,sale,32
2025-12-22,P-1009,MAIN,sale,9
2025-12-22,P-1010,MAIN,sale,8
2025-12-22,P-1011,MAIN,sale,1
2025-12-22,P-1012,MAIN,sale,3
2025-12-22,P-1013,MAIN,sale,64
2025-12-22,P-1014,MAIN,sale,7
2025-12-22,P-1015,MAIN,sale,10
2025-12-22,P-1016,MAIN,receipt,96
2025-12-22,P-1016,MAIN,sale,7
2025-12-22,P-1019,MAIN,sale,52
2025-12-22,P-1020,MAIN,sale,6
2025-12-22,P-1021,MAIN,sale,16
2025-12-22,P-1022,MAIN,receipt,78
2025-12-22,P-1022,MAIN,sale,6
2025-12-23,P-1001,MAIN,sale,61
2025-12-23,P-1003,MAIN,sale,16
2025-12-23,P-1004,MAIN,sale,9
2025-12-23,P-1005,MAIN,sale,1
2025-12-23,P-1007,MAIN,sale,60
2025-12-23,P-1008,MAIN,sale,34
2025-12-23,P-1009,MAIN,sale,9
2025-12-23,P-1010,MAIN,sale,6
2025-12-23,P-1012,MAIN,sale,2
2025-12-23,P-1013,MAIN,sale,35
2025-12-23,P-1014,MAIN,sale,10
2025-12-23,P-1015,MAIN,sale,19
2025-12-23,P-1016,MAIN,sale,12
2025-12-23,P-1018,MAIN,sale,2
2025-12-23,P-1019,MAIN,sale,53
2025-12-23,P-1020,MAIN,sale,7
2025-12-23,P-1021,MAIN,sale,9
2025-12-23,P-1022,MAIN,sale,10
2025-12-23,P-1024,MAIN,sale,2
2025-12-24,P-1001,MAIN,sale,45
2025-12-24,P-1003,MAIN,sale,9
2025-12-24,P-1004,MAIN,sale,9
2025-12-24,P-1006,MAIN,sale,1
2025-12-24,P-1007,MAIN,sale,74
2025-12-24,P-1008,MAIN,sale,17
2025-12-24,P-1009,MAIN,sale,7
2025-12-24,P-1010,MAIN,sale,6
2025-12-24,P-1012,MAIN,sale,2
2025-12-24,P-1013,MAIN,sale,53
2025-12-24,P-1014,MAIN,sale,5
2025-12-24,P-1015,MAIN,sale,19
2025-12-24,P-1016,MAIN,sale,10
2025-12-24,P-1017,MAIN,sale,1
2025-12-24,P-1018,MAIN,sale,2
2025-12-24,P-1019,MAIN,sale,85
2025-12-24,P-1020,MAIN,sale,7
2025-12-24,P-1021,MAIN,sale,10
2025-12-24,P-1022,MAIN,sale,5
2025-12-24,P-1024,MAIN,sale,1
2025-12-25,P-1001,MAIN,receipt,528
2025-12-25,P-1001,MAIN,sale,45
2025-12-25,P-1003,MAIN,sale,8
2025-12-25,P-1004,MAIN,sale,10
2025-12-25,P-1005,MAIN,sale,2
2025-12-25,P-1007,MAIN,sale,81
2025-12-25,P-1008,MAIN,sale,23
2025-12-25,P-1009,MAIN,sale,7
2025-12-25,P-1010,MAIN,sale,4
2025-12-25,P-1012,MAIN,sale,2
2025-12-25,P-1013,MAIN,sale,7
2025-12-25,P-1014,MAIN,sale,11
2025-12-25,P-1015,MAIN,sale,15
2025-12-25,P-1016,MAIN,sale,6
2025-12-25,P-1019,MAIN,sale,64
2025-12-25,P-1020,MAIN,sale,6
2025-12-25,P-1021,MAIN,sale,18
2025-12-25,P-1022,MAIN,sale,10
2025-12-25,P-1024,MAIN,sale,1
2025-12-26,P-1001,MAIN,sale,57
2025-12-26,P-1003,MAIN,sale,7
2025-12-26,P-1004,MAIN,sale,12
2025-12-26,P-1007,MAIN,sale,83
2025-12-26,P-1008,MAIN,sale,29
2025-12-26,P-1009,MAIN,sale,9
2025-12-26,P-1010,MAIN,sale,5
2025-12-26,P-1014,MAIN,sale,10
2025-12-26,P-1015,MAIN,sale,11
2025-12-26,P-1016,MAIN,sale,9
2025-12-26,P-1018,MAIN,sale,2
2025-12-26,P-1019,MAIN,sale,50
2025-12-26,P-1020,MAIN,sale,4
2025-12-26,P-1021,MAIN,sale,8
2025-12-26,P-1022,MAIN,sale,5
2025-12-26,P-1024,MAIN,sale,1
2025-12-27,P-1001,MAIN,sale,27
2025-12-27,P-1003,MAIN,receipt,162
2025-12-27,P-1003,MAIN,sale,3
2025-12-27,P-1004,MAIN,sale,5
2025-12-27,P-1005,MAIN,sale,1
2025-12-27,P-1006,MAIN,sale,1
2025-12-27,P-1007,MAIN,sale,37
2025-12-27,P-1008,MAIN,sale,10
2025-12-27,P-1009,MAIN,sale,3
2025-12-27,P-1010,MAIN,sale,4
2025-12-27,P-1012,MAIN,sale,1
2025-12-27,P-1014,MAIN,sale,5
2025-12-27,P-1015,MAIN,sale,4
2025-12-27,P-1016,MAIN,sale,5
2025-12-27,P-1019,MAIN,sale,48
2025-12-27,P-1020,MAIN,sale,3
2025-12-27,P-1020,MAIN,return,3
2025-12-27,P-1021,MAIN,sale,5
2025-12-27,P-1022,MAIN,sale,4
2025-12-27,P-1023,MAIN,sale,1
2025-12-27,P-1024,MAIN,sale,1
2025-12-28,P-1021,MAIN,receipt,144
2025-12-29,P-1001,MAIN,sale,29
2025-12-29,P-1003,MAIN,sale,8
2025-12-29,P-1004,MAIN,sale,13
2025-12-29,P-1005,MAIN,receipt,16
2025-12-29,P-1005,MAIN,sale,1
2025-12-29,P-1007,MAIN,sale,60
2025-12-29,P-1008,MAIN,sale,17
2025-12-29,P-1009,MAIN,sale,7
2025-12-29,P-1010,MAIN,sale,4
2025-12-29,P-1011,MAIN,sale,2
2025-12-29,P-1014,MAIN,sale,8
2025-12-29,P-1015,MAIN,sale,10
2025-12-29,P-1016,MAIN,sale,6
2025-12-29,P-1017,MAIN,sale,2
2025-12-29,P-1018,MAIN,sale,1
2025-12-29,P-1019,MAIN,receipt,4200
2025-12-29,P-1019,MAIN,sale,70
2025-12-29,P-1020,MAIN,receipt,66
2025-12-29,P-1020,MAIN,sale,3
2025-12-29,P-1021,MAIN,sale,14
2025-12-29,P-1022,MAIN,sale,8
2025-12-29,P-1023,MAIN,sale,1
2025-12-30,P-1001,MAIN,sale,48
2025-12-30,P-1003,MAIN,sale,14
2025-12-30,P-1004,MAIN,sale,15
2025-12-30,P-1007,MAIN,sale,36
2025-12-30,P-1008,MAIN,sale,19
2025-12-30,P-1009,MAIN,sale,5
2025-12-30,P-1010,MAIN,sale,6
2025-12-30,P-1012,MAIN,sale,2
2025-12-30,P-1014,MAIN,sale,12
2025-12-30,P-1015,MAIN,sale,14
2025-12-30,P-1016,MAIN,sale,7
2025-12-30,P-1018,MAIN,sale,2
2025-12-30,P-1019,MAIN,sale,88
2025-12-30,P-1020,MAIN,sale,6
2025-12-30,P-1021,MAIN,sale,12
2025-12-30,P-1022,MAIN,sale,4
2025-12-30,P-1023,MAIN,sale,2
2025-12-31,P-1001,MAIN,sale,48
2025-12-31,P-1003,MAIN,sale,11
2025-12-31,P-1004,MAIN,sale,12
2025-12-31,P-1005,MAIN,sale,1
2025-12-31,P-1006,MAIN,sale,1
2025-12-31,P-1008,MAIN,sale,26
2025-12-31,P-1009,MAIN,sale,4
2025-12-31,P-1010,MAIN,sale,5
2025-12-31,P-1013,MAIN,receipt,588
2025-12-31,P-1013,MAIN,sale,63
2025-12-31,P-1014,MAIN,sale,7
2025-12-31,P-1015,MAIN,sale,19
2025-12-31,P-1016,MAIN,sale,5
2025-12-31,P-1019,MAIN,sale,93
2025-12-31,P-1020,MAIN,sale,3
2025-12-31,P-1021,MAIN,sale,16
2025-12-31,P-1022,MAIN,sale,10
2025-12-31,P-1024,MAIN,sale,2
2026-01-01,P-1001,MAIN,sale,31
2026-01-01,P-1003,MAIN,sale,13
2026-01-01,P-1004,MAIN,sale,10
2026-01-01,P-1008,MAIN,sale,25
2026-01-01,P-1009,MAIN,receipt,474
2026-01-01,P-1009,MAIN,sale,5
2026-01-01,P-1010,MAIN,receipt,72
2026-01-01,P-1010,MAIN,sale,5
2026-01-01,P-1011,MAIN,receipt,18
2026-01-01,P-1012,MAIN,receipt,15
2026-01-01,P-1012,MAIN,sale,2
2026-01-01,P-1013,MAIN,sale,36
2026-01-01,P-1014,MAIN,sale,10
2026-01-01,P-1015,MAIN,receipt,156
2026-01-01,P-1015,MAIN,sale,10
2026-01-01,P-1016,MAIN,sale,11
2026-01-01,P-1018,MAIN,sale,2
2026-01-01,P-1019,MAIN,sale,66
2026-01-01,P-1020,MAIN,sale,6
2026-01-01,P-1021,MAIN,sale,17
2026-01-01,P-1022,MAIN,sale,6
2026-01-02,P-1001,MAIN,sale,31
2026-01-02,P-1002,MAIN,receipt,156
2026-01-02,P-1002,MAIN,sale,24
2026-01-02,P-1003,MAIN,sale,13
2026-01-02,P-1004,MAIN,sale,16
2026-01-02,P-1008,MAIN,sale,25
2026-01-02,P-1009,MAIN,sale,8
2026-01-02,P-1010,MAIN,sale,4
2026-01-02,P-1013,MAIN,sale,75
2026-01-02,P-1013,MAIN,return,12
2026-01-02,P-1014,MAIN,sale,7
2026-01-02,P-1015,MAIN,sale,9
2026-01-02,P-1016,MAIN,sale,10
2026-01-02,P-1019,MAIN,sale,81
2026-01-02,P-1020,MAIN,sale,6
2026-01-02,P-1021,MAIN,sale,14
2026-01-02,P-1022,MAIN,sale,8
2026-01-02,P-1023,MAIN,sale,2
2026-01-03,P-1001,MAIN,sale,30
2026-01-03,P-1002,MAIN,sale,10
2026-01-03,P-1003,MAIN,sale,6
2026-01-03,P-1004,MAIN,sale,3
2026-01-03,P-1005,MAIN,sale,1
2026-01-03,P-1008,MAIN,sale,8
2026-01-03,P-1009,MAIN,sale,3
2026-01-03,P-1010,MAIN,sale,3
2026-01-03,P-1013,MAIN,sale,33
2026-01-03,P-1014,MAIN,sale,4
2026-01-03,P-1015,MAIN,sale,5
2026-01-03,P-1016,MAIN,sale,4
2026-01-03,P-1018,MAIN,sale,1
2026-01-03,P-1019,MAIN,sale,41
2026-01-03,P-1020,MAIN,sale,3
2026-01-03,P-1021,MAIN,sale,8
2026-01-03,P-1022,MAIN,sale,2
2026-01-05,P-1001,MAIN,sale,54
2026-01-05,P-1002,MAIN,sale,19
2026-01-05,P-1003,MAIN,sale,15
2026-01-05,P-1004,MAIN,sale,9
2026-01-05,P-1006,MAIN,sale,2
2026-01-05,P-1007,MAIN,receipt,600
2026-01-05,P-1007,MAIN,sale,61
2026-01-05,P-1008,MAIN,receipt,276
2026-01-05,P-1008,MAIN,sale,20
2026-01-05,P-1009,MAIN,sale,9
2026-01-05,P-1010,MAIN,receipt,72
2026-01-05,P-1010,MAIN,sale,4
2026-01-05,P-1011,MAIN,sale,1
2026-01-05,P-1013,MAIN,sale,77
2026-01-05,P-1014,MAIN,sale,11
2026-01-05,P-1015,MAIN,sale,9
2026-01-05,P-1016,MAIN,sale,7
2026-01-05,P-1019,MAIN,sale,44
2026-01-05,P-1020,MAIN,sale,7
2026-01-05,P-1021,MAIN,sale,18
2026-01-05,P-1022,MAIN,sale,6
2026-01-05,P-1023,MAIN,receipt,14
2026-01-05,P-1024,MAIN,sale,2
2026-01-06,P-1001,MAIN,sale,50
2026-01-06,P-1002,MAIN,sale,17
2026-01-06,P-1003,MAIN,sale,14
2026-01-06,P-1004,MAIN,sale,13
2026-01-06,P-1007,MAIN,sale,39
2026-01-06,P-1008,MAIN,sale,26
2026-01-06,P-1009,MAIN,sale,7
2026-01-06,P-1010,MAIN,sale,5
2026-01-06,P-1012,MAIN,sale,2
2026-01-06,P-1013,MAIN,sale,38
2026-01-06,P-1014,MAIN,sale,10
2026-01-06,P-1015,MAIN,sale,9
2026-01-06,P-1016,MAIN,sale,8
2026-01-06,P-1017,MAIN,receipt,11
2026-01-06,P-1018,MAIN,sale,1
2026-01-06,P-1019,MAIN,sale,68
2026-01-06,P-1020,MAIN,sale,6
2026-01-06,P-1021,MAIN,sale,13
2026-01-06,P-1022,MAIN,sale,10
2026-01-07,P-1001,MAIN,sale,34
2026-01-07,P-1002,MAIN,sale,14
2026-01-07,P-1003,MAIN,sale,15
2026-01-07,P-1004,MAIN,sale,8
2026-01-07,P-1007,MAIN,sale,65
2026-01-07,P-1008,MAIN,sale,35
2026-01-07,P-1009,MAIN,sale,10
2026-01-07,P-1010,MAIN,sale,7
2026-01-07,P-1011,MAIN,sale,1
2026-01-07,P-1013,MAIN,sale,53
2026-01-07,P-1014,MAIN,sale,9
2026-01-07,P-1015,MAIN,sale,18
2026-01-07,P-1016,MAIN,sale,13
2026-01-07,P-1017,MAIN,sale,2
2026-01-07,P-1019,MAIN,sale,37
2026-01-07,P-1020,MAIN,sale,3
2026-01-07,P-1021,MAIN,sale,9
2026-01-07,P-1022,MAIN,sale,5
2026-01-07,P-1023,MAIN,sale,2
2026-01-08,P-1001,MAIN,sale,31
2026-01-08,P-1002,MAIN,sale,17
2026-01-08,P-1003,MAIN,sale,15
2026-01-08,P-1004,MAIN,sale,8
2026-01-08,P-1007,MAIN,sale,97
2026-01-08,P-1008,MAIN,sale,15
2026-01-08,P-1009,MAIN,sale,5
2026-01-08,P-1010,MAIN,sale,3
2026-01-08,P-1013,MAIN,sale,38
2026-01-08,P-1014,MAIN,sale,8
2026-01-08,P-1015,MAIN,sale,16
2026-01-08,P-1016,MAIN,sale,10
2026-01-08,P-1017,MAIN,sale,2
2026-01-08,P-1019,MAIN,sale,61
2026-01-08,P-1020,MAIN,sale,3
2026-01-08,P-1021,MAIN,sale,10
2026-01-08,P-1022,MAIN,sale,9
2026-01-08,P-1023,MAIN,sale,1
2026-01-09,P-1001,MAIN,sale,41
2026-01-09,P-1002,MAIN,sale,16
2026-01-09,P-1003,MAIN,sale,10
2026-01-09,P-1004,MAIN,sale,11
2026-01-09,P-1007,MAIN,sale,97
2026-01-09,P-1008,MAIN,sale,32
2026-01-09,P-1009,MAIN,sale,7
2026-01-09,P-1010,MAIN,sale,5
2026-01-09,P-1012,MAIN,sale,2
2026-01-09,P-1013,MAIN,sale,49
2026-01-09,P-1014,MAIN,sale,8
2026-01-09,P-1015,MAIN,sale,8
2026-01-09,P-1016,MAIN,sale,10
2026-01-09,P-1018,MAIN,sale,1
2026-01-09,P-1019,MAIN,sale,39
2026-01-09,P-1020,MAIN,sale,6
2026-01-09,P-1021,MAIN,sale,10
2026-01-09,P-1022,MAIN,sale,4
2026-01-10,P-1001,MAIN,sale,30
2026-01-10,P-1002,MAIN,sale,5
2026-01-10,P-1003,MAIN,receipt,120
2026-01-10,P-1003,MAIN,sale,9
2026-01-10,P-1004,MAIN,sale,5
2026-01-10,P-1006,MAIN,sale,1
2026-01-10,P-1007,MAIN,sale,40
2026-01-10,P-1008,MAIN,sale,7
2026-01-10,P-1009,MAIN,sale,3
2026-01-10,P-1010,MAIN,sale,1
2026-01-10,P-1011,MAIN,sale,1
2026-01-10,P-1011,MAIN,return,1
2026-01-10,P-1012,MAIN,sale,1
2026-01-10,P-1013,MAIN,sale,29
2026-01-10,P-1014,MAIN,sale,4
2026-01-10,P-1015,MAIN,sale,5
2026-01-10,P-1016,MAIN,sale,5
2026-01-10,P-1017,MAIN,sale,1
2026-01-10,P-1019,MAIN,sale,46
2026-01-10,P-1020,MAIN,sale,2
2026-01-10,P-1021,MAIN,sale,5
2026-01-12,P-1001,MAIN,sale,44
2026-01-12,P-1002,MAIN,sale,10
2026-01-12,P-1003,MAIN,sale,17
2026-01-12,P-1004,MAIN,sale,7
2026-01-12,P-1006,MAIN,receipt,15
2026-01-12,P-1007,MAIN,sale,87
2026-01-12,P-1008,MAIN,sale,28
2026-01-12,P-1009,MAIN,sale,10
2026-01-12,P-1010,MAIN,sale,3
2026-01-12,P-1011,MAIN,sale,1
2026-01-12,P-1013,MAIN,receipt,672
2026-01-12,P-1013,MAIN,sale,40
2026-01-12,P-1014,MAIN,receipt,534
2026-01-12,P-1014,MAIN,sale,8
2026-01-12,P-1015,MAIN,sale,10
2026-01-12,P-1016,MAIN,receipt,126
2026-01-12,P-1016,MAIN,sale,6
2026-01-12,P-1017,MAIN,sale,2
2026-01-12,P-1018,MAIN,sale,2
2026-01-12,P-1019,MAIN,sale,82
2026-01-12,P-1020,MAIN,sale,8
2026-01-12,P-1021,MAIN,receipt,150
2026-01-12,P-1021,MAIN,sale,17
2026-01-12,P-1022,MAIN,receipt,90
2026-01-12,P-1022,MAIN,sale,6
2026-01-13,P-1001,MAIN,sale,59
2026-01-13,P-1002,MAIN,sale,18
2026-01-13,P-1003,MAIN,sale,17
2026-01-13,P-1004,MAIN,sale,12
2026-01-13,P-1005,MAIN,sale,2
2026-01-13,P-1006,MAIN,sale,2
2026-01-13,P-1007,MAIN,sale,99
2026-01-13,P-1008,MAIN,sale,20
2026-01-13,P-1009,MAIN,sale,10
2026-01-13,P-1010,MAIN,sale,6
2026-01-13,P-1012,MAIN,sale,3
2026-01-13,P-1013,MAIN,sale,49
2026-01-13,P-1014,MAIN,sale,10
2026-01-13,P-1015,MAIN,sale,13
2026-01-13,P-1016,MAIN,sale,7
2026-01-13,P-1018,MAIN,sale,2
2026-01-13,P-1019,MAIN,sale,75
2026-01-13,P-1020,MAIN,sale,6
2026-01-13,P-1021,MAIN,sale,18
2026-01-13,P-1022,MAIN,sale,9
2026-01-14,P-1001,MAIN,sale,27
2026-01-14,P-1002,MAIN,sale,6
2026-01-14,P-1003,MAIN,sale,9
2026-01-14,P-1004,MAIN,sale,16
2026-01-14,P-1006,MAIN,sale,1
2026-01-14,P-1006,MAIN,return,1
2026-01-14,P-1007,MAIN,sale,15
2026-01-14,P-1008,MAIN,sale,33
2026-01-14,P-1009,MAIN,sale,8
2026-01-14,P-1010,MAIN,sale,4
2026-01-14,P-1012,MAIN,sale,2
2026-01-14,P-1013,MAIN,sale,53
2026-01-14,P-1014,MAIN,sale,10
2026-01-14,P-1015,MAIN,sale,9
2026-01-14,P-1016,MAIN,sale,6
2026-01-14,P-1019,MAIN,sale,48
2026-01-14,P-1020,MAIN,sale,5
2026-01-14,P-1021,MAIN,sale,8
2026-01-14,P-1022,MAIN,sale,10
2026-01-15,P-1001,MAIN,receipt,708
2026-01-15,P-1001,MAIN,sale,33
2026-01-15,P-1003,MAIN,sale,14
2026-01-15,P-1004,MAIN,sale,16
2026-01-15,P-1008,MAIN,sale,25
2026-01-15,P-1009,MAIN,sale,7
2026-01-15,P-1010,MAIN,sale,6
2026-01-15,P-1012,MAIN,sale,3
2026-01-15,P-1013,MAIN,sale,57
2026-01-15,P-1014,MAIN,sale,7
2026-01-15,P-1015,MAIN,sale,11
2026-01-15,P-1016,MAIN,sale,7
2026-01-15,P-1019,MAIN,sale,83
2026-01-15,P-1020,MAIN,sale,6
2026-01-15,P-1021,MAIN,sale,10
2026-01-15,P-1022,MAIN,sale,10
2026-01-15,P-1024,MAIN,sale,2
2026-01-16,P-1001,MAIN,sale,28
2026-01-16,P-1003,MAIN,sale,9
2026-01-16,P-1004,MAIN,sale,11
2026-01-16,P-1004,MAIN,return,6
2026-01-16,P-1005,MAIN,sale,1
2026-01-16,P-1008,MAIN,sale,20
2026-01-16,P-1009,MAIN,sale,7
2026-01-16,P-1010,MAIN,sale,5
2026-01-16,P-1011,MAIN,sale,1
2026-01-16,P-1013,MAIN,sale,31
2026-01-16,P-1014,MAIN,sale,9
2026-01-16,P-1015,MAIN,sale,17
2026-01-16,P-1016,MAIN,sale,11
2026-01-16,P-1019,MAIN,sale,70
2026-01-16,P-1020,MAIN,sale,8
2026-01-16,P-1021,MAIN,sale,20
2026-01-16,P-1022,MAIN,sale,5
2026-01-16,P-1024,MAIN,sale,1
2026-01-17,P-1001,MAIN,sale,28
2026-01-17,P-1003,MAIN,sale,7
2026-01-17,P-1004,MAIN,receipt,756
2026-01-17,P-1004,MAIN,sale,5
2026-01-17,P-1008,MAIN,sale,17
2026-01-17,P-1009,MAIN,sale,3
2026-01-17,P-1010,MAIN,sale,2
2026-01-17,P-1013,MAIN,sale,27
2026-01-17,P-1014,MAIN,sale,4
2026-01-17,P-1015,MAIN,sale,8
2026-01-17,P-1016,MAIN,sale,3
2026-01-17,P-1018,MAIN,receipt,20
2026-01-17,P-1019,MAIN,sale,42
2026-01-17,P-1020,MAIN,sale,2
2026-01-17,P-1021,MAIN,sale,9
2026-01-17,P-1022,MAIN,sale,5
2026-01-17,P-1023,MAIN,sale,1
2026-01-19,P-1001,MAIN,sale,66
2026-01-19,P-1002,MAIN,receipt,180
2026-01-19,P-1002,MAIN,sale,10
2026-01-19,P-1003,MAIN,sale,15
2026-01-19,P-1004,MAIN,sale,8
2026-01-19,P-1005,MAIN,sale,2
2026-01-19,P-1007,MAIN,receipt,516
2026-01-19,P-1007,MAIN,sale,97
2026-01-19,P-1008,MAIN,receipt,264
2026-01-19,P-1008,MAIN,sale,20
2026-01-19,P-1009,MAIN,sale,9
2026-01-19,P-1010,MAIN,sale,3
2026-01-19,P-1011,MAIN,sale,1
2026-01-19,P-1012,MAIN,receipt,11
2026-01-19,P-1013,MAIN,sale,35
2026-01-19,P-1014,MAIN,sale,6
2026-01-19,P-1015,MAIN,sale,12
2026-01-19,P-1016,MAIN,sale,5
2026-01-19,P-1017,MAIN,sale,2
2026-01-19,P-1019,MAIN,sale,84
2026-01-19,P-1020,MAIN,receipt,78
2026-01-19,P-1020,MAIN,sale,7
2026-01-19,P-1021,MAIN,receipt,138
2026-01-19,P-1021,MAIN,sale,20
2026-01-19,P-1022,MAIN,sale,7
2026-01-20,P-1001,MAIN,sale,47
2026-01-20,P-1002,MAIN,sale,11
2026-01-20,P-1003,MAIN,sale,17
2026-01-20,P-1004,MAIN,sale,9
2026-01-20,P-1005,MAIN,sale,1
2026-01-20,P-1007,MAIN,sale,102
2026-01-20,P-1008,MAIN,sale,33
2026-01-20,P-1009,MAIN,sale,9
2026-01-20,P-1010,MAIN,sale,3
2026-01-20,P-1012,MAIN,sale,2
2026-01-20,P-1013,MAIN,sale,35
2026-01-20,P-1014,MAIN,sale,5
2026-01-20,P-1015,MAIN,sale,12
2026-01-20,P-1016,MAIN,sale,7
2026-01-20,P-1018,MAIN,sale,1
2026-01-20,P-1019,MAIN,sale,95
2026-01-20,P-1020,MAIN,sale,4
2026-01-20,P-1021,MAIN,sale,11
2026-01-20,P-1022,MAIN,sale,7
2026-01-21,P-1001,MAIN,sale,66
2026-01-21,P-1002,MAIN,sale,13
2026-01-21,P-1003,MAIN,sale,18
2026-01-21,P-1004,MAIN,sale,8
2026-01-21,P-1007,MAIN,sale,100
2026-01-21,P-1008,MAIN,sale,16
2026-01-21,P-1009,MAIN,sale,5
2026-01-21,P-1010,MAIN,sale,5
2026-01-21,P-1011,MAIN,sale,1
2026-01-21,P-1012,MAIN,sale,2
2026-01-21,P-1013,MAIN,sale,57
2026-01-21,P-1014,MAIN,sale,10
2026-01-21,P-1015,MAIN,sale,13
2026-01-21,P-1016,MAIN,sale,5
2026-01-21,P-1017,MAIN,sale,1
2026-01-21,P-1018,MAIN,sale,2
2026-01-21,P-1019,MAIN,sale,50
2026-01-21,P-1020,MAIN,sale,6
2026-01-21,P-1021,MAIN,sale,17
2026-01-21,P-1022,MAIN,sale,5
2026-01-21,P-1023,MAIN,sale,1
2026-01-21,P-1023,MAIN,return,1
2026-01-21,P-1024,MAIN,sale,1
2026-01-22,P-1001,MAIN,sale,57
2026-01-22,P-1002,MAIN,sale,12
2026-01-22,P-1003,MAIN,sale,17
2026-01-22,P-1004,MAIN,sale,16
2026-01-22,P-1005,MAIN,sale,2
2026-01-22,P-1006,MAIN,sale,2
2026-01-22,P-1007,MAIN,sale,85
2026-01-22,P-1008,MAIN,sale,23
2026-01-22,P-1009,MAIN,sale,7
2026-01-22,P-1010,MAIN,sale,6
2026-01-22,P-1013,MAIN,sale,71
2026-01-22,P-1014,MAIN,sale,11
2026-01-22,P-1015,MAIN,receipt,210
2026-01-22,P-1015,MAIN,sale,15
2026-01-22,P-1016,MAIN,sale,9
2026-01-22,P-1017,MAIN,sale,1
2026-01-22,P-1019,MAIN,sale,56
2026-01-22,P-1020,MAIN,sale,5
2026-01-22,P-1021,MAIN,sale,10
2026-01-22,P-1022,MAIN,sale,11
2026-01-22,P-1023,MAIN,sale,2
2026-01-23,P-1001,MAIN,sale,33
2026-01-23,P-1002,MAIN,sale,13
2026-01-23,P-1003,MAIN,sale,15
2026-01-23,P-1004,MAIN,sale,11
2026-01-23,P-1005,MAIN,sale,1
2026-01-23,P-1007,MAIN,sale,96
2026-01-23,P-1008,MAIN,sale,30
2026-01-23,P-1009,MAIN,sale,8
2026-01-23,P-1010,MAIN,sale,6
2026-01-23,P-1013,MAIN,sale,80
2026-01-23,P-1014,MAIN,sale,8
2026-01-23,P-1015,MAIN,sale,13
2026-01-23,P-1016,MAIN,sale,7
2026-01-23,P-1018,MAIN,sale,2
2026-01-23,P-1019,MAIN,sale,46
2026-01-23,P-1020,MAIN,sale,6
2026-01-23,P-1021,MAIN,sale,10
2026-01-23,P-1022,MAIN,sale,12
2026-01-24,P-1001,MAIN,sale,26
2026-01-24,P-1002,MAIN,sale,9
2026-01-24,P-1003,MAIN,receipt,150
2026-01-24,P-1003,MAIN,sale,9
2026-01-24,P-1004,MAIN,sale,4
2026-01-24,P-1007,MAIN,sale,36
2026-01-24,P-1008,MAIN,sale,8
2026-01-24,P-1009,MAIN,sale,3
2026-01-24,P-1010,MAIN,sale,2
2026-01-24,P-1013,MAIN,sale,27
2026-01-24,P-1014,MAIN,sale,3
2026-01-24,P-1015,MAIN,sale,8
2026-01-24,P-1016,MAIN,sale,6
2026-01-24,P-1017,MAIN,sale,1
2026-01-24,P-1018,MAIN,sale,1
2026-01-24,P-1019,MAIN,sale,19
2026-01-24,P-1020,MAIN,sale,2
2026-01-24,P-1021,MAIN,sale,7
2026-01-24,P-1022,MAIN,sale,3
2026-01-24,P-1023,MAIN,sale,1
2026-01-26,P-1001,MAIN,sale,27
2026-01-26,P-1002,MAIN,sale,12
2026-01-26,P-1003,MAIN,sale,9
2026-01-26,P-1004,MAIN,sale,14
2026-01-26,P-1005,MAIN,sale,2
2026-01-26,P-1008,MAIN,sale,33
2026-01-26,P-1009,MAIN,sale,8
2026-01-26,P-1010,MAIN,receipt,84
2026-01-26,P-1010,MAIN,sale,6
2026-01-26,P-1013,MAIN,receipt,504
2026-01-26,P-1013,MAIN,sale,54
2026-01-26,P-1014,MAIN,sale,6
2026-01-26,P-1015,MAIN,sale,10
2026-01-26,P-1016,MAIN,sale,8
2026-01-26,P-1018,MAIN,sale,2
2026-01-26,P-1019,MAIN,sale,86
2026-01-26,P-1020,MAIN,sale,4
2026-01-26,P-1021,MAIN,sale,20
2026-01-26,P-1022,MAIN,receipt,78
2026-01-26,P-1022,MAIN,sale,5
2026-01-26,P-1023,MAIN,sale,2
2026-01-27,P-1001,MAIN,sale,69
2026-01-27,P-1002,MAIN,sale,16
2026-01-27,P-1003,MAIN,sale,8
2026-01-27,P-1004,MAIN,sale,9
2026-01-27,P-1006,MAIN,sale,1
2026-01-27,P-1008,MAIN,sale,22
2026-01-27,P-1009,MAIN,sale,7
2026-01-27,P-1010,MAIN,sale,3
2026-01-27,P-1013,MAIN,sale,37
2026-01-27,P-1014,MAIN,sale,9
2026-01-27,P-1014,MAIN,return,6
2026-01-27,P-1015,MAIN,sale,14
2026-01-27,P-1016,MAIN,sale,8
2026-01-27,P-1019,MAIN,sale,58
2026-01-27,P-1020,MAIN,sale,4
2026-01-27,P-1021,MAIN,sale,21
2026-01-27,P-1022,MAIN,sale,7
2026-01-28,P-1001,MAIN,sale,57
2026-01-28,P-1002,MAIN,sale,18
2026-01-28,P-1003,MAIN,sale,10
2026-01-28,P-1004,MAIN,sale,8
2026-01-28,P-1008,MAIN,sale,33
2026-01-28,P-1009,MAIN,sale,10
2026-01-28,P-1010,MAIN,sale,6
2026-01-28,P-1013,MAIN,sale,45
2026-01-28,P-1014,MAIN,sale,5
2026-01-28,P-1015,MAIN,sale,17
2026-01-28,P-1016,MAIN,sale,13
2026-01-28,P-1018,MAIN,sale,1
2026-01-28,P-1019,MAIN,sale,76
2026-01-28,P-1020,MAIN,sale,5
2026-01-28,P-1021,MAIN,sale,21
2026-01-28,P-1022,MAIN,sale,10
2026-01-29,P-1001,MAIN,receipt,468
2026-01-29,P-1001,MAIN,sale,36
2026-01-29,P-1002,MAIN,sale,12
2026-01-29,P-1003,MAIN,sale,10
2026-01-29,P-1004,MAIN,sale,9
2026-01-29,P-1006,MAIN,sale,2
2026-01-29,P-1008,MAIN,sale,14
2026-01-29,P-1009,MAIN,sale,10
2026-01-29,P-1010,MAIN,sale,4
2026-01-29,P-1011,MAIN,sale,1
2026-01-29,P-1012,MAIN,receipt,13
2026-01-29,P-1013,MAIN,sale,64
2026-01-29,P-1014,MAIN,sale,9
2026-01-29,P-1015,MAIN,sale,12
2026-01-29,P-1016,MAIN,sale,9
2026-01-29,P-1019,MAIN,sale,39
2026-01-29,P-1020,MAIN,sale,4
2026-01-29,P-1021,MAIN,sale,11
2026-01-29,P-1022,MAIN,sale,8
2026-01-30,P-1001,MAIN,sale,52
2026-01-30,P-1002,MAIN,sale,16
2026-01-30,P-1003,MAIN,sale,16
2026-01-30,P-1004,MAIN,sale,15
2026-01-30,P-1005,MAIN,sale,1
2026-01-30,P-1006,MAIN,sale,1
2026-01-30,P-1008,MAIN,sale,26
2026-01-30,P-1009,MAIN,sale,6
2026-01-30,P-1010,MAIN,sale,4
2026-01-30,P-1013,MAIN,sale,81
2026-01-30,P-1014,MAIN,sale,9
2026-01-30,P-1015,MAIN,sale,16
2026-01-30,P-1016,MAIN,sale,6
2026-01-30,P-1017,MAIN,sale,2
2026-01-30,P-1019,MAIN,sale,66
2026-01-30,P-1020,MAIN,sale,4
2026-01-30,P-1021,MAIN,sale,13
2026-01-30,P-1022,MAIN,sale,8
2026-01-31,P-1001,MAIN,sale,26
2026-01-31,P-1002,MAIN,sale,8
2026-01-31,P-1003,MAIN,sale,7
2026-01-31,P-1004,MAIN,sale,8
2026-01-31,P-1005,MAIN,sale,1
2026-01-31,P-1008,MAIN,sale,14
2026-01-31,P-1009,MAIN,sale,4
2026-01-31,P-1010,MAIN,sale,3
2026-01-31,P-1011,MAIN,sale,1
2026-01-31,P-1013,MAIN,sale,19
2026-01-31,P-1014,MAIN,sale,5
2026-01-31,P-1015,MAIN,sale,4
2026-01-31,P-1016,MAIN,sale,3
2026-01-31,P-1018,MAIN,sale,1
2026-01-31,P-1019,MAIN,sale,44
2026-01-31,P-1020,MAIN,sale,4
2026-01-31,P-1021,MAIN,sale,11
2026-01-31,P-1022,MAIN,sale,3
2026-01-31,P-1023,MAIN,sale,1
2026-02-02,P-1001,MAIN,sale,27
2026-02-02,P-1002,MAIN,receipt,96
2026-02-02,P-1002,MAIN,sale,9
2026-02-02,P-1003,MAIN,sale,8
2026-02-02,P-1004,MAIN,sale,14
2026-02-02,P-1008,MAIN,sale,28
2026-02-02,P-1009,MAIN,sale,5
2026-02-02,P-1010,MAIN,sale,5
2026-02-02,P-1013,MAIN,sale,61
2026-02-02,P-1014,MAIN,sale,12
2026-02-02,P-1015,MAIN,sale,13
2026-02-02,P-1016,MAIN,receipt,132
2026-02-02,P-1016,MAIN,sale,13
2026-02-02,P-1019,MAIN,sale,86
2026-02-02,P-1020,MAIN,sale,4
2026-02-02,P-1021,MAIN,receipt,144
2026-02-02,P-1021,MAIN,sale,16
2026-02-02,P-1022,MAIN,sale,8
2026-02-02,P-1024,MAIN,sale,1
2026-02-03,P-1001,MAIN,sale,65
2026-02-03,P-1002,MAIN,sale,13
2026-02-03,P-1003,MAIN,sale,15
2026-02-03,P-1004,MAIN,sale,10
2026-02-03,P-1006,MAIN,sale,2
2026-02-03,P-1008,MAIN,sale,33
2026-02-03,P-1009,MAIN,sale,6
2026-02-03,P-1010,MAIN,sale,3
2026-02-03,P-1011,MAIN,sale,1
2026-02-03,P-1012,MAIN,sale,2
2026-02-03,P-1013,MAIN,sale,41
2026-02-03,P-1014,MAIN,sale,6
2026-02-03,P-1015,MAIN,sale,17
2026-02-03,P-1016,MAIN,sale,6
2026-02-03,P-1018,MAIN,sale,2
2026-02-03,P-1019,MAIN,sale,65
2026-02-03,P-1020,MAIN,sale,7
2026-02-03,P-1021,MAIN,sale,21
2026-02-03,P-1022,MAIN,sale,10
2026-02-04,P-1001,MAIN,sale,53
2026-02-04,P-1002,MAIN,sale,8
2026-02-04,P-1003,MAIN,sale,8
2026-02-04,P-1004,MAIN,sale,15
2026-02-04,P-1005,MAIN,sale,2
2026-02-04,P-1008,MAIN,sale,24
2026-02-04,P-1009,MAIN,sale,9
2026-02-04,P-1010,MAIN,sale,5
2026-02-04,P-1011,MAIN,sale,2
2026-02-04,P-1013,MAIN,sale,77
2026-02-04,P-1014,MAIN,sale,9
2026-02-04,P-1015,MAIN,sale,16
2026-02-04,P-1016,MAIN,sale,6
2026-02-04,P-1018,MAIN,sale,2
2026-02-04,P-1019,MAIN,sale,90
2026-02-04,P-1020,MAIN,sale,6
2026-02-04,P-1021,MAIN,sale,11
2026-02-04,P-1022,MAIN,sale,13
2026-02-04,P-1022,MAIN,return,6
2026-02-04,P-1024,MAIN,sale,2
2026-02-05,P-1001,MAIN,sale,30
2026-02-05,P-1002,MAIN,sale,17
2026-02-05,P-1003,MAIN,sale,13
2026-02-05,P-1004,MAIN,sale,15
2026-02-05,P-1005,MAIN,sale,1
2026-02-05,P-1005,MAIN,return,1
2026-02-05,P-1008,MAIN,sale,26
2026-02-05,P-1009,MAIN,sale,9
2026-02-05,P-1010,MAIN,sale,3
2026-02-05,P-1011,MAIN,sale,1
2026-02-05,P-1013,MAIN,sale,43
2026-02-05,P-1014,MAIN,sale,12
2026-02-05,P-1015,MAIN,sale,18
2026-02-05,P-1016,MAIN,sale,7
2026-02-05,P-1018,MAIN,sale,2
2026-02-05,P-1019,MAIN,sale,92
2026-02-05,P-1020,MAIN,sale,8
2026-02-05,P-1021,MAIN,sale,21
2026-02-05,P-1022,MAIN,sale,12
2026-02-05,P-1023,MAIN,sale,1
2026-02-05,P-1024,MAIN,sale,2
2026-02-06,P-1001,MAIN,sale,41
2026-02-06,P-1002,MAIN,sale,13
2026-02-06,P-1003,MAIN,sale,18
2026-02-06,P-1004,MAIN,sale,16
2026-02-06,P-1008,MAIN,receipt,276
2026-02-06,P-1008,MAIN,sale,13
2026-02-06,P-1009,MAIN,sale,9
2026-02-06,P-1010,MAIN,sale,3
2026-02-06,P-1013,MAIN,sale,48
2026-02-06,P-1014,MAIN,sale,10
2026-02-06,P-1015,MAIN,sale,15
2026-02-06,P-1016,MAIN,sale,8
2026-02-06,P-1018,MAIN,sale,2
2026-02-06,P-1019,MAIN,sale,38
2026-02-06,P-1020,MAIN,receipt,60
2026-02-06,P-1020,MAIN,sale,5
2026-02-06,P-1021,MAIN,sale,14
2026-02-06,P-1024,MAIN,sale,2
2026-02-07,P-1001,MAIN,sale,24
2026-02-07,P-1002,MAIN,sale,5
2026-02-07,P-1003,MAIN,receipt,144
2026-02-07,P-1003,MAIN,sale,8
2026-02-07,P-1004,MAIN,sale,3
2026-02-07,P-1007,MAIN,receipt,636
2026-02-07,P-1007,MAIN,sale,25
2026-02-07,P-1008,MAIN,sale,15
2026-02-07,P-1009,MAIN,sale,4
2026-02-07,P-1010,MAIN,sale,2
2026-02-07,P-1013,MAIN,sale,23
2026-02-07,P-1014,MAIN,sale,6
2026-02-07,P-1015,MAIN,sale,7
2026-02-07,P-1016,MAIN,sale,4
2026-02-07,P-1017,MAIN,sale,1
2026-02-07,P-1019,MAIN,sale,37
2026-02-07,P-1020,MAIN,sale,3
2026-02-07,P-1021,MAIN,sale,5
2026-02-07,P-1023,MAIN,sale,1
2026-02-09,P-1001,MAIN,sale,45
2026-02-09,P-1002,MAIN,sale,21
2026-02-09,P-1003,MAIN,sale,8
2026-02-09,P-1004,MAIN,sale,15
2026-02-09,P-1005,MAIN,receipt,19
2026-02-09,P-1007,MAIN,sale,58
2026-02-09,P-1008,MAIN,sale,16
2026-02-09,P-1009,MAIN,sale,9
2026-02-09,P-1010,MAIN,sale,5
2026-02-09,P-1011,MAIN,sale,1
2026-02-09,P-1011,MAIN,return,1
2026-02-09,P-1012,MAIN,sale,3
2026-02-09,P-1013,MAIN,sale,33
2026-02-09,P-1014,MAIN,sale,10
2026-02-09,P-1015,MAIN,sale,17
2026-02-09,P-1016,MAIN,sale,7
2026-02-09,P-1017,MAIN,sale,1
2026-02-09,P-1018,MAIN,sale,1
2026-02-09,P-1019,MAIN,sale,81
2026-02-09,P-1020,MAIN,sale,6
2026-02-09,P-1021,MAIN,sale,20
2026-02-09,P-1022,MAIN,receipt,84
2026-02-09,P-1022,MAIN,sale,7
2026-02-09,P-1023,MAIN,receipt,15
2026-02-10,P-1001,MAIN,sale,50
2026-02-10,P-1002,MAIN,sale,16
2026-02-10,P-1003,MAIN,sale,10
2026-02-10,P-1004,MAIN,sale,13
2026-02-10,P-1007,MAIN,sale,66
2026-02-10,P-1008,MAIN,sale,31
2026-02-10,P-1009,MAIN,sale,8
2026-02-10,P-1010,MAIN,sale,3
2026-02-10,P-1011,MAIN,sale,1
2026-02-10,P-1013,MAIN,sale,38
2026-02-10,P-1014,MAIN,sale,12
2026-02-10,P-1015,MAIN,sale,9
2026-02-10,P-1016,MAIN,sale,7
2026-02-10,P-1019,MAIN,sale,65
2026-02-10,P-1020,MAIN,sale,3
2026-02-10,P-1021,MAIN,sale,21
2026-02-10,P-1022,MAIN,sale,7
2026-02-11,P-1001,MAIN,sale,55
2026-02-11,P-1002,MAIN,sale,12
2026-02-11,P-1003,MAIN,sale,13
2026-02-11,P-1004,MAIN,sale,14
2026-02-11,P-1007,MAIN,sale,83
2026-02-11,P-1008,MAIN,sale,27
2026-02-11,P-1009,MAIN,sale,10
2026-02-11,P-1010,MAIN,sale,6
2026-02-11,P-1011,MAIN,sale,2
2026-02-11,P-1013,MAIN,sale,39
2026-02-11,P-1014,MAIN,sale,12
2026-02-11,P-1015,MAIN,sale,12
2026-02-11,P-1016,MAIN,sale,8
2026-02-11,P-1017,MAIN,sale,1
2026-02-11,P-1019,MAIN,sale,90
2026-02-11,P-1020,MAIN,sale,8
2026-02-11,P-1021,MAIN,sale,20
2026-02-11,P-1022,MAIN,sale,9
2026-02-11,P-1024,MAIN,sale,2
2026-02-12,P-1001,MAIN,receipt,528
2026-02-12,P-1001,MAIN,sale,40
2026-02-12,P-1002,MAIN,sale,12
2026-02-12,P-1003,MAIN,sale,17
2026-02-12,P-1004,MAIN,sale,14
2026-02-12,P-1005,MAIN,sale,2
2026-02-12,P-1006,MAIN,sale,2
2026-02-12,P-1007,MAIN,sale,67
2026-02-12,P-1008,MAIN,sale,13
2026-02-12,P-1009,MAIN,sale,7
2026-02-12,P-1010,MAIN,sale,3
2026-02-12,P-1013,MAIN,sale,20
2026-02-12,P-1014,MAIN,sale,5
2026-02-12,P-1015,MAIN,receipt,216
2026-02-12,P-1015,MAIN,sale,13
2026-02-12,P-1016,MAIN,sale,9
2026-02-12,P-1017,MAIN,receipt,13
2026-02-12,P-1019,MAIN,sale,88
2026-02-12,P-1020,MAIN,sale,7
2026-02-12,P-1021,MAIN,sale,18
2026-02-12,P-1022,MAIN,sale,13
2026-02-13,P-1001,MAIN,sale,39
2026-02-13,P-1003,MAIN,sale,8
2026-02-13,P-1004,MAIN,sale,8
2026-02-13,P-1005,MAIN,sale,2
2026-02-13,P-1007,MAIN,sale,45
2026-02-13,P-1008,MAIN,sale,30
2026-02-13,P-1009,MAIN,sale,7
2026-02-13,P-1010,MAIN,sale,4
2026-02-13,P-1012,MAIN,sale,2
2026-02-13,P-1014,MAIN,sale,8
2026-02-13,P-1015,MAIN,sale,12
2026-02-13,P-1016,MAIN,sale,9
2026-02-13,P-1017,MAIN,sale,1
2026-02-13,P-1019,MAIN,sale,36
2026-02-13,P-1020,MAIN,sale,4
2026-02-13,P-1021,MAIN,sale,11
2026-02-13,P-1022,MAIN,sale,9
2026-02-14,P-1001,MAIN,sale,15
2026-02-14,P-1003,MAIN,sale,4
2026-02-14,P-1004,MAIN,sale,6
2026-02-14,P-1007,MAIN,sale,44
2026-02-14,P-1008,MAIN,sale,6
2026-02-14,P-1009,MAIN,sale,4
2026-02-14,P-1010,MAIN,sale,2
2026-02-14,P-1014,MAIN,sale,5
2026-02-14,P-1015,MAIN,sale,7
2026-02-14,P-1016,MAIN,sale,4
2026-02-14,P-1018,MAIN,receipt,21
2026-02-14,P-1019,MAIN,sale,25
2026-02-14,P-1020,MAIN,sale,3
2026-02-14,P-1021,MAIN,sale,6
2026-02-14,P-1022,MAIN,sale,3
2026-02-16,P-1001,MAIN,sale,37
2026-02-16,P-1002,MAIN,receipt,156
2026-02-16,P-1002,MAIN,sale,10
2026-02-16,P-1003,MAIN,sale,8
2026-02-16,P-1004,MAIN,sale,16
2026-02-16,P-1005,MAIN,sale,2
2026-02-16,P-1007,MAIN,sale,97
2026-02-16,P-1008,MAIN,sale,18
2026-02-16,P-1009,MAIN,sale,4
2026-02-16,P-1010,MAIN,receipt,78
2026-02-16,P-1010,MAIN,sale,5
2026-02-16,P-1013,MAIN,receipt,624
2026-02-16,P-1013,MAIN,sale,50
2026-02-16,P-1014,MAIN,sale,7
2026-02-16,P-1015,MAIN,sale,19
2026-02-16,P-1016,MAIN,sale,12
2026-02-16,P-1017,MAIN,sale,1
2026-02-16,P-1018,MAIN,sale,3
2026-02-16,P-1019,MAIN,sale,37
2026-02-16,P-1020,MAIN,receipt,60
2026-02-16,P-1020,MAIN,sale,6
2026-02-16,P-1021,MAIN,receipt,162
2026-02-16,P-1021,MAIN,sale,12
2026-02-16,P-1022,MAIN,sale,13
2026-02-16,P-1024,MAIN,sale,1
2026-02-17,P-1001,MAIN,sale,70
2026-02-17,P-1002,MAIN,sale,20
2026-02-17,P-1003,MAIN,sale,11
2026-02-17,P-1004,MAIN,sale,16
2026-02-17,P-1007,MAIN,sale,73
2026-02-17,P-1008,MAIN,sale,15
2026-02-17,P-1009,MAIN,sale,11
2026-02-17,P-1010,MAIN,sale,5
2026-02-17,P-1013,MAIN,sale,40
2026-02-17,P-1014,MAIN,sale,12
2026-02-17,P-1015,MAIN,sale,16
2026-02-17,P-1016,MAIN,sale,9
2026-02-17,P-1017,MAIN,sale,1
2026-02-17,P-1018,MAIN,sale,2
2026-02-17,P-1019,MAIN,sale,90
2026-02-17,P-1020,MAIN,sale,6
2026-02-17,P-1021,MAIN,sale,14
2026-02-17,P-1022,MAIN,sale,7
2026-02-17,P-1023,MAIN,sale,2
2026-02-17,P-1024,MAIN,sale,1
2026-02-18,P-1001,MAIN,sale,70
2026-02-18,P-1002,MAIN,sale,13
2026-02-18,P-1003,MAIN,sale,16
2026-02-18,P-1004,MAIN,sale,14
2026-02-18,P-1005,MAIN,sale,2
2026-02-18,P-1007,MAIN,sale,68
2026-02-18,P-1008,MAIN,sale,31
2026-02-18,P-1009,MAIN,sale,8
2026-02-18,P-1010,MAIN,sale,6
2026-02-18,P-1010,MAIN,return,6
2026-02-18,P-1013,MAIN,sale,50
2026-02-18,P-1014,MAIN,sale,9
2026-02-18,P-1015,MAIN,sale,18
2026-02-18,P-1016,MAIN,sale,5
2026-02-18,P-1017,MAIN,sale,1
2026-02-18,P-1018,MAIN,sale,2
2026-02-18,P-1019,MAIN,sale,81
2026-02-18,P-1020,MAIN,sale,6
2026-02-18,P-1021,MAIN,sale,11
2026-02-18,P-1022,MAIN,sale,7
2026-02-19,P-1001,MAIN,sale,62
2026-02-19,P-1001,MAIN,return,12
2026-02-19,P-1002,MAIN,sale,17
2026-02-19,P-1003,MAIN,sale,12
2026-02-19,P-1004,MAIN,sale,9
2026-02-19,P-1005,MAIN,sale,2
2026-02-19,P-1007,MAIN,sale,10
2026-02-19,P-1008,MAIN,sale,20
2026-02-19,P-1009,MAIN,sale,11
2026-02-19,P-1010,MAIN,sale,4
2026-02-19,P-1013,MAIN,sale,40
2026-02-19,P-1014,MAIN,sale,9
2026-02-19,P-1015,MAIN,sale,12
2026-02-19,P-1016,MAIN,sale,8
2026-02-19,P-1018,MAIN,sale,2
2026-02-19,P-1019,MAIN,sale,90
2026-02-19,P-1020,MAIN,sale,7
2026-02-19,P-1021,MAIN,sale,22
2026-02-19,P-1022,MAIN,sale,9
2026-02-20,P-1001,MAIN,sale,54
2026-02-20,P-1002,MAIN,sale,12
2026-02-20,P-1003,MAIN,sale,15
2026-02-20,P-1004,MAIN,sale,15
2026-02-20,P-1006,MAIN,sale,2
2026-02-20,P-1008,MAIN,sale,25
2026-02-20,P-1009,MAIN,sale,7
2026-02-20,P-1010,MAIN,sale,4
2026-02-20,P-1011,MAIN,sale,1
2026-02-20,P-1013,MAIN,sale,39
2026-02-20,P-1014,MAIN,sale,9
2026-02-20,P-1015,MAIN,sale,11
2026-02-20,P-1016,MAIN,sale,11
2026-02-20,P-1017,MAIN,sale,1
2026-02-20,P-1019,MAIN,sale,78
2026-02-20,P-1020,MAIN,sale,6
2026-02-20,P-1021,MAIN,sale,15
2026-02-21,P-1001,MAIN,sale,30
2026-02-21,P-1002,MAIN,sale,5
2026-02-21,P-1003,MAIN,receipt,132
2026-02-21,P-1003,MAIN,sale,9
2026-02-21,P-1004,MAIN,sale,7
2026-02-21,P-1008,MAIN,receipt,264
2026-02-21,P-1008,MAIN,sale,13
2026-02-21,P-1009,MAIN,sale,5
2026-02-21,P-1010,MAIN,sale,2
2026-02-21,P-1013,MAIN,sale,38
2026-02-21,P-1014,MAIN,sale,4
2026-02-21,P-1015,MAIN,sale,7
2026-02-21,P-1016,MAIN,sale,6
2026-02-21,P-1019,MAIN,sale,35
2026-02-21,P-1020,MAIN,sale,3
2026-02-21,P-1021,MAIN,sale,7
2026-02-21,P-1023,MAIN,sale,1
2026-02-23,P-1001,MAIN,sale,41
2026-02-23,P-1002,MAIN,sale,15
2026-02-23,P-1003,MAIN,sale,10
2026-02-23,P-1004,MAIN,sale,8
2026-02-23,P-1006,MAIN,sale,1
2026-02-23,P-1008,MAIN,sale,16
2026-02-23,P-1009,MAIN,sale,7
2026-02-23,P-1010,MAIN,sale,6
2026-02-23,P-1013,MAIN,sale,38
2026-02-23,P-1014,MAIN,sale,6
2026-02-23,P-1015,MAIN,sale,11
2026-02-23,P-1016,MAIN,receipt,138
2026-02-23,P-1016,MAIN,sale,11
2026-02-23,P-1019,MAIN,sale,56
2026-02-23,P-1020,MAIN,sale,4
2026-02-23,P-1021,MAIN,sale,13
2026-02-23,P-1023,MAIN,sale,2
2026-02-23,P-1024,MAIN,sale,1
2026-02-24,P-1001,MAIN,sale,27
2026-02-24,P-1002,MAIN,sale,19
2026-02-24,P-1003,MAIN,sale,9
2026-02-24,P-1004,MAIN,sale,8
2026-02-24,P-1008,MAIN,sale,13
2026-02-24,P-1008,MAIN,return,12
2026-02-24,P-1009,MAIN,sale,7
2026-02-24,P-1010,MAIN,sale,6
2026-02-24,P-1011,MAIN,sale,1
2026-02-24,P-1013,MAIN,sale,52
2026-02-24,P-1014,MAIN,sale,9
2026-02-24,P-1015,MAIN,sale,12
2026-02-24,P-1016,MAIN,sale,7
2026-02-24,P-1017,MAIN,sale,1
2026-02-24,P-1018,MAIN,sale,2
2026-02-24,P-1019,MAIN,sale,40
2026-02-24,P-1020,MAIN,sale,7
2026-02-24,P-1021,MAIN,sale,11
2026-02-24,P-1023,MAIN,sale,1
2026-02-25,P-1001,MAIN,sale,66
2026-02-25,P-1002,MAIN,sale,17
2026-02-25,P-1003,MAIN,sale,9
2026-02-25,P-1004,MAIN,sale,13
2026-02-25,P-1006,MAIN,sale,2
2026-02-25,P-1008,MAIN,sale,28
2026-02-25,P-1009,MAIN,sale,6
2026-02-25,P-1010,MAIN,sale,5
2026-02-25,P-1011,MAIN,receipt,14
2026-02-25,P-1012,MAIN,sale,3
2026-02-25,P-1013,MAIN,sale,39
2026-02-25,P-1014,MAIN,sale,5
2026-02-25,P-1015,MAIN,sale,9
2026-02-25,P-1016,MAIN,sale,5
2026-02-25,P-1018,MAIN,sale,2
2026-02-25,P-1019,MAIN,sale,59
2026-02-25,P-1020,MAIN,sale,7
2026-02-25,P-1021,MAIN,sale,19
2026-02-26,P-1001,MAIN,receipt,492
2026-02-26,P-1001,MAIN,sale,69
2026-02-26,P-1002,MAIN,sale,12
2026-02-26,P-1003,MAIN,sale,14
2026-02-26,P-1004,MAIN,sale,10
2026-02-26,P-1006,MAIN,sale,2
2026-02-26,P-1008,MAIN,sale,14
2026-02-26,P-1009,MAIN,sale,6
2026-02-26,P-1010,MAIN,sale,4
2026-02-26,P-1012,MAIN,receipt,11
2026-02-26,P-1013,MAIN,sale,48
2026-02-26,P-1014,MAIN,sale,12
2026-02-26,P-1015,MAIN,receipt,162
2026-02-26,P-1015,MAIN,sale,10
2026-02-26,P-1016,MAIN,sale,10
2026-02-26,P-1017,MAIN,sale,1
2026-02-26,P-1018,MAIN,sale,2
2026-02-26,P-1019,MAIN,sale,82
2026-02-26,P-1020,MAIN,sale,8
2026-02-26,P-1021,MAIN,sale,12
2026-02-26,P-1023,MAIN,sale,1
2026-02-27,P-1001,MAIN,sale,30
2026-02-27,P-1001,MAIN,adjustment,-2
2026-02-27,P-1002,MAIN,sale,11
2026-02-27,P-1002,MAIN,adjustment,-1
2026-02-27,P-1003,MAIN,sale,13
2026-02-27,P-1004,MAIN,sale,17
2026-02-27,P-1004,MAIN,adjustment,-2
2026-02-27,P-1005,MAIN,sale,1
2026-02-27,P-1005,MAIN,adjustment,-2
2026-02-27,P-1007,MAIN,receipt,480
2026-02-27,P-1007,MAIN,sale,73
2026-02-27,P-1008,MAIN,sale,15
2026-02-27,P-1009,MAIN,sale,9
2026-02-27,P-1009,MAIN,adjustment,-2
2026-02-27,P-1010,MAIN,sale,6
2026-02-27,P-1010,MAIN,adjustment,-2
2026-02-27,P-1011,MAIN,adjustment,-1
2026-02-27,P-1012,MAIN,sale,4
2026-02-27,P-1013,MAIN,sale,55
2026-02-27,P-1013,MAIN,adjustment,-3
2026-02-27,P-1014,MAIN,sale,8
2026-02-27,P-1015,MAIN,sale,12
2026-02-27,P-1016,MAIN,sale,9
2026-02-27,P-1016,MAIN,adjustment,-2
2026-02-27,P-1017,MAIN,sale,1
2026-02-27,P-1017,MAIN,adjustment,-2
2026-02-27,P-1018,MAIN,adjustment,-3
2026-02-27,P-1019,MAIN,sale,76
2026-02-27,P-1020,MAIN,sale,4
2026-02-27,P-1021,MAIN,sale,19
2026-02-27,P-1023,MAIN,sale,1
2026-02-27,P-1023,MAIN,adjustment,-1
2026-02-27,P-1024,MAIN,sale,1
2026-02-28,P-1001,MAIN,sale,26
2026-02-28,P-1002,MAIN,sale,4
2026-02-28,P-1003,MAIN,sale,9
2026-02-28,P-1004,MAIN,sale,6
2026-02-28,P-1005,MAIN,sale,1
2026-02-28,P-1007,MAIN,sale,58
2026-02-28,P-1008,MAIN,sale,14
2026-02-28,P-1009,MAIN,sale,5
2026-02-28,P-1010,MAIN,sale,2
2026-02-28,P-1012,MAIN,sale,1
2026-02-28,P-1013,MAIN,sale,15
2026-02-28,P-1014,MAIN,sale,5
2026-02-28,P-1015,MAIN,sale,4
2026-02-28,P-1016,MAIN,sale,5
2026-02-28,P-1018,MAIN,sale,1
2026-02-28,P-1019,MAIN,sale,25
2026-02-28,P-1020,MAIN,sale,4
2026-02-28,P-1021,MAIN,sale,7
2026-02-28,P-1022,MAIN,receipt,84
2026-02-28,P-1022,MAIN,sale,4
2026-02-28,P-1023,MAIN,sale,1
2026-02-28,P-1024,MAIN,sale,1
2026-03-02,P-1001,MAIN,sale,45
2026-03-02,P-1002,MAIN,receipt,132
2026-03-02,P-1002,MAIN,sale,19
2026-03-02,P-1003,MAIN,sale,8
2026-03-02,P-1004,MAIN,sale,11
2026-03-02,P-1007,MAIN,sale,50
2026-03-02,P-1008,MAIN,receipt,240
2026-03-02,P-1008,MAIN,sale,21
2026-03-02,P-1009,MAIN,sale,5
2026-03-02,P-1010,MAIN,sale,3
2026-03-02,P-1013,MAIN,receipt,660
2026-03-02,P-1013,MAIN,sale,56
2026-03-02,P-1014,MAIN,sale,9
2026-03-02,P-1015,MAIN,sale,14
2026-03-02,P-1016,MAIN,sale,9
2026-03-02,P-1019,MAIN,sale,86
2026-03-02,P-1020,MAIN,receipt,60
2026-03-02,P-1020,MAIN,sale,8
2026-03-02,P-1021,MAIN,receipt,186
2026-03-02,P-1021,MAIN,sale,19
2026-03-02,P-1022,MAIN,sale,8
2026-03-02,P-1023,MAIN,sale,1
2026-03-03,P-1001,MAIN,sale,56
2026-03-03,P-1002,MAIN,sale,16
2026-03-03,P-1003,MAIN,sale,14
2026-03-03,P-1004,MAIN,sale,11
2026-03-03,P-1005,MAIN,sale,2
2026-03-03,P-1007,MAIN,sale,74
2026-03-03,P-1008,MAIN,sale,25
2026-03-03,P-1009,MAIN,sale,8
2026-03-03,P-1010,MAIN,sale,3
2026-03-03,P-1013,MAIN,sale,43
2026-03-03,P-1014,MAIN,sale,10
2026-03-03,P-1015,MAIN,sale,16
2026-03-03,P-1016,MAIN,sale,11
2026-03-03,P-1017,MAIN,sale,2
2026-03-03,P-1018,MAIN,sale,1
2026-03-03,P-1019,MAIN,sale,37
2026-03-03,P-1020,MAIN,sale,3
2026-03-03,P-1021,MAIN,sale,11
2026-03-03,P-1022,MAIN,sale,11
2026-03-03,P-1022,MAIN,return,6
2026-03-03,P-1023,MAIN,sale,1
2026-03-03,P-1024,MAIN,sale,1
2026-03-03,P-1024,MAIN,return,1
2026-03-04,P-1001,MAIN,sale,30
2026-03-04,P-1002,MAIN,sale,21
2026-03-04,P-1003,MAIN,sale,17
2026-03-04,P-1004,MAIN,sale,14
2026-03-04,P-1005,MAIN,sale,2
2026-03-04,P-1007,MAIN,sale,66
2026-03-04,P-1008,MAIN,sale,28
2026-03-04,P-1009,MAIN,sale,10
2026-03-04,P-1010,MAIN,sale,3
2026-03-04,P-1012,MAIN,sale,3
2026-03-04,P-1013,MAIN,sale,35
2026-03-04,P-1014,MAIN,sale,12
2026-03-04,P-1015,MAIN,sale,12
2026-03-04,P-1016,MAIN,sale,5
2026-03-04,P-1017,MAIN,sale,2
2026-03-04,P-1019,MAIN,sale,78
2026-03-04,P-1020,MAIN,sale,6
2026-03-04,P-1021,MAIN,sale,19
2026-03-04,P-1022,MAIN,sale,8
2026-03-04,P-1023,MAIN,sale,1
2026-03-05,P-1001,MAIN,sale,38
2026-03-05,P-1002,MAIN,sale,11
2026-03-05,P-1003,MAIN,sale,8
2026-03-05,P-1004,MAIN,sale,13
2026-03-05,P-1005,MAIN,sale,1
2026-03-05,P-1007,MAIN,sale,53
2026-03-05,P-1008,MAIN,sale,13
2026-03-05,P-1009,MAIN,sale,4
2026-03-05,P-1010,MAIN,sale,7
2026-03-05,P-1013,MAIN,sale,38
2026-03-05,P-1014,MAIN,sale,7
2026-03-05,P-1015,MAIN,sale,18
2026-03-05,P-1016,MAIN,sale,12
2026-03-05,P-1018,MAIN,sale,1
2026-03-05,P-1019,MAIN,sale,55
2026-03-05,P-1020,MAIN,sale,6
2026-03-05,P-1021,MAIN,sale,19
2026-03-05,P-1022,MAIN,sale,14
2026-03-05,P-1023,MAIN,sale,1
2026-03-06,P-1001,MAIN,sale,33
2026-03-06,P-1002,MAIN,sale,13
2026-03-06,P-1003,MAIN,sale,12
2026-03-06,P-1004,MAIN,sale,9
2026-03-06,P-1007,MAIN,sale,98
2026-03-06,P-1008,MAIN,sale,29
2026-03-06,P-1009,MAIN,sale,7
2026-03-06,P-1010,MAIN,sale,3
2026-03-06,P-1013,MAIN,sale,38
2026-03-06,P-1014,MAIN,sale,8
2026-03-06,P-1015,MAIN,sale,15
2026-03-06,P-1016,MAIN,sale,11
2026-03-06,P-1019,MAIN,sale,58
2026-03-06,P-1020,MAIN,sale,7
2026-03-06,P-1021,MAIN,sale,21
2026-03-06,P-1022,MAIN,sale,9
2026-03-07,P-1001,MAIN,sale,27
2026-03-07,P-1002,MAIN,sale,10
2026-03-07,P-1003,MAIN,sale,4
2026-03-07,P-1004,MAIN,sale,4
2026-03-07,P-1005,MAIN,sale,1
2026-03-07,P-1006,MAIN,sale,1
2026-03-07,P-1007,MAIN,sale,8
2026-03-07,P-1008,MAIN,sale,11
2026-03-07,P-1009,MAIN,sale,3
2026-03-07,P-1010,MAIN,sale,2
2026-03-07,P-1013,MAIN,sale,23
2026-03-07,P-1014,MAIN,sale,6
2026-03-07,P-1015,MAIN,sale,5
2026-03-07,P-1016,MAIN,sale,3
2026-03-07,P-1017,MAIN,sale,1
2026-03-07,P-1019,MAIN,sale,46
2026-03-07,P-1020,MAIN,sale,4
2026-03-07,P-1021,MAIN,sale,9
2026-03-07,P-1022,MAIN,sale,7
2026-03-07,P-1023,MAIN,sale,1
2026-03-09,P-1001,MAIN,sale,54
2026-03-09,P-1002,MAIN,sale,9
2026-03-09,P-1003,MAIN,sale,8
2026-03-09,P-1003,MAIN,return,6
2026-03-09,P-1004,MAIN,sale,12
2026-03-09,P-1005,MAIN,receipt,16
2026-03-09,P-1006,MAIN,sale,2
2026-03-09,P-1007,MAIN,receipt,336
2026-03-09,P-1007,MAIN,sale,91
2026-03-09,P-1008,MAIN,sale,14
2026-03-09,P-1009,MAIN,sale,9
2026-03-09,P-1010,MAIN,receipt,72
2026-03-09,P-1010,MAIN,sale,4
2026-03-09,P-1012,MAIN,sale,2
2026-03-09,P-1013,MAIN,sale,74
2026-03-09,P-1014,MAIN,sale,12
2026-03-09,P-1015,MAIN,sale,18
2026-03-09,P-1016,MAIN,receipt,96
2026-03-09,P-1016,MAIN,sale,7
2026-03-09,P-1019,MAIN,sale,60
2026-03-09,P-1020,MAIN,sale,5
2026-03-09,P-1020,MAIN,return,5
2026-03-09,P-1021,MAIN,sale,12
2026-03-09,P-1022,MAIN,receipt,90
2026-03-09,P-1022,MAIN,sale,9
2026-03-09,P-1023,MAIN,sale,2
2026-03-10,P-1001,MAIN,sale,49
2026-03-10,P-1002,MAIN,sale,8
2026-03-10,P-1003,MAIN,sale,9
2026-03-10,P-1004,MAIN,sale,8
2026-03-10,P-1007,MAIN,sale,80
2026-03-10,P-1008,MAIN,sale,20
2026-03-10,P-1009,MAIN,sale,9
2026-03-10,P-1010,MAIN,sale,5
2026-03-10,P-1012,MAIN,sale,2
2026-03-10,P-1013,MAIN,sale,62
2026-03-10,P-1014,MAIN,sale,11
2026-03-10,P-1015,MAIN,sale,12
2026-03-10,P-1016,MAIN,sale,10
2026-03-10,P-1017,MAIN,sale,2
2026-03-10,P-1019,MAIN,sale,52
2026-03-10,P-1020,MAIN,sale,6
2026-03-10,P-1021,MAIN,sale,20
2026-03-10,P-1022,MAIN,sale,12
2026-03-10,P-1023,MAIN,sale,2
2026-03-10,P-1024,MAIN,sale,1
2026-03-11,P-1001,MAIN,sale,59
2026-03-11,P-1002,MAIN,sale,21
2026-03-11,P-1003,MAIN,sale,8
2026-03-11,P-1004,MAIN,sale,9
2026-03-11,P-1007,MAIN,sale,86
2026-03-11,P-1008,MAIN,sale,17
2026-03-11,P-1009,MAIN,sale,9
2026-03-11,P-1010,MAIN,sale,3
2026-03-11,P-1013,MAIN,sale,33
2026-03-11,P-1014,MAIN,sale,5
2026-03-11,P-1015,MAIN,sale,14
2026-03-11,P-1016,MAIN,sale,6
2026-03-11,P-1018,MAIN,sale,3
2026-03-11,P-1019,MAIN,sale,71
2026-03-11,P-1020,MAIN,sale,4
2026-03-11,P-1021,MAIN,sale,23
2026-03-11,P-1022,MAIN,sale,13
2026-03-12,P-1001,MAIN,receipt,576
2026-03-12,P-1001,MAIN,sale,65
2026-03-12,P-1002,MAIN,sale,4
2026-03-12,P-1003,MAIN,sale,10
2026-03-12,P-1004,MAIN,sale,9
2026-03-12,P-1007,MAIN,sale,79
2026-03-12,P-1008,MAIN,sale,13
2026-03-12,P-1009,MAIN,sale,6
2026-03-12,P-1010,MAIN,sale,5
2026-03-12,P-1013,MAIN,sale,70
2026-03-12,P-1014,MAIN,sale,7
2026-03-12,P-1015,MAIN,sale,12
2026-03-12,P-1016,MAIN,sale,6
2026-03-12,P-1017,MAIN,sale,2
2026-03-12,P-1019,MAIN,sale,79
2026-03-12,P-1020,MAIN,sale,8
2026-03-12,P-1021,MAIN,sale,13
2026-03-12,P-1022,MAIN,sale,9
2026-03-13,P-1001,MAIN,sale,66
2026-03-13,P-1004,MAIN,sale,14
2026-03-13,P-1005,MAIN,sale,2
2026-03-13,P-1006,MAIN,receipt,16
2026-03-13,P-1008,MAIN,sale,23
2026-03-13,P-1009,MAIN,sale,4
2026-03-13,P-1010,MAIN,sale,4
2026-03-13,P-1012,MAIN,sale,1
2026-03-13,P-1013,MAIN,sale,41
2026-03-13,P-1014,MAIN,sale,6
2026-03-13,P-1015,MAIN,sale,14
2026-03-13,P-1016,MAIN,sale,12
2026-03-13,P-1019,MAIN,sale,52
2026-03-13,P-1020,MAIN,sale,5
2026-03-13,P-1021,MAIN,sale,19
2026-03-13,P-1022,MAIN,sale,12
2026-03-13,P-1023,MAIN,sale,2
2026-03-14,P-1001,MAIN,sale,19
2026-03-14,P-1004,MAIN,sale,6
2026-03-14,P-1008,MAIN,sale,11
2026-03-14,P-1009,MAIN,sale,2
2026-03-14,P-1010,MAIN,sale,3
2026-03-14,P-1012,MAIN,sale,1
2026-03-14,P-1013,MAIN,sale,28
2026-03-14,P-1014,MAIN,sale,6
2026-03-14,P-1015,MAIN,sale,7
2026-03-14,P-1016,MAIN,sale,3
2026-03-14,P-1017,MAIN,receipt,12
2026-03-14,P-1019,MAIN,sale,24
2026-03-14,P-1020,MAIN,sale,4
2026-03-14,P-1021,MAIN,sale,8
2026-03-14,P-1022,MAIN,sale,7
2026-03-14,P-1023,MAIN,sale,1
2026-03-16,P-1001,MAIN,sale,49
2026-03-16,P-1004,MAIN,sale,16
2026-03-16,P-1005,MAIN,sale,1
2026-03-16,P-1006,MAIN,sale,2
2026-03-16,P-1007,MAIN,receipt,384
2026-03-16,P-1007,MAIN,sale,55
2026-03-16,P-1008,MAIN,sale,22
2026-03-16,P-1009,MAIN,sale,8
2026-03-16,P-1010,MAIN,sale,6
2026-03-16,P-1011,MAIN,sale,1
2026-03-16,P-1012,MAIN,sale,2
2026-03-16,P-1013,MAIN,receipt,516
2026-03-16,P-1013,MAIN,sale,59
2026-03-16,P-1014,MAIN,sale,5
2026-03-16,P-1015,MAIN,sale,13
2026-03-16,P-1016,MAIN,sale,6
2026-03-16,P-1018,MAIN,receipt,19
2026-03-16,P-1019,MAIN,receipt,4140
2026-03-16,P-1019,MAIN,sale,52
2026-03-16,P-1020,MAIN,receipt,60
2026-03-16,P-1020,MAIN,sale,8
2026-03-16,P-1021,MAIN,receipt,168
2026-03-16,P-1021,MAIN,sale,17
2026-03-16,P-1022,MAIN,sale,14
2026-03-16,P-1023,MAIN,receipt,14
2026-03-16,P-1023,MAIN,sale,1
2026-03-16,P-1024,MAIN,sale,1
2026-03-17,P-1001,MAIN,sale,60
2026-03-17,P-1004,MAIN,sale,9
2026-03-17,P-1007,MAIN,sale,57
2026-03-17,P-1008,MAIN,sale,12
2026-03-17,P-1009,MAIN,sale,5
2026-03-17,P-1010,MAIN,sale,3
2026-03-17,P-1013,MAIN,sale,63
2026-03-17,P-1014,MAIN,sale,8
2026-03-17,P-1015,MAIN,sale,12
2026-03-17,P-1016,MAIN,sale,10
2026-03-17,P-1018,MAIN,sale,2
2026-03-17,P-1019,MAIN,sale,38
2026-03-17,P-1020,MAIN,sale,4
2026-03-17,P-1021,MAIN,sale,9
2026-03-17,P-1022,MAIN,sale,14
2026-03-17,P-1024,MAIN,sale,1
2026-03-18,P-1001,MAIN,sale,33
2026-03-18,P-1004,MAIN,sale,9
2026-03-18,P-1007,MAIN,sale,95
2026-03-18,P-1008,MAIN,sale,27
2026-03-18,P-1009,MAIN,sale,10
2026-03-18,P-1010,MAIN,sale,7
2026-03-18,P-1011,MAIN,sale,1
2026-03-18,P-1012,MAIN,sale,1
2026-03-18,P-1013,MAIN,sale,30
2026-03-18,P-1014,MAIN,sale,9
2026-03-18,P-1015,MAIN,sale,9
2026-03-18,P-1016,MAIN,sale,5
2026-03-18,P-1018,MAIN,sale,3
2026-03-18,P-1019,MAIN,sale,47
2026-03-18,P-1020,MAIN,sale,5
2026-03-18,P-1021,MAIN,sale,23
2026-03-18,P-1022,MAIN,sale,7
2026-03-18,P-1024,MAIN,sale,2
2026-03-19,P-1001,MAIN,sale,49
2026-03-19,P-1003,MAIN,receipt,132
2026-03-19,P-1003,MAIN,sale,18
2026-03-19,P-1004,MAIN,sale,9
2026-03-19,P-1005,MAIN,sale,1
2026-03-19,P-1007,MAIN,sale,115
2026-03-19,P-1008,MAIN,sale,12
2026-03-19,P-1009,MAIN,receipt,456
2026-03-19,P-1009,MAIN,sale,7
2026-03-19,P-1010,MAIN,sale,7
2026-03-19,P-1011,MAIN,sale,2
2026-03-19,P-1012,MAIN,receipt,13
2026-03-19,P-1013,MAIN,sale,62
2026-03-19,P-1014,MAIN,sale,10
2026-03-19,P-1015,MAIN,receipt,216
2026-03-19,P-1015,MAIN,sale,17
2026-03-19,P-1016,MAIN,sale,12
2026-03-19,P-1019,MAIN,sale,62
2026-03-19,P-1020,MAIN,sale,4
2026-03-19,P-1021,MAIN,sale,19
2026-03-19,P-1022,MAIN,sale,15
2026-03-19,P-1023,MAIN,sale,2
2026-03-20,P-1001,MAIN,sale,32
2026-03-20,P-1003,MAIN,sale,11
2026-03-20,P-1004,MAIN,sale,13
2026-03-20,P-1007,MAIN,sale,62
2026-03-20,P-1008,MAIN,sale,12
2026-03-20,P-1009,MAIN,sale,10
2026-03-20,P-1010,MAIN,sale,5
2026-03-20,P-1013,MAIN,sale,40
2026-03-20,P-1014,MAIN,sale,8
2026-03-20,P-1015,MAIN,sale,14
2026-03-20,P-1016,MAIN,sale,6
2026-03-20,P-1017,MAIN,sale,1
2026-03-20,P-1018,MAIN,sale,2
2026-03-20,P-1019,MAIN,sale,90
2026-03-20,P-1020,MAIN,sale,6
2026-03-20,P-1021,MAIN,sale,9
2026-03-20,P-1022,MAIN,sale,7
2026-03-20,P-1023,MAIN,sale,2
2026-03-20,P-1024,MAIN,sale,1
2026-03-21,P-1001,MAIN,sale,34
2026-03-21,P-1002,MAIN,receipt,168
2026-03-21,P-1002,MAIN,sale,6
2026-03-21,P-1003,MAIN,sale,9
2026-03-21,P-1004,MAIN,sale,7
2026-03-21,P-1008,MAIN,sale,6
2026-03-21,P-1009,MAIN,sale,2
2026-03-21,P-1010,MAIN,sale,3
2026-03-21,P-1011,MAIN,sale,1
2026-03-21,P-1013,MAIN,sale,21
2026-03-21,P-1014,MAIN,sale,6
2026-03-21,P-1015,MAIN,sale,8
2026-03-21,P-1016,MAIN,sale,4
2026-03-21,P-1019,MAIN,sale,37
2026-03-21,P-1020,MAIN,sale,4
2026-03-21,P-1021,MAIN,sale,10
2026-03-21,P-1023,MAIN,sale,1
2026-03-23,P-1001,MAIN,sale,68
2026-03-23,P-1002,MAIN,sale,9
2026-03-23,P-1003,MAIN,sale,13
2026-03-23,P-1004,MAIN,sale,12
2026-03-23,P-1006,MAIN,sale,2
2026-03-23,P-1007,MAIN,receipt,300
2026-03-23,P-1007,MAIN,sale,84
2026-03-23,P-1008,MAIN,receipt,324
2026-03-23,P-1008,MAIN,sale,13
2026-03-23,P-1009,MAIN,sale,7
2026-03-23,P-1010,MAIN,sale,5
2026-03-23,P-1011,MAIN,sale,1
2026-03-23,P-1012,MAIN,sale,3
2026-03-23,P-1013,MAIN,sale,49
2026-03-23,P-1014,MAIN,sale,12
2026-03-23,P-1015,MAIN,sale,8
2026-03-23,P-1016,MAIN,receipt,96
2026-03-23,P-1016,MAIN,sale,8
2026-03-23,P-1017,MAIN,sale,2
2026-03-23,P-1019,MAIN,sale,87
2026-03-23,P-1020,MAIN,sale,6
2026-03-23,P-1021,MAIN,sale,11
2026-03-24,P-1001,MAIN,sale,53
2026-03-24,P-1002,MAIN,sale,20
2026-03-24,P-1003,MAIN,sale,14
2026-03-24,P-1004,MAIN,sale,14
2026-03-24,P-1005,MAIN,sale,2
2026-03-24,P-1007,MAIN,sale,55
2026-03-24,P-1008,MAIN,sale,20
2026-03-24,P-1009,MAIN,sale,10
2026-03-24,P-1009,MAIN,return,6
2026-03-24,P-1010,MAIN,sale,4
2026-03-24,P-1013,MAIN,sale,60
2026-03-24,P-1014,MAIN,sale,5
2026-03-24,P-1015,MAIN,sale,10
2026-03-24,P-1016,MAIN,sale,10
2026-03-24,P-1017,MAIN,sale,1
2026-03-24,P-1018,MAIN,sale,2
2026-03-24,P-1019,MAIN,sale,58
2026-03-24,P-1020,MAIN,sale,8
2026-03-24,P-1021,MAIN,sale,22
2026-03-24,P-1023,MAIN,sale,2
2026-03-24,P-1024,MAIN,sale,1
2026-03-25,P-1001,MAIN,sale,44
2026-03-25,P-1002,MAIN,sale,15
2026-03-25,P-1003,MAIN,sale,16
2026-03-25,P-1004,MAIN,sale,15
2026-03-25,P-1006,MAIN,sale,2
2026-03-25,P-1007,MAIN,sale,107
2026-03-25,P-1008,MAIN,sale,18
2026-03-25,P-1009,MAIN,sale,8
2026-03-25,P-1010,MAIN,sale,7
2026-03-25,P-1011,MAIN,sale,2
2026-03-25,P-1013,MAIN,sale,38
2026-03-25,P-1014,MAIN,sale,7
2026-03-25,P-1015,MAIN,sale,10
2026-03-25,P-1016,MAIN,sale,10
2026-03-25,P-1019,MAIN,sale,84
2026-03-25,P-1020,MAIN,sale,5
2026-03-25,P-1021,MAIN,sale,18
2026-03-25,P-1023,MAIN,sale,2
2026-03-26,P-1001,MAIN,receipt,552
2026-03-26,P-1001,MAIN,sale,43
2026-03-26,P-1002,MAIN,sale,15
2026-03-26,P-1003,MAIN,sale,12
2026-03-26,P-1004,MAIN,sale,8
2026-03-26,P-1006,MAIN,sale,2
2026-03-26,P-1007,MAIN,sale,54
2026-03-26,P-1008,MAIN,sale,18
2026-03-26,P-1009,MAIN,sale,5
2026-03-26,P-1010,MAIN,sale,7
2026-03-26,P-1013,MAIN,sale,68
2026-03-26,P-1014,MAIN,sale,9
2026-03-26,P-1015,MAIN,sale,10
2026-03-26,P-1016,MAIN,sale,12
2026-03-26,P-1018,MAIN,sale,2
2026-03-26,P-1019,MAIN,sale,48
2026-03-26,P-1020,MAIN,sale,4
2026-03-26,P-1021,MAIN,sale,15
2026-03-26,P-1023,MAIN,sale,1
2026-03-26,P-1024,MAIN,sale,1
2026-03-27,P-1001,MAIN,sale,65
2026-03-27,P-1002,MAIN,sale,16
2026-03-27,P-1003,MAIN,sale,19
2026-03-27,P-1004,MAIN,sale,15
2026-03-27,P-1008,MAIN,sale,19
2026-03-27,P-1009,MAIN,sale,5
2026-03-27,P-1010,MAIN,sale,5
2026-03-27,P-1011,MAIN,sale,1
2026-03-27,P-1012,MAIN,sale,2
2026-03-27,P-1013,MAIN,sale,32
2026-03-27,P-1014,MAIN,sale,11
2026-03-27,P-1015,MAIN,sale,18
2026-03-27,P-1016,MAIN,sale,12
2026-03-27,P-1018,MAIN,sale,2
2026-03-27,P-1019,MAIN,sale,81
2026-03-27,P-1020,MAIN,sale,5
2026-03-27,P-1021,MAIN,sale,19
2026-03-27,P-1023,MAIN,sale,2
2026-03-27,P-1024,MAIN,sale,1
2026-03-28,P-1001,MAIN,sale,32
2026-03-28,P-1002,MAIN,sale,10
2026-03-28,P-1003,MAIN,sale,7
2026-03-28,P-1004,MAIN,sale,6
2026-03-28,P-1005,MAIN,sale,1
2026-03-28,P-1008,MAIN,sale,8
2026-03-28,P-1009,MAIN,sale,2
2026-03-28,P-1010,MAIN,sale,3
2026-03-28,P-1011,MAIN,sale,1
2026-03-28,P-1012,MAIN,sale,1
2026-03-28,P-1013,MAIN,sale,30
2026-03-28,P-1014,MAIN,sale,5
2026-03-28,P-1015,MAIN,sale,5
2026-03-28,P-1016,MAIN,sale,6
2026-03-28,P-1017,MAIN,sale,1
2026-03-28,P-1019,MAIN,sale,44
2026-03-28,P-1020,MAIN,sale,2
2026-03-28,P-1021,MAIN,sale,8
2026-03-30,P-1001,MAIN,sale,63
2026-03-30,P-1002,MAIN,sale,13
2026-03-30,P-1003,MAIN,sale,13
2026-03-30,P-1004,MAIN,sale,13
2026-03-30,P-1007,MAIN,receipt,420
2026-03-30,P-1007,MAIN,sale,70
2026-03-30,P-1008,MAIN,sale,14
2026-03-30,P-1009,MAIN,sale,9
2026-03-30,P-1010,MAIN,receipt,72
2026-03-30,P-1010,MAIN,sale,3
2026-03-30,P-1013,MAIN,receipt,564
2026-03-30,P-1013,MAIN,sale,62
2026-03-30,P-1014,MAIN,receipt,528
2026-03-30,P-1014,MAIN,sale,10
2026-03-30,P-1015,MAIN,sale,17
2026-03-30,P-1016,MAIN,sale,8
2026-03-30,P-1017,MAIN,receipt,13
2026-03-30,P-1017,MAIN,sale,1
2026-03-30,P-1019,MAIN,sale,46
2026-03-30,P-1020,MAIN,receipt,66
2026-03-30,P-1020,MAIN,sale,4
2026-03-30,P-1021,MAIN,receipt,180
2026-03-30,P-1021,MAIN,sale,18
2026-03-30,P-1022,MAIN,receipt,90
2026-03-30,P-1022,MAIN,sale,16
2026-03-30,P-1023,MAIN,sale,2
2026-03-31,P-1001,MAIN,sale,64
2026-03-31,P-1002,MAIN,sale,21
2026-03-31,P-1004,MAIN,sale,8
2026-03-31,P-1006,MAIN,sale,2
2026-03-31,P-1007,MAIN,sale,92
2026-03-31,P-1008,MAIN,sale,13
2026-03-31,P-1009,MAIN,sale,7
2026-03-31,P-1010,MAIN,sale,7
2026-03-31,P-1011,MAIN,sale,1
2026-03-31,P-1013,MAIN,sale,36
2026-03-31,P-1014,MAIN,sale,6
2026-03-31,P-1015,MAIN,sale,9
2026-03-31,P-1015,MAIN,return,6
2026-03-31,P-1016,MAIN,sale,7
2026-03-31,P-1017,MAIN,sale,1
2026-03-31,P-1019,MAIN,sale,49
2026-03-31,P-1020,MAIN,sale,5
2026-03-31,P-1021,MAIN,sale,14
2026-03-31,P-1022,MAIN,sale,15
2026-03-31,P-1023,MAIN,sale,2
2026-04-01,P-1001,MAIN,sale,30
2026-04-01,P-1002,MAIN,sale,20
2026-04-01,P-1004,MAIN,sale,14
2026-04-01,P-1006,MAIN,sale,1
2026-04-01,P-1007,MAIN,sale,126
2026-04-01,P-1008,MAIN,sale,14
2026-04-01,P-1009,MAIN,sale,8
2026-04-01,P-1010,MAIN,sale,4
2026-04-01,P-1011,MAIN,sale,1
2026-04-01,P-1013,MAIN,sale,47
2026-04-01,P-1014,MAIN,sale,9
2026-04-01,P-1015,MAIN,sale,12
2026-04-01,P-1016,MAIN,sale,11
2026-04-01,P-1019,MAIN,sale,40
2026-04-01,P-1020,MAIN,sale,4
2026-04-01,P-1021,MAIN,sale,15
2026-04-01,P-1022,MAIN,sale,12
2026-04-01,P-1023,MAIN,sale,2
2026-04-02,P-1001,MAIN,sale,28
2026-04-02,P-1002,MAIN,sale,18
2026-04-02,P-1004,MAIN,sale,8
2026-04-02,P-1005,MAIN,sale,1
2026-04-02,P-1007,MAIN,sale,52
2026-04-02,P-1008,MAIN,sale,10
2026-04-02,P-1009,MAIN,sale,8
2026-04-02,P-1010,MAIN,sale,7
2026-04-02,P-1012,MAIN,sale,2
2026-04-02,P-1013,MAIN,sale,41
2026-04-02,P-1014,MAIN,sale,9
2026-04-02,P-1015,MAIN,sale,17
2026-04-02,P-1016,MAIN,sale,7
2026-04-02,P-1019,MAIN,sale,43
2026-04-02,P-1020,MAIN,sale,5
2026-04-02,P-1021,MAIN,sale,14
2026-04-02,P-1022,MAIN,sale,6
2026-04-02,P-1023,MAIN,sale,2
2026-04-02,P-1024,MAIN,sale,1
2026-04-03,P-1001,MAIN,sale,61
2026-04-03,P-1002,MAIN,sale,5
2026-04-03,P-1003,MAIN,receipt,138
2026-04-03,P-1003,MAIN,sale,14
2026-04-03,P-1004,MAIN,sale,8
2026-04-03,P-1007,MAIN,sale,80
2026-04-03,P-1008,MAIN,sale,19
2026-04-03,P-1009,MAIN,sale,5
2026-04-03,P-1010,MAIN,sale,6
2026-04-03,P-1013,MAIN,sale,29
2026-04-03,P-1014,MAIN,sale,12
2026-04-03,P-1015,MAIN,sale,16
2026-04-03,P-1016,MAIN,sale,6
2026-04-03,P-1019,MAIN,sale,68
2026-04-03,P-1020,MAIN,sale,7
2026-04-03,P-1021,MAIN,sale,10
2026-04-03,P-1022,MAIN,sale,11
2026-04-04,P-1001,MAIN,sale,25
2026-04-04,P-1003,MAIN,sale,5
2026-04-04,P-1004,MAIN,receipt,720
2026-04-04,P-1004,MAIN,sale,9
2026-04-04,P-1006,MAIN,sale,1
2026-04-04,P-1008,MAIN,sale,6
2026-04-04,P-1009,MAIN,sale,3
2026-04-04,P-1010,MAIN,sale,2
2026-04-04,P-1013,MAIN,sale,22
2026-04-04,P-1014,MAIN,sale,4
2026-04-04,P-1015,MAIN,sale,10
2026-04-04,P-1016,MAIN,sale,5
2026-04-04,P-1017,MAIN,sale,1
2026-04-04,P-1019,MAIN,sale,32
2026-04-04,P-1020,MAIN,sale,4
2026-04-04,P-1021,MAIN,sale,9
2026-04-04,P-1022,MAIN,sale,4
2026-04-06,P-1001,MAIN,sale,32
2026-04-06,P-1002,MAIN,receipt,132
2026-04-06,P-1002,MAIN,sale,10
2026-04-06,P-1003,MAIN,sale,13
2026-04-06,P-1004,MAIN,sale,10
2026-04-06,P-1005,MAIN,receipt,17
2026-04-06,P-1005,MAIN,sale,2
2026-04-06,P-1006,MAIN,sale,1
2026-04-06,P-1008,MAIN,sale,15
2026-04-06,P-1009,MAIN,sale,9
2026-04-06,P-1010,MAIN,sale,6
2026-04-06,P-1011,MAIN,sale,1
2026-04-06,P-1013,MAIN,sale,67
2026-04-06,P-1014,MAIN,sale,5
2026-04-06,P-1015,MAIN,sale,13
2026-04-06,P-1016,MAIN,receipt,102
2026-04-06,P-1016,MAIN,sale,6
2026-04-06,P-1018,MAIN,sale,1
2026-04-06,P-1019,MAIN,sale,41
2026-04-06,P-1020,MAIN,sale,6
2026-04-06,P-1021,MAIN,sale,15
2026-04-06,P-1022,MAIN,sale,14
2026-04-06,P-1023,MAIN,receipt,17
2026-04-06,P-1024,MAIN,sale,1
2026-04-07,P-1001,MAIN,sale,39
2026-04-07,P-1002,MAIN,sale,16
2026-04-07,P-1003,MAIN,sale,8
2026-04-07,P-1004,MAIN,sale,13
2026-04-07,P-1005,MAIN,sale,1
2026-04-07,P-1006,MAIN,sale,2
2026-04-07,P-1008,MAIN,sale,13
2026-04-07,P-1009,MAIN,sale,5
2026-04-07,P-1010,MAIN,sale,7
2026-04-07,P-1011,MAIN,sale,2
2026-04-07,P-1013,MAIN,sale,59
2026-04-07,P-1014,MAIN,sale,7
2026-04-07,P-1015,MAIN,sale,17
2026-04-07,P-1016,MAIN,sale,10
2026-04-07,P-1018,MAIN,sale,2
2026-04-07,P-1019,MAIN,sale,69
2026-04-07,P-1020,MAIN,sale,8
2026-04-07,P-1021,MAIN,sale,13
2026-04-07,P-1022,MAIN,sale,10
2026-04-07,P-1024,MAIN,sale,2
2026-04-08,P-1001,MAIN,sale,59
2026-04-08,P-1002,MAIN,sale,24
2026-04-08,P-1003,MAIN,sale,12
2026-04-08,P-1004,MAIN,sale,8
2026-04-08,P-1008,MAIN,sale,20
2026-04-08,P-1009,MAIN,sale,10
2026-04-08,P-1010,MAIN,sale,4
2026-04-08,P-1011,MAIN,sale,1
2026-04-08,P-1013,MAIN,sale,47
2026-04-08,P-1014,MAIN,sale,9
2026-04-08,P-1015,MAIN,sale,17
2026-04-08,P-1016,MAIN,sale,8
2026-04-08,P-1017,MAIN,sale,2
2026-04-08,P-1018,MAIN,sale,3
2026-04-08,P-1019,MAIN,sale,84
2026-04-08,P-1020,MAIN,sale,5
2026-04-08,P-1021,MAIN,sale,19
2026-04-08,P-1022,MAIN,sale,2
2026-04-09,P-1001,MAIN,receipt,576
2026-04-09,P-1001,MAIN,sale,47
2026-04-09,P-1002,MAIN,sale,9
2026-04-09,P-1003,MAIN,sale,18
2026-04-09,P-1004,MAIN,sale,17
2026-04-09,P-1005,MAIN,sale,1
2026-04-09,P-1006,MAIN,sale,1
2026-04-09,P-1008,MAIN,sale,13
2026-04-09,P-1009,MAIN,sale,5
2026-04-09,P-1010,MAIN,sale,3
2026-04-09,P-1011,MAIN,receipt,16
2026-04-09,P-1011,MAIN,sale,1
2026-04-09,P-1012,MAIN,receipt,13
2026-04-09,P-1013,MAIN,sale,62
2026-04-09,P-1014,MAIN,sale,7
2026-04-09,P-1015,MAIN,receipt,210
2026-04-09,P-1015,MAIN,sale,20
2026-04-09,P-1016,MAIN,sale,12
2026-04-09,P-1017,MAIN,sale,2
2026-04-09,P-1019,MAIN,sale,89
2026-04-09,P-1020,MAIN,sale,8
2026-04-09,P-1021,MAIN,sale,11
2026-04-09,P-1024,MAIN,sale,1
2026-04-10,P-1001,MAIN,sale,47
2026-04-10,P-1002,MAIN,sale,12
2026-04-10,P-1003,MAIN,sale,9
2026-04-10,P-1004,MAIN,sale,9
2026-04-10,P-1005,MAIN,sale,2
2026-04-10,P-1008,MAIN,sale,10
2026-04-10,P-1009,MAIN,sale,8
2026-04-10,P-1010,MAIN,sale,7
2026-04-10,P-1013,MAIN,sale,43
2026-04-10,P-1014,MAIN,sale,11
2026-04-10,P-1015,MAIN,sale,20
2026-04-10,P-1016,MAIN,sale,5
2026-04-10,P-1017,MAIN,sale,2
2026-04-10,P-1018,MAIN,receipt,18
2026-04-10,P-1018,MAIN,sale,2
2026-04-10,P-1019,MAIN,sale,41
2026-04-10,P-1020,MAIN,sale,7
2026-04-10,P-1021,MAIN,sale,12
2026-04-11,P-1001,MAIN,sale,27
2026-04-11,P-1002,MAIN,sale,9
2026-04-11,P-1003,MAIN,receipt,114
2026-04-11,P-1003,MAIN,sale,7
2026-04-11,P-1004,MAIN,sale,4
2026-04-11,P-1008,MAIN,sale,7
2026-04-11,P-1009,MAIN,sale,4
2026-04-11,P-1010,MAIN,sale,2
2026-04-11,P-1012,MAIN,sale,1
2026-04-11,P-1013,MAIN,sale,16
2026-04-11,P-1014,MAIN,sale,6
2026-04-11,P-1015,MAIN,sale,10
2026-04-11,P-1016,MAIN,sale,6
2026-04-11,P-1019,MAIN,sale,28
2026-04-11,P-1020,MAIN,sale,3
2026-04-11,P-1021,MAIN,sale,5
2026-04-11,P-1023,MAIN,sale,1
2026-04-13,P-1001,MAIN,sale,57
2026-04-13,P-1002,MAIN,sale,13
2026-04-13,P-1003,MAIN,sale,17
2026-04-13,P-1004,MAIN,sale,16
2026-04-13,P-1007,MAIN,receipt,636
2026-04-13,P-1007,MAIN,sale,108
2026-04-13,P-1008,MAIN,receipt,252
2026-04-13,P-1008,MAIN,sale,16
2026-04-13,P-1009,MAIN,sale,10
2026-04-13,P-1010,MAIN,sale,6
2026-04-13,P-1011,MAIN,sale,1
2026-04-13,P-1012,MAIN,sale,2
2026-04-13,P-1013,MAIN,receipt,528
2026-04-13,P-1013,MAIN,sale,27
2026-04-13,P-1014,MAIN,sale,12
2026-04-13,P-1015,MAIN,sale,17
2026-04-13,P-1016,MAIN,sale,10
2026-04-13,P-1017,MAIN,sale,1
2026-04-13,P-1019,MAIN,sale,52
2026-04-13,P-1020,MAIN,receipt,66
2026-04-13,P-1020,MAIN,sale,8
2026-04-13,P-1021,MAIN,receipt,180
2026-04-13,P-1021,MAIN,sale,18
2026-04-13,P-1024,MAIN,sale,1
2026-04-14,P-1001,MAIN,sale,35
2026-04-14,P-1002,MAIN,sale,10
2026-04-14,P-1003,MAIN,sale,16
2026-04-14,P-1004,MAIN,sale,16
2026-04-14,P-1007,MAIN,sale,74
2026-04-14,P-1008,MAIN,sale,20
2026-04-14,P-1009,MAIN,sale,8
2026-04-14,P-1010,MAIN,sale,6
2026-04-14,P-1010,MAIN,return,6
2026-04-14,P-1013,MAIN,sale,47
2026-04-14,P-1014,MAIN,sale,11
2026-04-14,P-1015,MAIN,sale,18
2026-04-14,P-1016,MAIN,sale,12
2026-04-14,P-1019,MAIN,sale,56
2026-04-14,P-1020,MAIN,sale,6
2026-04-14,P-1021,MAIN,sale,13
2026-04-14,P-1024,MAIN,sale,1
2026-04-15,P-1001,MAIN,sale,56
2026-04-15,P-1002,MAIN,sale,11
2026-04-15,P-1003,MAIN,sale,12
2026-04-15,P-1004,MAIN,sale,12
2026-04-15,P-1007,MAIN,sale,51
2026-04-15,P-1008,MAIN,sale,19
2026-04-15,P-1009,MAIN,sale,9
2026-04-15,P-1010,MAIN,sale,4
2026-04-15,P-1013,MAIN,sale,38
2026-04-15,P-1014,MAIN,sale,10
2026-04-15,P-1015,MAIN,sale,13
2026-04-15,P-1016,MAIN,sale,10
2026-04-15,P-1019,MAIN,sale,53
2026-04-15,P-1020,MAIN,sale,3
2026-04-15,P-1021,MAIN,sale,12
2026-04-16,P-1001,MAIN,sale,68
2026-04-16,P-1002,MAIN,sale,18
2026-04-16,P-1003,MAIN,sale,11
2026-04-16,P-1004,MAIN,sale,10
2026-04-16,P-1005,MAIN,sale,1
2026-04-16,P-1007,MAIN,sale,71
2026-04-16,P-1008,MAIN,sale,16
2026-04-16,P-1009,MAIN,sale,9
2026-04-16,P-1010,MAIN,sale,3
2026-04-16,P-1012,MAIN,sale,3
2026-04-16,P-1013,MAIN,sale,56
2026-04-16,P-1014,MAIN,sale,9
2026-04-16,P-1015,MAIN,sale,8
2026-04-16,P-1016,MAIN,sale,10
2026-04-16,P-1019,MAIN,sale,36
2026-04-16,P-1020,MAIN,sale,7
2026-04-16,P-1021,MAIN,sale,19
2026-04-16,P-1024,MAIN,sale,2
2026-04-17,P-1001,MAIN,sale,54
2026-04-17,P-1003,MAIN,sale,17
2026-04-17,P-1004,MAIN,sale,12
2026-04-17,P-1005,MAIN,sale,1
2026-04-17,P-1006,MAIN,receipt,15
2026-04-17,P-1007,MAIN,sale,104
2026-04-17,P-1008,MAIN,sale,12
2026-04-17,P-1009,MAIN,sale,6
2026-04-17,P-1010,MAIN,sale,3
2026-04-17,P-1013,MAIN,sale,59
2026-04-17,P-1014,MAIN,sale,9
2026-04-17,P-1015,MAIN,sale,12
2026-04-17,P-1016,MAIN,sale,8
2026-04-17,P-1018,MAIN,sale,2
2026-04-17,P-1019,MAIN,sale,35
2026-04-17,P-1020,MAIN,sale,4
2026-04-17,P-1021,MAIN,sale,14
2026-04-17,P-1023,MAIN,sale,1
2026-04-18,P-1001,MAIN,sale,23
2026-04-18,P-1003,MAIN,sale,6
2026-04-18,P-1004,MAIN,sale,8
2026-04-18,P-1005,MAIN,sale,1
2026-04-18,P-1007,MAIN,sale,50
2026-04-18,P-1008,MAIN,sale,8
2026-04-18,P-1009,MAIN,sale,2
2026-04-18,P-1010,MAIN,sale,3
2026-04-18,P-1011,MAIN,sale,1
2026-04-18,P-1012,MAIN,sale,2
2026-04-18,P-1013,MAIN,sale,24
2026-04-18,P-1014,MAIN,sale,6
2026-04-18,P-1015,MAIN,sale,8
2026-04-18,P-1016,MAIN,sale,5
2026-04-18,P-1018,MAIN,sale,1
2026-04-18,P-1019,MAIN,sale,21
2026-04-18,P-1020,MAIN,sale,3
2026-04-18,P-1021,MAIN,sale,10
2026-04-20,P-1001,MAIN,sale,35
2026-04-20,P-1002,MAIN,receipt,156
2026-04-20,P-1002,MAIN,sale,23
2026-04-20,P-1003,MAIN,sale,17
2026-04-20,P-1004,MAIN,sale,14
2026-04-20,P-1005,MAIN,sale,1
2026-04-20,P-1007,MAIN,sale,100
2026-04-20,P-1008,MAIN,sale,10
2026-04-20,P-1009,MAIN,sale,6
2026-04-20,P-1010,MAIN,sale,7
2026-04-20,P-1013,MAIN,sale,44
2026-04-20,P-1014,MAIN,sale,10
2026-04-20,P-1015,MAIN,sale,17
2026-04-20,P-1016,MAIN,sale,12
2026-04-20,P-1017,MAIN,sale,1
2026-04-20,P-1019,MAIN,sale,48
2026-04-20,P-1020,MAIN,sale,6
2026-04-20,P-1021,MAIN,sale,11
2026-04-20,P-1023,MAIN,receipt,15
2026-04-20,P-1023,MAIN,sale,2
2026-04-20,P-1024,MAIN,sale,1
2026-04-21,P-1001,MAIN,sale,54
2026-04-21,P-1002,MAIN,sale,19
2026-04-21,P-1003,MAIN,sale,14
2026-04-21,P-1004,MAIN,sale,13
2026-04-21,P-1006,MAIN,sale,1
2026-04-21,P-1007,MAIN,sale,60
2026-04-21,P-1008,MAIN,sale,17
2026-04-21,P-1009,MAIN,sale,5
2026-04-21,P-1010,MAIN,sale,6
2026-04-21,P-1011,MAIN,sale,1
2026-04-21,P-1012,MAIN,sale,2
2026-04-21,P-1013,MAIN,sale,56
2026-04-21,P-1014,MAIN,sale,9
2026-04-21,P-1015,MAIN,sale,18
2026-04-21,P-1016,MAIN,sale,6
2026-04-21,P-1018,MAIN,sale,2
2026-04-21,P-1019,MAIN,sale,57
2026-04-21,P-1020,MAIN,sale,4
2026-04-21,P-1021,MAIN,sale,21
2026-04-22,P-1001,MAIN,sale,46
2026-04-22,P-1002,MAIN,sale,14
2026-04-22,P-1003,MAIN,sale,8
2026-04-22,P-1004,MAIN,sale,11
2026-04-22,P-1006,MAIN,sale,1
2026-04-22,P-1007,MAIN,sale,18
2026-04-22,P-1008,MAIN,sale,15
2026-04-22,P-1009,MAIN,sale,9
2026-04-22,P-1010,MAIN,sale,4
2026-04-22,P-1012,MAIN,sale,3
2026-04-22,P-1013,MAIN,sale,59
2026-04-22,P-1014,MAIN,sale,11
2026-04-22,P-1015,MAIN,sale,14
2026-04-22,P-1016,MAIN,sale,5
2026-04-22,P-1017,MAIN,sale,1
2026-04-22,P-1018,MAIN,sale,2
2026-04-22,P-1019,MAIN,sale,73
2026-04-22,P-1020,MAIN,sale,5
2026-04-22,P-1021,MAIN,sale,13
2026-04-22,P-1022,MAIN,receipt,108
2026-04-22,P-1022,MAIN,sale,15
2026-04-22,P-1023,MAIN,sale,2
2026-04-23,P-1001,MAIN,receipt,516
2026-04-23,P-1001,MAIN,sale,28
2026-04-23,P-1002,MAIN,sale,24
2026-04-23,P-1003,MAIN,sale,12
2026-04-23,P-1004,MAIN,sale,11
2026-04-23,P-1006,MAIN,sale,2
2026-04-23,P-1008,MAIN,sale,14
2026-04-23,P-1009,MAIN,sale,6
2026-04-23,P-1010,MAIN,sale,7
2026-04-23,P-1013,MAIN,sale,43
2026-04-23,P-1014,MAIN,sale,9
2026-04-23,P-1015,MAIN,receipt,174
2026-04-23,P-1015,MAIN,sale,13
2026-04-23,P-1016,MAIN,sale,11
2026-04-23,P-1019,MAIN,sale,66
2026-04-23,P-1020,MAIN,sale,8
2026-04-23,P-1021,MAIN,sale,11
2026-04-23,P-1022,MAIN,sale,11
2026-04-23,P-1024,MAIN,sale,1
2026-04-24,P-1001,MAIN,sale,61
2026-04-24,P-1002,MAIN,sale,20
2026-04-24,P-1003,MAIN,sale,17
2026-04-24,P-1004,MAIN,sale,14
2026-04-24,P-1005,MAIN,sale,2
2026-04-24,P-1008,MAIN,sale,20
2026-04-24,P-1009,MAIN,sale,7
2026-04-24,P-1010,MAIN,sale,5
2026-04-24,P-1011,MAIN,sale,1
2026-04-24,P-1013,MAIN,sale,40
2026-04-24,P-1014,MAIN,sale,9
2026-04-24,P-1015,MAIN,sale,16
2026-04-24,P-1016,MAIN,sale,5
2026-04-24,P-1018,MAIN,sale,2
2026-04-24,P-1019,MAIN,sale,54
2026-04-24,P-1020,MAIN,sale,7
2026-04-24,P-1021,MAIN,sale,11
2026-04-24,P-1022,MAIN,sale,13
2026-04-24,P-1024,MAIN,sale,1
2026-04-25,P-1001,MAIN,sale,28
2026-04-25,P-1002,MAIN,sale,7
2026-04-25,P-1003,MAIN,receipt,150
2026-04-25,P-1003,MAIN,sale,8
2026-04-25,P-1004,MAIN,sale,4
2026-04-25,P-1008,MAIN,sale,5
2026-04-25,P-1009,MAIN,sale,2
2026-04-25,P-1010,MAIN,sale,3
2026-04-25,P-1011,MAIN,sale,1
2026-04-25,P-1012,MAIN,sale,1
2026-04-25,P-1013,MAIN,sale,26
2026-04-25,P-1014,MAIN,sale,5
2026-04-25,P-1015,MAIN,sale,8
2026-04-25,P-1016,MAIN,sale,4
2026-04-25,P-1019,MAIN,sale,20
2026-04-25,P-1020,MAIN,sale,4
2026-04-25,P-1021,MAIN,sale,10
2026-04-25,P-1022,MAIN,sale,5
2026-04-26,P-1010,MAIN,receipt,84
2026-04-27,P-1001,MAIN,sale,41
2026-04-27,P-1002,MAIN,sale,12
2026-04-27,P-1003,MAIN,sale,14
2026-04-27,P-1004,MAIN,sale,15
2026-04-27,P-1007,MAIN,receipt,552
2026-04-27,P-1007,MAIN,sale,56
2026-04-27,P-1008,MAIN,sale,12
2026-04-27,P-1009,MAIN,sale,5
2026-04-27,P-1010,MAIN,sale,6
2026-04-27,P-1011,MAIN,sale,1
2026-04-27,P-1012,MAIN,sale,2
2026-04-27,P-1013,MAIN,receipt,528
2026-04-27,P-1013,MAIN,sale,59
2026-04-27,P-1014,MAIN,sale,5
2026-04-27,P-1015,MAIN,sale,14
2026-04-27,P-1016,MAIN,receipt,150
2026-04-27,P-1016,MAIN,sale,9
2026-04-27,P-1017,MAIN,receipt,12
2026-04-27,P-1017,MAIN,sale,2
2026-04-27,P-1018,MAIN,sale,2
2026-04-27,P-1019,MAIN,sale,71
2026-04-27,P-1020,MAIN,receipt,60
2026-04-27,P-1020,MAIN,sale,4
2026-04-27,P-1021,MAIN,receipt,180
2026-04-27,P-1021,MAIN,sale,17
2026-04-27,P-1022,MAIN,receipt,78
2026-04-27,P-1022,MAIN,sale,7
2026-04-27,P-1024,MAIN,sale,1
2026-04-28,P-1001,MAIN,sale,62
2026-04-28,P-1002,MAIN,sale,14
2026-04-28,P-1003,MAIN,sale,8
2026-04-28,P-1004,MAIN,sale,9
2026-04-28,P-1007,MAIN,sale,79
2026-04-28,P-1008,MAIN,sale,12
2026-04-28,P-1009,MAIN,sale,5
2026-04-28,P-1010,MAIN,sale,8
2026-04-28,P-1013,MAIN,sale,56
2026-04-28,P-1014,MAIN,sale,7
2026-04-28,P-1015,MAIN,sale,16
2026-04-28,P-1016,MAIN,sale,7
2026-04-28,P-1017,MAIN,sale,1
2026-04-28,P-1018,MAIN,sale,2
2026-04-28,P-1019,MAIN,sale,90
2026-04-28,P-1020,MAIN,sale,4
2026-04-28,P-1021,MAIN,sale,17
2026-04-28,P-1022,MAIN,sale,8
2026-04-29,P-1001,MAIN,sale,59
2026-04-29,P-1002,MAIN,sale,14
2026-04-29,P-1003,MAIN,sale,30
2026-04-29,P-1004,MAIN,sale,10
2026-04-29,P-1005,MAIN,sale,2
2026-04-29,P-1007,MAIN,sale,112
2026-04-29,P-1008,MAIN,sale,9
2026-04-29,P-1009,MAIN,sale,7
2026-04-29,P-1010,MAIN,sale,11
2026-04-29,P-1012,MAIN,sale,3
2026-04-29,P-1013,MAIN,sale,53
2026-04-29,P-1014,MAIN,sale,5
2026-04-29,P-1015,MAIN,sale,20
2026-04-29,P-1016,MAIN,sale,12
2026-04-29,P-1017,MAIN,sale,3
2026-04-29,P-1019,MAIN,sale,38
2026-04-29,P-1020,MAIN,sale,4
2026-04-29,P-1021,MAIN,sale,16
2026-04-29,P-1022,MAIN,sale,13
2026-04-29,P-1024,MAIN,sale,3
2026-04-30,P-1001,MAIN,sale,60
2026-04-30,P-1002,MAIN,sale,9
2026-04-30,P-1003,MAIN,sale,27
2026-04-30,P-1004,MAIN,sale,15
2026-04-30,P-1007,MAIN,sale,52
2026-04-30,P-1008,MAIN,sale,12
2026-04-30,P-1009,MAIN,sale,10
2026-04-30,P-1010,MAIN,sale,10
2026-04-30,P-1011,MAIN,sale,2
2026-04-30,P-1013,MAIN,sale,38
2026-04-30,P-1014,MAIN,sale,13
2026-04-30,P-1015,MAIN,sale,12
2026-04-30,P-1016,MAIN,sale,10
2026-04-30,P-1018,MAIN,sale,2
2026-04-30,P-1019,MAIN,sale,86
2026-04-30,P-1020,MAIN,sale,4
2026-04-30,P-1021,MAIN,sale,18
2026-04-30,P-1022,MAIN,sale,14
2026-05-01,P-1001,MAIN,sale,35
2026-05-01,P-1003,MAIN,sale,20
2026-05-01,P-1004,MAIN,sale,11
2026-05-01,P-1005,MAIN,sale,2
2026-05-01,P-1007,MAIN,sale,89
2026-05-01,P-1008,MAIN,sale,13
2026-05-01,P-1009,MAIN,sale,7
2026-05-01,P-1010,MAIN,sale,8
2026-05-01,P-1012,MAIN,sale,3
2026-05-01,P-1013,MAIN,sale,32
2026-05-01,P-1014,MAIN,sale,11
2026-05-01,P-1015,MAIN,sale,14
2026-05-01,P-1016,MAIN,sale,8
2026-05-01,P-1019,MAIN,sale,52
2026-05-01,P-1020,MAIN,sale,8
2026-05-01,P-1021,MAIN,sale,9
2026-05-01,P-1022,MAIN,sale,12
2026-05-02,P-1001,MAIN,sale,33
2026-05-02,P-1003,MAIN,sale,13
2026-05-02,P-1004,MAIN,sale,6
2026-05-02,P-1006,MAIN,sale,1
2026-05-02,P-1007,MAIN,sale,59
2026-05-02,P-1008,MAIN,sale,11
2026-05-02,P-1009,MAIN,sale,4
2026-05-02,P-1010,MAIN,sale,6
2026-05-02,P-1013,MAIN,sale,18
2026-05-02,P-1014,MAIN,sale,3
2026-05-02,P-1015,MAIN,sale,6
2026-05-02,P-1016,MAIN,sale,3
2026-05-02,P-1018,MAIN,receipt,19
2026-05-02,P-1019,MAIN,sale,44
2026-05-02,P-1020,MAIN,sale,2
2026-05-02,P-1021,MAIN,sale,10
2026-05-02,P-1022,MAIN,sale,8
2026-05-02,P-1024,MAIN,sale,1
2026-05-04,P-1001,MAIN,sale,49
2026-05-04,P-1003,MAIN,sale,22
2026-05-04,P-1004,MAIN,sale,17
2026-05-04,P-1006,MAIN,sale,1
2026-05-04,P-1007,MAIN,sale,59
2026-05-04,P-1008,MAIN,receipt,252
2026-05-04,P-1008,MAIN,sale,14
2026-05-04,P-1009,MAIN,sale,5
2026-05-04,P-1010,MAIN,sale,13
2026-05-04,P-1013,MAIN,sale,31
2026-05-04,P-1014,MAIN,sale,8
2026-05-04,P-1015,MAIN,sale,18
2026-05-04,P-1016,MAIN,sale,7
2026-05-04,P-1019,MAIN,sale,38
2026-05-04,P-1020,MAIN,sale,6
2026-05-04,P-1021,MAIN,sale,9
2026-05-04,P-1022,MAIN,sale,16
2026-05-04,P-1024,MAIN,sale,2
2026-05-05,P-1001,MAIN,sale,49
2026-05-05,P-1003,MAIN,sale,14
2026-05-05,P-1004,MAIN,sale,15
2026-05-05,P-1005,MAIN,sale,2
2026-05-05,P-1006,MAIN,sale,1
2026-05-05,P-1007,MAIN,sale,46
2026-05-05,P-1008,MAIN,sale,16
2026-05-05,P-1009,MAIN,sale,6
2026-05-05,P-1010,MAIN,sale,13
2026-05-05,P-1011,MAIN,sale,1
2026-05-05,P-1013,MAIN,sale,56
2026-05-05,P-1014,MAIN,sale,11
2026-05-05,P-1015,MAIN,sale,18
2026-05-05,P-1016,MAIN,sale,12
2026-05-05,P-1019,MAIN,sale,86
2026-05-05,P-1020,MAIN,sale,7
2026-05-05,P-1021,MAIN,sale,10
2026-05-05,P-1022,MAIN,sale,14
2026-05-06,P-1001,MAIN,sale,56
2026-05-06,P-1003,MAIN,sale,13
2026-05-06,P-1004,MAIN,sale,15
2026-05-06,P-1008,MAIN,sale,12
2026-05-06,P-1009,MAIN,sale,6
2026-05-06,P-1010,MAIN,sale,13
2026-05-06,P-1013,MAIN,sale,51
2026-05-06,P-1014,MAIN,sale,12
2026-05-06,P-1015,MAIN,sale,14
2026-05-06,P-1016,MAIN,sale,11
2026-05-06,P-1017,MAIN,sale,1
2026-05-06,P-1019,MAIN,sale,84
2026-05-06,P-1020,MAIN,sale,4
2026-05-06,P-1021,MAIN,sale,18
2026-05-06,P-1022,MAIN,sale,14
2026-05-07,P-1001,MAIN,receipt,528
2026-05-07,P-1001,MAIN,sale,34
2026-05-07,P-1004,MAIN,sale,8
2026-05-07,P-1008,MAIN,sale,19
2026-05-07,P-1009,MAIN,sale,7
2026-05-07,P-1010,MAIN,sale,10
2026-05-07,P-1011,MAIN,receipt,13
2026-05-07,P-1011,MAIN,sale,1
2026-05-07,P-1013,MAIN,sale,53
2026-05-07,P-1014,MAIN,sale,8
2026-05-07,P-1015,MAIN,receipt,162
2026-05-07,P-1015,MAIN,sale,17
2026-05-07,P-1016,MAIN,sale,8
2026-05-07,P-1019,MAIN,sale,90
2026-05-07,P-1020,MAIN,sale,8
2026-05-07,P-1021,MAIN,sale,14
2026-05-07,P-1022,MAIN,sale,9
2026-05-07,P-1024,MAIN,sale,2
2026-05-08,P-1001,MAIN,sale,63
2026-05-08,P-1004,MAIN,sale,8
2026-05-08,P-1008,MAIN,sale,20
2026-05-08,P-1009,MAIN,sale,8
2026-05-08,P-1010,MAIN,sale,15
2026-05-08,P-1013,MAIN,sale,36
2026-05-08,P-1014,MAIN,sale,7
2026-05-08,P-1015,MAIN,sale,15
2026-05-08,P-1016,MAIN,sale,8
2026-05-08,P-1019,MAIN,sale,83
2026-05-08,P-1020,MAIN,sale,8
2026-05-08,P-1021,MAIN,sale,13
2026-05-08,P-1022,MAIN,sale,13
2026-05-08,P-1023,MAIN,sale,1
2026-05-09,P-1001,MAIN,sale,25
2026-05-09,P-1002,MAIN,receipt,168
2026-05-09,P-1002,MAIN,sale,13
2026-05-09,P-1003,MAIN,receipt,192
2026-05-09,P-1003,MAIN,sale,7
2026-05-09,P-1004,MAIN,sale,4
2026-05-09,P-1008,MAIN,sale,6
2026-05-09,P-1009,MAIN,sale,2
2026-05-09,P-1010,MAIN,sale,7
2026-05-09,P-1011,MAIN,sale,1
2026-05-09,P-1013,MAIN,sale,20
2026-05-09,P-1014,MAIN,sale,4
2026-05-09,P-1015,MAIN,sale,9
2026-05-09,P-1016,MAIN,sale,4
2026-05-09,P-1017,MAIN,sale,2
2026-05-09,P-1018,MAIN,sale,1
2026-05-09,P-1019,MAIN,sale,34
2026-05-09,P-1020,MAIN,sale,4
2026-05-09,P-1021,MAIN,sale,10
2026-05-09,P-1022,MAIN,sale,7
2026-05-11,P-1001,MAIN,sale,34
2026-05-11,P-1002,MAIN,sale,19
2026-05-11,P-1003,MAIN,sale,25
2026-05-11,P-1004,MAIN,sale,17
2026-05-11,P-1004,MAIN,return,6
2026-05-11,P-1005,MAIN,sale,1
2026-05-11,P-1006,MAIN,receipt,14
2026-05-11,P-1007,MAIN,receipt,588
2026-05-11,P-1007,MAIN,sale,53
2026-05-11,P-1008,MAIN,sale,16
2026-05-11,P-1009,MAIN,sale,5
2026-05-11,P-1010,MAIN,receipt,78
2026-05-11,P-1010,MAIN,sale,16
2026-05-11,P-1011,MAIN,sale,1
2026-05-11,P-1012,MAIN,receipt,18
2026-05-11,P-1012,MAIN,sale,2
2026-05-11,P-1013,MAIN,receipt,504
2026-05-11,P-1013,MAIN,sale,33
2026-05-11,P-1014,MAIN,sale,9
2026-05-11,P-1015,MAIN,sale,20
2026-05-11,P-1016,MAIN,sale,11
2026-05-11,P-1017,MAIN,sale,4
2026-05-11,P-1019,MAIN,sale,46
2026-05-11,P-1020,MAIN,receipt,66
2026-05-11,P-1020,MAIN,sale,4
2026-05-11,P-1021,MAIN,receipt,156
2026-05-11,P-1021,MAIN,sale,14
2026-05-11,P-1022,MAIN,sale,7
2026-05-12,P-1001,MAIN,sale,36
2026-05-12,P-1002,MAIN,sale,19
2026-05-12,P-1003,MAIN,sale,20
2026-05-12,P-1004,MAIN,sale,14
2026-05-12,P-1005,MAIN,sale,2
2026-05-12,P-1007,MAIN,sale,81
2026-05-12,P-1008,MAIN,sale,18
2026-05-12,P-1009,MAIN,sale,7
2026-05-12,P-1010,MAIN,sale,10
2026-05-12,P-1012,MAIN,sale,3
2026-05-12,P-1013,MAIN,sale,25
2026-05-12,P-1014,MAIN,sale,8
2026-05-12,P-1015,MAIN,sale,9
2026-05-12,P-1016,MAIN,sale,9
2026-05-12,P-1018,MAIN,sale,2
2026-05-12,P-1019,MAIN,sale,50
2026-05-12,P-1020,MAIN,sale,5
2026-05-12,P-1021,MAIN,sale,18
2026-05-13,P-1001,MAIN,sale,35
2026-05-13,P-1002,MAIN,sale,19
2026-05-13,P-1003,MAIN,sale,19
2026-05-13,P-1004,MAIN,sale,11
2026-05-13,P-1005,MAIN,sale,2
2026-05-13,P-1007,MAIN,sale,102
2026-05-13,P-1008,MAIN,sale,12
2026-05-13,P-1009,MAIN,sale,6
2026-05-13,P-1010,MAIN,sale,12
2026-05-13,P-1012,MAIN,sale,2
2026-05-13,P-1013,MAIN,sale,41
2026-05-13,P-1014,MAIN,sale,13
2026-05-13,P-1015,MAIN,sale,11
2026-05-13,P-1016,MAIN,sale,5
2026-05-13,P-1018,MAIN,sale,2
2026-05-13,P-1019,MAIN,sale,73
2026-05-13,P-1020,MAIN,sale,4
2026-05-13,P-1021,MAIN,sale,8
2026-05-14,P-1001,MAIN,sale,46
2026-05-14,P-1002,MAIN,sale,19
2026-05-14,P-1003,MAIN,sale,19
2026-05-14,P-1004,MAIN,sale,17
2026-05-14,P-1005,MAIN,sale,1
2026-05-14,P-1006,MAIN,sale,1
2026-05-14,P-1007,MAIN,sale,55
2026-05-14,P-1008,MAIN,sale,20
2026-05-14,P-1009,MAIN,sale,8
2026-05-14,P-1010,MAIN,sale,16
2026-05-14,P-1011,MAIN,sale,1
2026-05-14,P-1013,MAIN,sale,34
2026-05-14,P-1014,MAIN,sale,10
2026-05-14,P-1015,MAIN,sale,12
2026-05-14,P-1016,MAIN,sale,10
2026-05-14,P-1018,MAIN,sale,3
2026-05-14,P-1019,MAIN,sale,64
2026-05-14,P-1020,MAIN,sale,7
2026-05-14,P-1021,MAIN,sale,16
2026-05-14,P-1024,MAIN,sale,2
2026-05-15,P-1001,MAIN,sale,46
2026-05-15,P-1002,MAIN,sale,16
2026-05-15,P-1003,MAIN,sale,27
2026-05-15,P-1004,MAIN,sale,15
2026-05-15,P-1005,MAIN,sale,2
2026-05-15,P-1007,MAIN,sale,109
2026-05-15,P-1008,MAIN,sale,14
2026-05-15,P-1009,MAIN,sale,9
2026-05-15,P-1010,MAIN,sale,9
2026-05-15,P-1013,MAIN,sale,38
2026-05-15,P-1014,MAIN,sale,12
2026-05-15,P-1015,MAIN,sale,18
2026-05-15,P-1016,MAIN,sale,9
2026-05-15,P-1017,MAIN,sale,3
2026-05-15,P-1018,MAIN,sale,2
2026-05-15,P-1019,MAIN,sale,54
2026-05-15,P-1020,MAIN,sale,5
2026-05-15,P-1021,MAIN,sale,8
2026-05-15,P-1023,MAIN,sale,2
2026-05-15,P-1024,MAIN,sale,3
2026-05-16,P-1001,MAIN,sale,25
2026-05-16,P-1002,MAIN,sale,14
2026-05-16,P-1003,MAIN,sale,11
2026-05-16,P-1004,MAIN,sale,8
2026-05-16,P-1007,MAIN,sale,35
2026-05-16,P-1008,MAIN,sale,9
2026-05-16,P-1009,MAIN,sale,4
2026-05-16,P-1010,MAIN,sale,6
2026-05-16,P-1012,MAIN,sale,1
2026-05-16,P-1013,MAIN,sale,20
2026-05-16,P-1014,MAIN,sale,5
2026-05-16,P-1015,MAIN,sale,10
2026-05-16,P-1016,MAIN,sale,3
2026-05-16,P-1019,MAIN,sale,20
2026-05-16,P-1020,MAIN,sale,2
2026-05-16,P-1021,MAIN,sale,6
2026-05-16,P-1023,MAIN,sale,1
2026-05-18,P-1001,MAIN,sale,45
2026-05-18,P-1002,MAIN,sale,21
2026-05-18,P-1003,MAIN,sale,16
2026-05-18,P-1004,MAIN,sale,9
2026-05-18,P-1005,MAIN,receipt,17
2026-05-18,P-1005,MAIN,sale,1
2026-05-18,P-1006,MAIN,sale,1
2026-05-18,P-1007,MAIN,sale,86
2026-05-18,P-1008,MAIN,sale,10
2026-05-18,P-1009,MAIN,sale,10
2026-05-18,P-1010,MAIN,sale,16
2026-05-18,P-1012,MAIN,sale,3
2026-05-18,P-1013,MAIN,sale,29
2026-05-18,P-1014,MAIN,sale,12
2026-05-18,P-1015,MAIN,sale,17
2026-05-18,P-1016,MAIN,receipt,138
2026-05-18,P-1016,MAIN,sale,11
2026-05-18,P-1019,MAIN,sale,80
2026-05-18,P-1020,MAIN,sale,5
2026-05-18,P-1021,MAIN,sale,11
2026-05-18,P-1023,MAIN,sale,1
2026-05-19,P-1001,MAIN,sale,64
2026-05-19,P-1002,MAIN,sale,17
2026-05-19,P-1003,MAIN,sale,13
2026-05-19,P-1004,MAIN,sale,14
2026-05-19,P-1007,MAIN,sale,67
2026-05-19,P-1008,MAIN,sale,9
2026-05-19,P-1009,MAIN,sale,5
2026-05-19,P-1010,MAIN,sale,9
2026-05-19,P-1011,MAIN,sale,1
2026-05-19,P-1012,MAIN,sale,1
2026-05-19,P-1013,MAIN,sale,41
2026-05-19,P-1014,MAIN,sale,6
2026-05-19,P-1015,MAIN,sale,14
2026-05-19,P-1016,MAIN,sale,10
2026-05-19,P-1017,MAIN,sale,2
2026-05-19,P-1019,MAIN,sale,38
2026-05-19,P-1020,MAIN,sale,7
2026-05-19,P-1021,MAIN,sale,13
2026-05-19,P-1023,MAIN,sale,1
2026-05-19,P-1024,MAIN,sale,1
2026-05-20,P-1001,MAIN,sale,56
2026-05-20,P-1002,MAIN,sale,11
2026-05-20,P-1003,MAIN,sale,26
2026-05-20,P-1004,MAIN,sale,14
2026-05-20,P-1008,MAIN,sale,20
2026-05-20,P-1009,MAIN,sale,9
2026-05-20,P-1010,MAIN,sale,2
2026-05-20,P-1012,MAIN,sale,2
2026-05-20,P-1013,MAIN,sale,51
2026-05-20,P-1014,MAIN,sale,9
2026-05-20,P-1015,MAIN,sale,18
2026-05-20,P-1016,MAIN,sale,10
2026-05-20,P-1017,MAIN,sale,2
2026-05-20,P-1019,MAIN,sale,93
2026-05-20,P-1020,MAIN,sale,7
2026-05-20,P-1021,MAIN,sale,9
2026-05-20,P-1024,MAIN,sale,3
2026-05-21,P-1001,MAIN,receipt,552
2026-05-21,P-1001,MAIN,sale,31
2026-05-21,P-1003,MAIN,sale,9
2026-05-21,P-1004,MAIN,sale,8
2026-05-21,P-1005,MAIN,sale,2
2026-05-21,P-1006,MAIN,sale,1
2026-05-21,P-1008,MAIN,sale,15
2026-05-21,P-1009,MAIN,sale,8
2026-05-21,P-1011,MAIN,sale,2
2026-05-21,P-1012,MAIN,sale,2
2026-05-21,P-1013,MAIN,sale,32
2026-05-21,P-1014,MAIN,sale,12
2026-05-21,P-1015,MAIN,receipt,174
2026-05-21,P-1015,MAIN,sale,10
2026-05-21,P-1016,MAIN,sale,8
2026-05-21,P-1018,MAIN,sale,1
2026-05-21,P-1019,MAIN,sale,41
2026-05-21,P-1020,MAIN,sale,5
2026-05-21,P-1021,MAIN,sale,9
2026-05-22,P-1001,MAIN,sale,34
2026-05-22,P-1004,MAIN,sale,16
2026-05-22,P-1005,MAIN,sale,1
2026-05-22,P-1008,MAIN,sale,10
2026-05-22,P-1009,MAIN,sale,8
2026-05-22,P-1012,MAIN,sale,2
2026-05-22,P-1013,MAIN,sale,48
2026-05-22,P-1014,MAIN,sale,9
2026-05-22,P-1015,MAIN,sale,19
2026-05-22,P-1016,MAIN,sale,12
2026-05-22,P-1019,MAIN,sale,91
2026-05-22,P-1020,MAIN,sale,4
2026-05-22,P-1021,MAIN,sale,15
2026-05-22,P-1024,MAIN,sale,2
2026-05-23,P-1001,MAIN,sale,27
2026-05-23,P-1004,MAIN,sale,6
2026-05-23,P-1008,MAIN,sale,8
2026-05-23,P-1009,MAIN,sale,4
2026-05-23,P-1013,MAIN,sale,14
2026-05-23,P-1014,MAIN,sale,5
2026-05-23,P-1015,MAIN,sale,6
2026-05-23,P-1016,MAIN,sale,3
2026-05-23,P-1018,MAIN,sale,1
2026-05-23,P-1019,MAIN,sale,41
2026-05-23,P-1020,MAIN,sale,2
2026-05-23,P-1021,MAIN,sale,6
2026-05-23,P-1023,MAIN,sale,1
2026-05-24,P-1017,MAIN,receipt,11
2026-05-25,P-1001,MAIN,sale,53
2026-05-25,P-1004,MAIN,sale,11
2026-05-25,P-1005,MAIN,sale,2
2026-05-25,P-1007,MAIN,receipt,564
2026-05-25,P-1007,MAIN,sale,71
2026-05-25,P-1008,MAIN,receipt,240
2026-05-25,P-1008,MAIN,sale,18
2026-05-25,P-1009,MAIN,sale,4
2026-05-25,P-1010,MAIN,receipt,90
2026-05-25,P-1010,MAIN,sale,16
2026-05-25,P-1013,MAIN,receipt,444
2026-05-25,P-1013,MAIN,sale,27
2026-05-25,P-1014,MAIN,sale,7
2026-05-25,P-1015,MAIN,sale,10
2026-05-25,P-1016,MAIN,sale,5
2026-05-25,P-1019,MAIN,sale,68
2026-05-25,P-1020,MAIN,receipt,60
2026-05-25,P-1020,MAIN,sale,8
2026-05-25,P-1021,MAIN,receipt,162
2026-05-25,P-1021,MAIN,sale,8
2026-05-26,P-1001,MAIN,sale,26
2026-05-26,P-1004,MAIN,sale,16
2026-05-26,P-1006,MAIN,sale,2
2026-05-26,P-1007,MAIN,sale,54
2026-05-26,P-1008,MAIN,sale,13
2026-05-26,P-1009,MAIN,sale,5
2026-05-26,P-1010,MAIN,sale,17
2026-05-26,P-1011,MAIN,sale,1
2026-05-26,P-1013,MAIN,sale,43
2026-05-26,P-1014,MAIN,sale,12
2026-05-26,P-1015,MAIN,sale,12
2026-05-26,P-1016,MAIN,sale,8
2026-05-26,P-1019,MAIN,sale,59
2026-05-26,P-1020,MAIN,sale,7
2026-05-26,P-1021,MAIN,sale,19
2026-05-27,P-1001,MAIN,sale,49
2026-05-27,P-1004,MAIN,sale,9
2026-05-27,P-1007,MAIN,sale,55
2026-05-27,P-1008,MAIN,sale,17
2026-05-27,P-1009,MAIN,sale,8
2026-05-27,P-1010,MAIN,sale,8
2026-05-27,P-1013,MAIN,sale,40
2026-05-27,P-1014,MAIN,sale,12
2026-05-27,P-1015,MAIN,sale,11
2026-05-27,P-1016,MAIN,sale,5
2026-05-27,P-1017,MAIN,sale,3
2026-05-27,P-1018,MAIN,sale,2
2026-05-27,P-1019,MAIN,sale,57
2026-05-27,P-1020,MAIN,sale,5
2026-05-27,P-1021,MAIN,sale,17
2026-05-28,P-1001,MAIN,sale,31
2026-05-28,P-1004,MAIN,sale,17
2026-05-28,P-1005,MAIN,adjustment,-3
2026-05-28,P-1007,MAIN,sale,83
2026-05-28,P-1007,MAIN,adjustment,-1
2026-05-28,P-1008,MAIN,sale,16
2026-05-28,P-1008,MAIN,adjustment,-1
2026-05-28,P-1009,MAIN,sale,7
2026-05-28,P-1009,MAIN,adjustment,-3
2026-05-28,P-1010,MAIN,sale,13
2026-05-28,P-1013,MAIN,sale,28
2026-05-28,P-1014,MAIN,sale,10
2026-05-28,P-1014,MAIN,adjustment,-3
2026-05-28,P-1015,MAIN,sale,9
2026-05-28,P-1016,MAIN,sale,8
2026-05-28,P-1019,MAIN,sale,59
2026-05-28,P-1020,MAIN,sale,7
2026-05-28,P-1020,MAIN,adjustment,-2
2026-05-28,P-1021,MAIN,sale,18
2026-05-28,P-1022,MAIN,receipt,132
2026-05-28,P-1022,MAIN,sale,12
2026-05-28,P-1024,MAIN,sale,2
2026-05-29,P-1001,MAIN,sale,62
2026-05-29,P-1004,MAIN,sale,15
2026-05-29,P-1005,MAIN,sale,2
2026-05-29,P-1007,MAIN,sale,56
2026-05-29,P-1008,MAIN,sale,14
2026-05-29,P-1009,MAIN,sale,9
2026-05-29,P-1010,MAIN,sale,16
2026-05-29,P-1013,MAIN,sale,22
2026-05-29,P-1014,MAIN,sale,6
2026-05-29,P-1015,MAIN,sale,15
2026-05-29,P-1016,MAIN,sale,8
2026-05-29,P-1019,MAIN,sale,65
2026-05-29,P-1020,MAIN,sale,5
2026-05-29,P-1021,MAIN,sale,19
2026-05-29,P-1022,MAIN,sale,8
2026-05-29,P-1023,MAIN,sale,1
2026-05-29,P-1024,MAIN,sale,3
2026-05-30,P-1001,MAIN,sale,27
2026-05-30,P-1004,MAIN,sale,7
2026-05-30,P-1005,MAIN,sale,1
2026-05-30,P-1007,MAIN,sale,47
2026-05-30,P-1008,MAIN,sale,10
2026-05-30,P-1009,MAIN,sale,4
2026-05-30,P-1009,MAIN,return,4
2026-05-30,P-1010,MAIN,sale,6
2026-05-30,P-1013,MAIN,sale,24
2026-05-30,P-1014,MAIN,sale,4
2026-05-30,P-1015,MAIN,sale,10
2026-05-30,P-1016,MAIN,sale,6
2026-05-30,P-1018,MAIN,sale,1
2026-05-30,P-1019,MAIN,sale,37
2026-05-30,P-1020,MAIN,sale,3
2026-05-30,P-1021,MAIN,sale,6
2026-05-30,P-1022,MAIN,sale,5
2026-05-30,P-1023,MAIN,sale,1
2026-05-30,P-1024,MAIN,sale,1
2026-06-01,P-1001,MAIN,sale,38
2026-06-01,P-1004,MAIN,sale,16
2026-06-01,P-1006,MAIN,sale,1
2026-06-01,P-1007,MAIN,sale,100
2026-06-01,P-1008,MAIN,sale,10
2026-06-01,P-1009,MAIN,sale,7
2026-06-01,P-1010,MAIN,receipt,72
2026-06-01,P-1010,MAIN,sale,16
2026-06-01,P-1013,MAIN,sale,27
2026-06-01,P-1014,MAIN,sale,9
2026-06-01,P-1015,MAIN,sale,20
2026-06-01,P-1016,MAIN,receipt,96
2026-06-01,P-1016,MAIN,sale,7
2026-06-01,P-1017,MAIN,receipt,11
2026-06-01,P-1018,MAIN,sale,1
2026-06-01,P-1019,MAIN,sale,54
2026-06-01,P-1020,MAIN,sale,8
2026-06-01,P-1021,MAIN,sale,12
2026-06-01,P-1022,MAIN,sale,9
2026-06-01,P-1023,MAIN,sale,1
2026-06-02,P-1001,MAIN,sale,46
2026-06-02,P-1004,MAIN,sale,12
2026-06-02,P-1007,MAIN,sale,76
2026-06-02,P-1008,MAIN,sale,22
2026-06-02,P-1009,MAIN,sale,9
2026-06-02,P-1010,MAIN,sale,17
2026-06-02,P-1011,MAIN,sale,2
2026-06-02,P-1013,MAIN,sale,39
2026-06-02,P-1014,MAIN,sale,13
2026-06-02,P-1015,MAIN,sale,18
2026-06-02,P-1016,MAIN,sale,9
2026-06-02,P-1017,MAIN,sale,2
2026-06-02,P-1018,MAIN,sale,2
2026-06-02,P-1019,MAIN,sale,42
2026-06-02,P-1020,MAIN,sale,7
2026-06-02,P-1021,MAIN,sale,18
2026-06-02,P-1022,MAIN,sale,11
2026-06-02,P-1023,MAIN,sale,1
2026-06-02,P-1024,MAIN,sale,3
2026-06-03,P-1001,MAIN,sale,33
2026-06-03,P-1003,MAIN,receipt,168
2026-06-03,P-1003,MAIN,sale,10
2026-06-03,P-1004,MAIN,sale,14
2026-06-03,P-1007,MAIN,sale,21
2026-06-03,P-1008,MAIN,sale,19
2026-06-03,P-1009,MAIN,sale,8
2026-06-03,P-1010,MAIN,sale,10
2026-06-03,P-1011,MAIN,sale,2
2026-06-03,P-1013,MAIN,sale,33
2026-06-03,P-1014,MAIN,sale,8
2026-06-03,P-1015,MAIN,sale,17
2026-06-03,P-1016,MAIN,sale,9
2026-06-03,P-1018,MAIN,sale,1
2026-06-03,P-1019,MAIN,sale,91
2026-06-03,P-1020,MAIN,sale,8
2026-06-03,P-1021,MAIN,sale,16
2026-06-03,P-1022,MAIN,sale,7
2026-06-04,P-1001,MAIN,receipt,504
2026-06-04,P-1001,MAIN,sale,40
2026-06-04,P-1003,MAIN,sale,23
2026-06-04,P-1004,MAIN,sale,13
2026-06-04,P-1008,MAIN,sale,15
2026-06-04,P-1009,MAIN,sale,10
2026-06-04,P-1010,MAIN,sale,17
2026-06-04,P-1013,MAIN,sale,40
2026-06-04,P-1014,MAIN,sale,10
2026-06-04,P-1015,MAIN,receipt,156
2026-06-04,P-1015,MAIN,sale,17
2026-06-04,P-1016,MAIN,sale,7
2026-06-04,P-1017,MAIN,sale,2
2026-06-04,P-1018,MAIN,sale,2
2026-06-04,P-1019,MAIN,sale,71
2026-06-04,P-1020,MAIN,sale,5
2026-06-04,P-1021,MAIN,sale,18
2026-06-04,P-1022,MAIN,sale,12
2026-06-04,P-1024,MAIN,receipt,79
2026-06-05,P-1001,MAIN,sale,43
2026-06-05,P-1002,MAIN,receipt,168
2026-06-05,P-1002,MAIN,sale,19
2026-06-05,P-1003,MAIN,sale,23
2026-06-05,P-1004,MAIN,sale,17
2026-06-05,P-1006,MAIN,sale,1
2026-06-05,P-1008,MAIN,sale,18
2026-06-05,P-1009,MAIN,sale,5
2026-06-05,P-1010,MAIN,sale,14
2026-06-05,P-1011,MAIN,sale,1
2026-06-05,P-1012,MAIN,receipt,17
2026-06-05,P-1012,MAIN,sale,2
2026-06-05,P-1013,MAIN,sale,43
2026-06-05,P-1014,MAIN,sale,9
2026-06-05,P-1015,MAIN,sale,18
2026-06-05,P-1016,MAIN,sale,11
2026-06-05,P-1017,MAIN,sale,1
2026-06-05,P-1019,MAIN,sale,62
2026-06-05,P-1020,MAIN,sale,4
2026-06-05,P-1021,MAIN,sale,13
2026-06-05,P-1022,MAIN,sale,14
2026-06-05,P-1022,MAIN,return,6
2026-06-06,P-1001,MAIN,sale,18
2026-06-06,P-1002,MAIN,sale,15
2026-06-06,P-1003,MAIN,sale,11
2026-06-06,P-1004,MAIN,sale,8
2026-06-06,P-1006,MAIN,sale,1
2026-06-06,P-1008,MAIN,sale,7
2026-06-06,P-1009,MAIN,sale,3
2026-06-06,P-1010,MAIN,sale,8
2026-06-06,P-1012,MAIN,sale,1
2026-06-06,P-1013,MAIN,sale,22
2026-06-06,P-1014,MAIN,sale,4
2026-06-06,P-1015,MAIN,sale,7
2026-06-06,P-1016,MAIN,sale,4
2026-06-06,P-1018,MAIN,receipt,20
2026-06-06,P-1019,MAIN,sale,21
2026-06-06,P-1020,MAIN,sale,4
2026-06-06,P-1021,MAIN,sale,8
2026-06-06,P-1022,MAIN,sale,8
2026-06-06,P-1023,MAIN,sale,1
2026-06-06,P-1024,MAIN,sale,1
2026-06-08,P-1001,MAIN,sale,27
2026-06-08,P-1002,MAIN,sale,20
2026-06-08,P-1003,MAIN,sale,24
2026-06-08,P-1004,MAIN,sale,12
2026-06-08,P-1005,MAIN,sale,2
2026-06-08,P-1007,MAIN,receipt,528
2026-06-08,P-1007,MAIN,sale,76
2026-06-08,P-1008,MAIN,sale,9
2026-06-08,P-1009,MAIN,sale,8
2026-06-08,P-1010,MAIN,sale,4
2026-06-08,P-1011,MAIN,sale,2
2026-06-08,P-1013,MAIN,sale,44
2026-06-08,P-1014,MAIN,sale,5
2026-06-08,P-1015,MAIN,sale,18
2026-06-08,P-1016,MAIN,sale,11
2026-06-08,P-1019,MAIN,receipt,4104
2026-06-08,P-1019,MAIN,sale,88
2026-06-08,P-1020,MAIN,receipt,60
2026-06-08,P-1020,MAIN,sale,5
2026-06-08,P-1021,MAIN,receipt,144
2026-06-08,P-1021,MAIN,sale,12
2026-06-08,P-1022,MAIN,sale,9
2026-06-09,P-1001,MAIN,sale,49
2026-06-09,P-1002,MAIN,sale,20
2026-06-09,P-1003,MAIN,sale,16
2026-06-09,P-1004,MAIN,sale,15
2026-06-09,P-1005,MAIN,sale,2
2026-06-09,P-1006,MAIN,sale,1
2026-06-09,P-1007,MAIN,sale,48
2026-06-09,P-1008,MAIN,sale,11
2026-06-09,P-1009,MAIN,sale,4
2026-06-09,P-1013,MAIN,sale,38
2026-06-09,P-1014,MAIN,sale,6
2026-06-09,P-1015,MAIN,sale,11
2026-06-09,P-1016,MAIN,sale,12
2026-06-09,P-1017,MAIN,sale,2
2026-06-09,P-1019,MAIN,sale,80
2026-06-09,P-1020,MAIN,sale,4
2026-06-09,P-1021,MAIN,sale,12
2026-06-09,P-1022,MAIN,sale,13
2026-06-09,P-1023,MAIN,sale,1
2026-06-10,P-1001,MAIN,sale,38
2026-06-10,P-1002,MAIN,sale,14
2026-06-10,P-1003,MAIN,sale,23
2026-06-10,P-1004,MAIN,sale,18
2026-06-10,P-1005,MAIN,sale,2
2026-06-10,P-1007,MAIN,sale,91
2026-06-10,P-1008,MAIN,sale,15
2026-06-10,P-1009,MAIN,sale,8
2026-06-10,P-1011,MAIN,sale,1
2026-06-10,P-1013,MAIN,sale,28
2026-06-10,P-1014,MAIN,sale,8
2026-06-10,P-1015,MAIN,sale,16
2026-06-10,P-1016,MAIN,sale,7
2026-06-10,P-1017,MAIN,sale,2
2026-06-10,P-1019,MAIN,sale,95
2026-06-10,P-1020,MAIN,sale,4
2026-06-10,P-1021,MAIN,sale,15
2026-06-10,P-1022,MAIN,sale,15
2026-06-10,P-1023,MAIN,sale,1
2026-06-11,P-1001,MAIN,sale,54
2026-06-11,P-1002,MAIN,sale,18
2026-06-11,P-1003,MAIN,sale,23
2026-06-11,P-1004,MAIN,sale,8
2026-06-11,P-1005,MAIN,sale,2
2026-06-11,P-1006,MAIN,sale,1
2026-06-11,P-1007,MAIN,sale,66
2026-06-11,P-1008,MAIN,sale,22
2026-06-11,P-1009,MAIN,receipt,462
2026-06-11,P-1009,MAIN,sale,6
2026-06-11,P-1011,MAIN,sale,2
2026-06-11,P-1012,MAIN,sale,2
2026-06-11,P-1013,MAIN,sale,30
2026-06-11,P-1014,MAIN,sale,11
2026-06-11,P-1015,MAIN,sale,10
2026-06-11,P-1016,MAIN,sale,6
2026-06-11,P-1017,MAIN,sale,2
2026-06-11,P-1019,MAIN,sale,39
2026-06-11,P-1020,MAIN,sale,6
2026-06-11,P-1021,MAIN,sale,7
2026-06-11,P-1022,MAIN,sale,15
2026-06-12,P-1001,MAIN,sale,27
2026-06-12,P-1002,MAIN,sale,16
2026-06-12,P-1003,MAIN,sale,15
2026-06-12,P-1004,MAIN,sale,14
2026-06-12,P-1005,MAIN,sale,2
2026-06-12,P-1007,MAIN,sale,106
2026-06-12,P-1008,MAIN,sale,23
2026-06-12,P-1009,MAIN,sale,8
2026-06-12,P-1011,MAIN,sale,2
2026-06-12,P-1012,MAIN,sale,2
2026-06-12,P-1013,MAIN,sale,39
2026-06-12,P-1014,MAIN,sale,8
2026-06-12,P-1015,MAIN,sale,16
2026-06-12,P-1016,MAIN,sale,12
2026-06-12,P-1017,MAIN,sale,2
2026-06-12,P-1019,MAIN,sale,61
2026-06-12,P-1020,MAIN,sale,4
2026-06-12,P-1021,MAIN,sale,14
2026-06-13,P-1001,MAIN,sale,25
2026-06-13,P-1002,MAIN,sale,7
2026-06-13,P-1003,MAIN,receipt,144
2026-06-13,P-1003,MAIN,sale,5
2026-06-13,P-1004,MAIN,sale,9
2026-06-13,P-1005,MAIN,sale,1
2026-06-13,P-1006,MAIN,sale,1
2026-06-13,P-1007,MAIN,sale,41
2026-06-13,P-1008,MAIN,sale,11
2026-06-13,P-1009,MAIN,sale,5
2026-06-13,P-1011,MAIN,sale,1
2026-06-13,P-1013,MAIN,sale,13
2026-06-13,P-1014,MAIN,sale,5
2026-06-13,P-1015,MAIN,sale,5
2026-06-13,P-1016,MAIN,sale,5
2026-06-13,P-1017,MAIN,sale,2
2026-06-13,P-1018,MAIN,sale,1
2026-06-13,P-1019,MAIN,sale,33
2026-06-13,P-1020,MAIN,sale,2
2026-06-13,P-1021,MAIN,sale,8
2026-06-13,P-1023,MAIN,sale,1
2026-06-15,P-1001,MAIN,sale,64
2026-06-15,P-1002,MAIN,sale,23
2026-06-15,P-1003,MAIN,sale,17
2026-06-15,P-1004,MAIN,sale,7
2026-06-15,P-1005,MAIN,receipt,20
2026-06-15,P-1005,MAIN,sale,2
2026-06-15,P-1006,MAIN,sale,2
2026-06-15,P-1007,MAIN,sale,100
2026-06-15,P-1008,MAIN,sale,21
2026-06-15,P-1009,MAIN,sale,8
2026-06-15,P-1013,MAIN,receipt,612
2026-06-15,P-1013,MAIN,sale,28
2026-06-15,P-1014,MAIN,receipt,558
2026-06-15,P-1014,MAIN,sale,12
2026-06-15,P-1015,MAIN,sale,9
2026-06-15,P-1016,MAIN,receipt,96
2026-06-15,P-1016,MAIN,sale,5
2026-06-15,P-1018,MAIN,sale,1
2026-06-15,P-1019,MAIN,sale,61
2026-06-15,P-1020,MAIN,sale,5
2026-06-15,P-1021,MAIN,sale,13
2026-06-15,P-1023,MAIN,receipt,16
2026-06-15,P-1024,MAIN,sale,1
2026-06-16,P-1001,MAIN,sale,60
2026-06-16,P-1002,MAIN,sale,14
2026-06-16,P-1003,MAIN,sale,21
2026-06-16,P-1004,MAIN,sale,16
2026-06-16,P-1005,MAIN,sale,1
2026-06-16,P-1008,MAIN,sale,10
2026-06-16,P-1009,MAIN,sale,7
2026-06-16,P-1012,MAIN,sale,2
2026-06-16,P-1013,MAIN,sale,33
2026-06-16,P-1014,MAIN,sale,11
2026-06-16,P-1015,MAIN,sale,16
2026-06-16,P-1016,MAIN,sale,11
2026-06-16,P-1018,MAIN,sale,1
2026-06-16,P-1019,MAIN,sale,86
2026-06-16,P-1020,MAIN,sale,8
2026-06-16,P-1021,MAIN,sale,12
2026-06-16,P-1024,MAIN,sale,2
2026-06-17,P-1001,MAIN,sale,51
2026-06-17,P-1002,MAIN,sale,2
2026-06-17,P-1003,MAIN,sale,11
2026-06-17,P-1004,MAIN,sale,14
2026-06-17,P-1005,MAIN,sale,2
2026-06-17,P-1006,MAIN,sale,2
2026-06-17,P-1008,MAIN,sale,18
2026-06-17,P-1009,MAIN,sale,8
2026-06-17,P-1010,MAIN,receipt,72
2026-06-17,P-1010,MAIN,sale,16
2026-06-17,P-1011,MAIN,sale,1
2026-06-17,P-1012,MAIN,sale,2
2026-06-17,P-1013,MAIN,sale,48
2026-06-17,P-1014,MAIN,sale,10
2026-06-17,P-1015,MAIN,sale,11
2026-06-17,P-1016,MAIN,sale,10
2026-06-17,P-1017,MAIN,sale,2
2026-06-17,P-1018,MAIN,sale,2
2026-06-17,P-1019,MAIN,sale,84
2026-06-17,P-1020,MAIN,sale,5
2026-06-17,P-1021,MAIN,sale,14
2026-06-17,P-1023,MAIN,sale,2
2026-06-18,P-1001,MAIN,sale,43
2026-06-18,P-1003,MAIN,sale,17
2026-06-18,P-1004,MAIN,sale,17
2026-06-18,P-1005,MAIN,sale,1
2026-06-18,P-1008,MAIN,sale,20
2026-06-18,P-1009,MAIN,sale,6
2026-06-18,P-1010,MAIN,sale,16
2026-06-18,P-1011,MAIN,receipt,18
2026-06-18,P-1011,MAIN,sale,2
2026-06-18,P-1012,MAIN,sale,2
2026-06-18,P-1013,MAIN,sale,45
2026-06-18,P-1014,MAIN,sale,5
2026-06-18,P-1015,MAIN,receipt,174
2026-06-18,P-1015,MAIN,sale,19
2026-06-18,P-1016,MAIN,sale,6
2026-06-18,P-1017,MAIN,sale,2
2026-06-18,P-1019,MAIN,sale,80
2026-06-18,P-1020,MAIN,sale,6
2026-06-18,P-1021,MAIN,sale,12
2026-06-18,P-1023,MAIN,sale,1
2026-06-18,P-1024,MAIN,sale,1
2026-06-19,P-1001,MAIN,sale,46
2026-06-19,P-1003,MAIN,sale,22
2026-06-19,P-1004,MAIN,sale,15
2026-06-19,P-1008,MAIN,sale,21
2026-06-19,P-1009,MAIN,sale,6
2026-06-19,P-1010,MAIN,sale,11
2026-06-19,P-1013,MAIN,sale,30
2026-06-19,P-1014,MAIN,sale,7
2026-06-19,P-1015,MAIN,sale,15
2026-06-19,P-1016,MAIN,sale,9
2026-06-19,P-1017,MAIN,sale,2
2026-06-19,P-1019,MAIN,sale,37
2026-06-19,P-1020,MAIN,sale,5
2026-06-19,P-1021,MAIN,sale,13
2026-06-19,P-1023,MAIN,sale,2
2026-06-20,P-1001,MAIN,sale,21
2026-06-20,P-1003,MAIN,sale,7
2026-06-20,P-1004,MAIN,receipt,768
2026-06-20,P-1004,MAIN,sale,8
2026-06-20,P-1008,MAIN,sale,5
2026-06-20,P-1009,MAIN,sale,2
2026-06-20,P-1010,MAIN,sale,10
2026-06-20,P-1013,MAIN,sale,15
2026-06-20,P-1014,MAIN,sale,3
2026-06-20,P-1015,MAIN,sale,10
2026-06-20,P-1016,MAIN,sale,3
2026-06-20,P-1017,MAIN,sale,1
2026-06-20,P-1019,MAIN,sale,24
2026-06-20,P-1020,MAIN,sale,3
2026-06-20,P-1021,MAIN,sale,4
2026-06-20,P-1023,MAIN,sale,1
2026-06-20,P-1024,MAIN,sale,1
2026-06-22,P-1001,MAIN,sale,53
2026-06-22,P-1002,MAIN,receipt,180
2026-06-22,P-1002,MAIN,sale,28
2026-06-22,P-1003,MAIN,sale,13
2026-06-22,P-1004,MAIN,sale,8
2026-06-22,P-1008,MAIN,sale,10
2026-06-22,P-1009,MAIN,sale,8
2026-06-22,P-1010,MAIN,receipt,102
2026-06-22,P-1010,MAIN,sale,8
2026-06-22,P-1011,MAIN,sale,2
2026-06-22,P-1012,MAIN,sale,2
2026-06-22,P-1013,MAIN,sale,47
2026-06-22,P-1014,MAIN,sale,11
2026-06-22,P-1015,MAIN,sale,8
2026-06-22,P-1016,MAIN,sale,5
2026-06-22,P-1018,MAIN,sale,1
2026-06-22,P-1019,MAIN,sale,51
2026-06-22,P-1020,MAIN,receipt,72
2026-06-22,P-1020,MAIN,sale,6
2026-06-22,P-1021,MAIN,receipt,150
2026-06-22,P-1021,MAIN,sale,14
2026-06-22,P-1022,MAIN,receipt,102
2026-06-22,P-1022,MAIN,sale,12
2026-06-22,P-1024,MAIN,sale,2
2026-06-23,P-1001,MAIN,sale,37
2026-06-23,P-1002,MAIN,sale,29
2026-06-23,P-1003,MAIN,sale,18
2026-06-23,P-1004,MAIN,sale,18
2026-06-23,P-1006,MAIN,sale,1
2026-06-23,P-1008,MAIN,receipt,252
2026-06-23,P-1008,MAIN,sale,17
2026-06-23,P-1009,MAIN,sale,8
2026-06-23,P-1010,MAIN,sale,20
2026-06-23,P-1011,MAIN,sale,2
2026-06-23,P-1013,MAIN,sale,21
2026-06-23,P-1014,MAIN,sale,12
2026-06-23,P-1015,MAIN,sale,19
2026-06-23,P-1016,MAIN,sale,12
2026-06-23,P-1018,MAIN,sale,2
2026-06-23,P-1019,MAIN,sale,51
2026-06-23,P-1020,MAIN,sale,6
2026-06-23,P-1021,MAIN,sale,15
2026-06-23,P-1022,MAIN,sale,11
2026-06-24,P-1001,MAIN,sale,31
2026-06-24,P-1002,MAIN,sale,25
2026-06-24,P-1003,MAIN,sale,13
2026-06-24,P-1004,MAIN,sale,14
2026-06-24,P-1006,MAIN,sale,2
2026-06-24,P-1008,MAIN,sale,12
2026-06-24,P-1009,MAIN,sale,10
2026-06-24,P-1010,MAIN,sale,8
2026-06-24,P-1013,MAIN,sale,41
2026-06-24,P-1014,MAIN,sale,6
2026-06-24,P-1015,MAIN,sale,14
2026-06-24,P-1016,MAIN,sale,10
2026-06-24,P-1018,MAIN,sale,2
2026-06-24,P-1019,MAIN,sale,39
2026-06-24,P-1020,MAIN,sale,6
2026-06-24,P-1021,MAIN,sale,15
2026-06-24,P-1022,MAIN,sale,12
2026-06-25,P-1001,MAIN,receipt,696
2026-06-25,P-1001,MAIN,sale,64
2026-06-25,P-1002,MAIN,sale,28
2026-06-25,P-1004,MAIN,sale,17
2026-06-25,P-1006,MAIN,receipt,14
2026-06-25,P-1008,MAIN,sale,12
2026-06-25,P-1009,MAIN,sale,9
2026-06-25,P-1010,MAIN,sale,13
2026-06-25,P-1011,MAIN,sale,1
2026-06-25,P-1012,MAIN,receipt,14
2026-06-25,P-1012,MAIN,sale,2
2026-06-25,P-1013,MAIN,sale,36
2026-06-25,P-1014,MAIN,sale,9
2026-06-25,P-1015,MAIN,sale,17
2026-06-25,P-1016,MAIN,sale,6
2026-06-25,P-1019,MAIN,sale,93
2026-06-25,P-1020,MAIN,sale,5
2026-06-25,P-1021,MAIN,sale,11
2026-06-25,P-1022,MAIN,sale,15
2026-06-26,P-1001,MAIN,sale,50
2026-06-26,P-1002,MAIN,sale,33
2026-06-26,P-1004,MAIN,sale,9
2026-06-26,P-1008,MAIN,sale,23
2026-06-26,P-1009,MAIN,sale,8
2026-06-26,P-1010,MAIN,sale,13
2026-06-26,P-1011,MAIN,sale,1
2026-06-26,P-1013,MAIN,sale,45
2026-06-26,P-1014,MAIN,sale,12
2026-06-26,P-1015,MAIN,sale,15
2026-06-26,P-1016,MAIN,sale,8
2026-06-26,P-1019,MAIN,sale,89
2026-06-26,P-1020,MAIN,sale,6
2026-06-26,P-1021,MAIN,sale,15
2026-06-26,P-1022,MAIN,sale,12
2026-06-27,P-1001,MAIN,sale,14
2026-06-27,P-1002,MAIN,sale,9
2026-06-27,P-1004,MAIN,sale,6
2026-06-27,P-1005,MAIN,sale,1
2026-06-27,P-1006,MAIN,sale,1
2026-06-27,P-1008,MAIN,sale,12
2026-06-27,P-1009,MAIN,sale,3
2026-06-27,P-1010,MAIN,sale,6
2026-06-27,P-1013,MAIN,sale,20
2026-06-27,P-1014,MAIN,sale,4
2026-06-27,P-1015,MAIN,sale,5
2026-06-27,P-1016,MAIN,sale,4
2026-06-27,P-1019,MAIN,sale,19
2026-06-27,P-1020,MAIN,sale,4
2026-06-27,P-1021,MAIN,sale,7
2026-06-27,P-1022,MAIN,sale,4
2026-06-27,P-1023,MAIN,sale,1
2026-06-29,P-1001,MAIN,sale,38
2026-06-29,P-1002,MAIN,sale,28
2026-06-29,P-1004,MAIN,sale,10
2026-06-29,P-1008,MAIN,sale,11
2026-06-29,P-1009,MAIN,sale,4
2026-06-29,P-1010,MAIN,receipt,72
2026-06-29,P-1010,MAIN,sale,12
2026-06-29,P-1011,MAIN,sale,1
2026-06-29,P-1012,MAIN,sale,2
2026-06-29,P-1013,MAIN,sale,33
2026-06-29,P-1014,MAIN,sale,8
2026-06-29,P-1015,MAIN,sale,10
2026-06-29,P-1016,MAIN,sale,8
2026-06-29,P-1017,MAIN,receipt,15
2026-06-29,P-1019,MAIN,sale,76
2026-06-29,P-1020,MAIN,sale,4
2026-06-29,P-1021,MAIN,sale,11
2026-06-29,P-1022,MAIN,sale,14
2026-06-29,P-1023,MAIN,sale,2
2026-06-30,P-1001,MAIN,sale,58
2026-06-30,P-1004,MAIN,sale,10
2026-06-30,P-1005,MAIN,sale,2
2026-06-30,P-1008,MAIN,sale,24
2026-06-30,P-1009,MAIN,sale,7
2026-06-30,P-1010,MAIN,sale,18
2026-06-30,P-1013,MAIN,sale,40
2026-06-30,P-1014,MAIN,sale,8
2026-06-30,P-1015,MAIN,sale,17
2026-06-30,P-1016,MAIN,sale,11
2026-06-30,P-1018,MAIN,sale,1
2026-06-30,P-1019,MAIN,sale,59
2026-06-30,P-1020,MAIN,sale,7
2026-06-30,P-1021,MAIN,sale,15
2026-06-30,P-1022,MAIN,sale,14
2026-07-01,P-1001,MAIN,sale,49
2026-07-01,P-1004,MAIN,sale,11
2026-07-01,P-1008,MAIN,sale,16
2026-07-01,P-1009,MAIN,sale,6
2026-07-01,P-1010,MAIN,sale,14
2026-07-01,P-1011,MAIN,sale,2
2026-07-01,P-1012,MAIN,sale,1
2026-07-01,P-1013,MAIN,sale,45
2026-07-01,P-1014,MAIN,sale,6
2026-07-01,P-1015,MAIN,sale,16
2026-07-01,P-1016,MAIN,sale,10
2026-07-01,P-1017,MAIN,sale,4
2026-07-01,P-1018,MAIN,sale,1
2026-07-01,P-1019,MAIN,sale,45
2026-07-01,P-1020,MAIN,sale,7
2026-07-01,P-1021,MAIN,sale,12
2026-07-01,P-1022,MAIN,sale,8
2026-07-01,P-1023,MAIN,sale,2
2026-07-01,P-1024,MAIN,sale,2
2026-07-02,P-1001,MAIN,sale,55
2026-07-02,P-1004,MAIN,sale,16
2026-07-02,P-1008,MAIN,sale,14
2026-07-02,P-1009,MAIN,sale,6
2026-07-02,P-1010,MAIN,sale,16
2026-07-02,P-1013,MAIN,sale,27
2026-07-02,P-1014,MAIN,sale,9
2026-07-02,P-1015,MAIN,sale,16
2026-07-02,P-1016,MAIN,sale,12
2026-07-02,P-1017,MAIN,sale,3
2026-07-02,P-1019,MAIN,sale,65
2026-07-02,P-1020,MAIN,sale,5
2026-07-02,P-1021,MAIN,sale,12
2026-07-02,P-1023,MAIN,sale,1
2026-07-02,P-1024,MAIN,sale,2
2026-07-03,P-1001,MAIN,sale,46
2026-07-03,P-1003,MAIN,receipt,186
2026-07-03,P-1003,MAIN,sale,16
2026-07-03,P-1004,MAIN,sale,9
2026-07-03,P-1006,MAIN,sale,1
2026-07-03,P-1007,MAIN,receipt,636
2026-07-03,P-1007,MAIN,sale,75
2026-07-03,P-1008,MAIN,sale,19
2026-07-03,P-1009,MAIN,sale,9
2026-07-03,P-1010,MAIN,sale,10
2026-07-03,P-1012,MAIN,sale,1
2026-07-03,P-1013,MAIN,sale,44
2026-07-03,P-1014,MAIN,sale,7
2026-07-03,P-1015,MAIN,sale,15
2026-07-03,P-1016,MAIN,sale,9
2026-07-03,P-1019,MAIN,sale,75
2026-07-03,P-1020,MAIN,sale,8
2026-07-03,P-1021,MAIN,sale,11
2026-07-03,P-1023,MAIN,sale,1
2026-07-04,P-1001,MAIN,sale,32
2026-07-04,P-1003,MAIN,sale,11
2026-07-04,P-1004,MAIN,sale,5
2026-07-04,P-1007,MAIN,sale,46
2026-07-04,P-1008,MAIN,sale,5
2026-07-04,P-1009,MAIN,sale,2
2026-07-04,P-1010,MAIN,sale,10
2026-07-04,P-1013,MAIN,sale,10
2026-07-04,P-1014,MAIN,sale,3
2026-07-04,P-1015,MAIN,sale,6
2026-07-04,P-1016,MAIN,sale,4
2026-07-04,P-1018,MAIN,sale,1
2026-07-04,P-1019,MAIN,sale,20
2026-07-04,P-1020,MAIN,sale,3
2026-07-04,P-1021,MAIN,sale,4
2026-07-06,P-1001,MAIN,sale,59
2026-07-06,P-1002,MAIN,receipt,204
2026-07-06,P-1002,MAIN,sale,30
2026-07-06,P-1003,MAIN,sale,17
2026-07-06,P-1004,MAIN,sale,13
2026-07-06,P-1005,MAIN,receipt,19
2026-07-06,P-1007,MAIN,sale,77
2026-07-06,P-1008,MAIN,sale,23
2026-07-06,P-1009,MAIN,sale,8
2026-07-06,P-1010,MAIN,sale,14
2026-07-06,P-1011,MAIN,sale,2
2026-07-06,P-1013,MAIN,receipt,588
2026-07-06,P-1013,MAIN,sale,19
2026-07-06,P-1014,MAIN,sale,9
2026-07-06,P-1015,MAIN,sale,19
2026-07-06,P-1016,MAIN,receipt,138
2026-07-06,P-1016,MAIN,sale,6
2026-07-06,P-1019,MAIN,sale,62
2026-07-06,P-1020,MAIN,receipt,60
2026-07-06,P-1020,MAIN,sale,4
2026-07-06,P-1021,MAIN,receipt,156
2026-07-06,P-1021,MAIN,sale,7
2026-07-06,P-1022,MAIN,receipt,96
2026-07-06,P-1022,MAIN,sale,14
2026-07-06,P-1024,MAIN,sale,3
2026-07-07,P-1001,MAIN,sale,53
2026-07-07,P-1002,MAIN,sale,33
2026-07-07,P-1003,MAIN,sale,14
2026-07-07,P-1004,MAIN,sale,16
2026-07-07,P-1007,MAIN,sale,74
2026-07-07,P-1008,MAIN,sale,24
2026-07-07,P-1009,MAIN,sale,7
2026-07-07,P-1010,MAIN,sale,21
2026-07-07,P-1013,MAIN,sale,35
2026-07-07,P-1014,MAIN,sale,7
2026-07-07,P-1015,MAIN,sale,14
2026-07-07,P-1016,MAIN,sale,8
2026-07-07,P-1017,MAIN,sale,2
2026-07-07,P-1019,MAIN,sale,46
2026-07-07,P-1020,MAIN,sale,7
2026-07-07,P-1021,MAIN,sale,12
2026-07-07,P-1022,MAIN,sale,11
2026-07-08,P-1001,MAIN,sale,33
2026-07-08,P-1001,MAIN,return,12
2026-07-08,P-1002,MAIN,sale,28
2026-07-08,P-1003,MAIN,sale,20
2026-07-08,P-1004,MAIN,sale,18
2026-07-08,P-1007,MAIN,sale,62
2026-07-08,P-1008,MAIN,sale,10
2026-07-08,P-1009,MAIN,sale,10
2026-07-08,P-1010,MAIN,sale,10
2026-07-08,P-1012,MAIN,sale,2
2026-07-08,P-1013,MAIN,sale,39
2026-07-08,P-1014,MAIN,sale,8
2026-07-08,P-1015,MAIN,sale,19
2026-07-08,P-1016,MAIN,sale,10
2026-07-08,P-1019,MAIN,sale,98
2026-07-08,P-1020,MAIN,sale,3
2026-07-08,P-1021,MAIN,sale,6
2026-07-08,P-1022,MAIN,sale,6
2026-07-09,P-1001,MAIN,receipt,504
2026-07-09,P-1001,MAIN,sale,42
2026-07-09,P-1002,MAIN,sale,22
2026-07-09,P-1003,MAIN,sale,18
2026-07-09,P-1004,MAIN,sale,17
2026-07-09,P-1005,MAIN,sale,1
2026-07-09,P-1007,MAIN,sale,56
2026-07-09,P-1008,MAIN,sale,22
2026-07-09,P-1009,MAIN,sale,9
2026-07-09,P-1011,MAIN,receipt,16
2026-07-09,P-1012,MAIN,receipt,12
2026-07-09,P-1013,MAIN,sale,41
2026-07-09,P-1014,MAIN,sale,7
2026-07-09,P-1015,MAIN,receipt,222
2026-07-09,P-1015,MAIN,sale,11
2026-07-09,P-1016,MAIN,sale,6
2026-07-09,P-1019,MAIN,sale,90
2026-07-09,P-1020,MAIN,sale,4
2026-07-09,P-1021,MAIN,sale,8
2026-07-09,P-1022,MAIN,sale,14
2026-07-09,P-1024,MAIN,sale,2
2026-07-10,P-1001,MAIN,sale,56
2026-07-10,P-1002,MAIN,sale,22
2026-07-10,P-1003,MAIN,sale,15
2026-07-10,P-1004,MAIN,sale,11
2026-07-10,P-1005,MAIN,sale,2
2026-07-10,P-1007,MAIN,sale,76
2026-07-10,P-1008,MAIN,sale,20
2026-07-10,P-1009,MAIN,sale,7
2026-07-10,P-1011,MAIN,sale,2
2026-07-10,P-1012,MAIN,sale,1
2026-07-10,P-1013,MAIN,sale,29
2026-07-10,P-1014,MAIN,sale,11
2026-07-10,P-1015,MAIN,sale,10
2026-07-10,P-1016,MAIN,sale,9
2026-07-10,P-1017,MAIN,sale,2
2026-07-10,P-1018,MAIN,sale,1
2026-07-10,P-1019,MAIN,sale,39
2026-07-10,P-1020,MAIN,sale,7
2026-07-10,P-1020,MAIN,return,6
2026-07-10,P-1021,MAIN,sale,10
2026-07-10,P-1022,MAIN,sale,8
2026-07-10,P-1024,MAIN,sale,1
2026-07-11,P-1001,MAIN,sale,22
2026-07-11,P-1002,MAIN,sale,8
2026-07-11,P-1003,MAIN,sale,9
2026-07-11,P-1004,MAIN,sale,9
2026-07-11,P-1006,MAIN,sale,1
2026-07-11,P-1007,MAIN,sale,32
2026-07-11,P-1008,MAIN,sale,5
2026-07-11,P-1009,MAIN,sale,4
2026-07-11,P-1013,MAIN,sale,12
2026-07-11,P-1014,MAIN,sale,3
2026-07-11,P-1015,MAIN,sale,5
2026-07-11,P-1016,MAIN,sale,4
2026-07-11,P-1017,MAIN,sale,1
2026-07-11,P-1018,MAIN,receipt,18
2026-07-11,P-1018,MAIN,sale,1
2026-07-11,P-1019,MAIN,sale,40
2026-07-11,P-1019,MAIN,return,12
2026-07-11,P-1020,MAIN,sale,2
2026-07-11,P-1021,MAIN,sale,6
2026-07-11,P-1022,MAIN,sale,5
2026-07-13,P-1001,MAIN,sale,53
2026-07-13,P-1002,MAIN,sale,28
2026-07-13,P-1003,MAIN,sale,18
2026-07-13,P-1004,MAIN,sale,9
2026-07-13,P-1007,MAIN,sale,62
2026-07-13,P-1008,MAIN,receipt,276
2026-07-13,P-1008,MAIN,sale,20
2026-07-13,P-1009,MAIN,sale,5
2026-07-13,P-1012,MAIN,sale,2
2026-07-13,P-1013,MAIN,sale,18
2026-07-13,P-1013,MAIN,return,12
2026-07-13,P-1014,MAIN,sale,9
2026-07-13,P-1015,MAIN,sale,12
2026-07-13,P-1016,MAIN,sale,10
2026-07-13,P-1017,MAIN,receipt,17
2026-07-13,P-1018,MAIN,sale,1
2026-07-13,P-1019,MAIN,sale,56
2026-07-13,P-1020,MAIN,sale,8
2026-07-13,P-1021,MAIN,sale,13
2026-07-13,P-1022,MAIN,sale,12
2026-07-13,P-1023,MAIN,receipt,14
2026-07-13,P-1023,MAIN,sale,1
2026-07-13,P-1024,MAIN,sale,1
2026-07-14,P-1001,MAIN,sale,45
2026-07-14,P-1002,MAIN,sale,30
2026-07-14,P-1003,MAIN,sale,16
2026-07-14,P-1004,MAIN,sale,7
2026-07-14,P-1005,MAIN,sale,2
2026-07-14,P-1006,MAIN,sale,2
2026-07-14,P-1007,MAIN,sale,76
2026-07-14,P-1008,MAIN,sale,22
2026-07-14,P-1009,MAIN,sale,7
2026-07-14,P-1011,MAIN,sale,2
2026-07-14,P-1012,MAIN,sale,1
2026-07-14,P-1013,MAIN,sale,27
2026-07-14,P-1014,MAIN,sale,10
2026-07-14,P-1015,MAIN,sale,9
2026-07-14,P-1016,MAIN,sale,8
2026-07-14,P-1019,MAIN,sale,60
2026-07-14,P-1020,MAIN,sale,6
2026-07-14,P-1021,MAIN,sale,14
2026-07-14,P-1022,MAIN,sale,12
2026-07-14,P-1023,MAIN,sale,1
2026-07-15,P-1001,MAIN,sale,57
2026-07-15,P-1002,MAIN,sale,3
2026-07-15,P-1003,MAIN,sale,13
2026-07-15,P-1004,MAIN,sale,14
2026-07-15,P-1008,MAIN,sale,21
2026-07-15,P-1009,MAIN,sale,6
2026-07-15,P-1009,MAIN,return,6
2026-07-15,P-1011,MAIN,sale,1
2026-07-15,P-1013,MAIN,sale,30
2026-07-15,P-1014,MAIN,sale,7
2026-07-15,P-1015,MAIN,sale,15
2026-07-15,P-1016,MAIN,sale,9
2026-07-15,P-1017,MAIN,sale,4
2026-07-15,P-1019,MAIN,sale,63
2026-07-15,P-1020,MAIN,sale,5
2026-07-15,P-1021,MAIN,sale,10
2026-07-15,P-1022,MAIN,sale,6
2026-07-16,P-1001,MAIN,sale,28
2026-07-16,P-1003,MAIN,sale,8
2026-07-16,P-1004,MAIN,sale,13
2026-07-16,P-1005,MAIN,sale,1
2026-07-16,P-1006,MAIN,sale,1
2026-07-16,P-1008,MAIN,sale,18
2026-07-16,P-1009,MAIN,sale,9
2026-07-16,P-1012,MAIN,sale,2
2026-07-16,P-1013,MAIN,sale,37
2026-07-16,P-1014,MAIN,sale,12
2026-07-16,P-1015,MAIN,sale,20
2026-07-16,P-1016,MAIN,sale,7
2026-07-16,P-1018,MAIN,sale,1
2026-07-16,P-1019,MAIN,sale,48
2026-07-16,P-1020,MAIN,sale,4
2026-07-16,P-1021,MAIN,sale,8
2026-07-16,P-1022,MAIN,sale,5
2026-07-16,P-1023,MAIN,sale,2
2026-07-17,P-1001,MAIN,sale,40
2026-07-17,P-1003,MAIN,sale,9
2026-07-17,P-1004,MAIN,sale,10
2026-07-17,P-1006,MAIN,sale,1
2026-07-17,P-1008,MAIN,sale,11
2026-07-17,P-1009,MAIN,sale,5
2026-07-17,P-1013,MAIN,sale,37
2026-07-17,P-1014,MAIN,sale,12
2026-07-17,P-1015,MAIN,sale,12
2026-07-17,P-1016,MAIN,sale,10
2026-07-17,P-1019,MAIN,sale,92
2026-07-17,P-1020,MAIN,sale,5
2026-07-17,P-1021,MAIN,sale,12
2026-07-17,P-1022,MAIN,sale,3
2026-07-17,P-1023,MAIN,sale,1
2026-07-18,P-1001,MAIN,sale,27
2026-07-18,P-1003,MAIN,receipt,168
2026-07-18,P-1003,MAIN,sale,9
2026-07-18,P-1004,MAIN,sale,4
2026-07-18,P-1006,MAIN,sale,1
2026-07-18,P-1008,MAIN,sale,7
2026-07-18,P-1009,MAIN,sale,3
2026-07-18,P-1013,MAIN,sale,20
2026-07-18,P-1014,MAIN,sale,5
2026-07-18,P-1015,MAIN,sale,6
2026-07-18,P-1016,MAIN,sale,6
2026-07-18,P-1018,MAIN,sale,1
2026-07-18,P-1019,MAIN,sale,37
2026-07-18,P-1020,MAIN,sale,3
2026-07-18,P-1021,MAIN,sale,4
2026-07-18,P-1023,MAIN,sale,1
2026-07-18,P-1024,MAIN,sale,1
2026-07-20,P-1001,MAIN,sale,31
2026-07-20,P-1002,MAIN,receipt,168
2026-07-20,P-1002,MAIN,sale,37
2026-07-20,P-1003,MAIN,sale,20
2026-07-20,P-1004,MAIN,sale,16
2026-07-20,P-1006,MAIN,sale,1
2026-07-20,P-1007,MAIN,receipt,552
2026-07-20,P-1007,MAIN,sale,46
2026-07-20,P-1008,MAIN,sale,21
2026-07-20,P-1009,MAIN,sale,6
2026-07-20,P-1011,MAIN,sale,1
2026-07-20,P-1012,MAIN,sale,1
2026-07-20,P-1013,MAIN,sale,29
2026-07-20,P-1014,MAIN,sale,6
2026-07-20,P-1015,MAIN,sale,21
2026-07-20,P-1016,MAIN,receipt,96
2026-07-20,P-1016,MAIN,sale,9
2026-07-20,P-1017,MAIN,sale,3
2026-07-20,P-1019,MAIN,sale,92
2026-07-20,P-1020,MAIN,receipt,60
2026-07-20,P-1020,MAIN,sale,4
2026-07-20,P-1021,MAIN,receipt,144
2026-07-20,P-1021,MAIN,sale,12
2026-07-20,P-1022,MAIN,receipt,78
2026-07-20,P-1022,MAIN,sale,8
2026-07-21,P-1001,MAIN,sale,53
2026-07-21,P-1002,MAIN,sale,32
2026-07-21,P-1003,MAIN,sale,15
2026-07-21,P-1004,MAIN,sale,8
2026-07-21,P-1007,MAIN,sale,75
2026-07-21,P-1008,MAIN,sale,26
2026-07-21,P-1009,MAIN,sale,7
2026-07-21,P-1013,MAIN,sale,20
2026-07-21,P-1014,MAIN,sale,6
2026-07-21,P-1015,MAIN,sale,13
2026-07-21,P-1016,MAIN,sale,6
2026-07-21,P-1018,MAIN,sale,1
2026-07-21,P-1019,MAIN,sale,75
2026-07-21,P-1020,MAIN,sale,6
2026-07-21,P-1021,MAIN,sale,10
2026-07-21,P-1022,MAIN,sale,8
2026-07-21,P-1023,MAIN,sale,1
2026-07-22,P-1001,MAIN,sale,39
2026-07-22,P-1002,MAIN,sale,22
2026-07-22,P-1003,MAIN,sale,20
2026-07-22,P-1004,MAIN,sale,13
2026-07-22,P-1007,MAIN,sale,82
2026-07-22,P-1008,MAIN,sale,20
2026-07-22,P-1009,MAIN,sale,4
2026-07-22,P-1012,MAIN,sale,2
2026-07-22,P-1013,MAIN,sale,30
2026-07-22,P-1014,MAIN,sale,11
2026-07-22,P-1015,MAIN,sale,19
2026-07-22,P-1016,MAIN,sale,8
2026-07-22,P-1019,MAIN,sale,86
2026-07-22,P-1020,MAIN,sale,7
2026-07-22,P-1021,MAIN,sale,7
2026-07-22,P-1022,MAIN,sale,7
2026-07-22,P-1023,MAIN,sale,2
2026-07-23,P-1001,MAIN,receipt,552
2026-07-23,P-1001,MAIN,sale,57
2026-07-23,P-1002,MAIN,sale,26
2026-07-23,P-1003,MAIN,sale,16
2026-07-23,P-1004,MAIN,sale,10
2026-07-23,P-1005,MAIN,sale,1
2026-07-23,P-1007,MAIN,sale,79
2026-07-23,P-1008,MAIN,sale,20
2026-07-23,P-1009,MAIN,sale,5
2026-07-23,P-1012,MAIN,sale,1
2026-07-23,P-1013,MAIN,sale,17
2026-07-23,P-1014,MAIN,sale,7
2026-07-23,P-1015,MAIN,receipt,162
2026-07-23,P-1015,MAIN,sale,12
2026-07-23,P-1016,MAIN,sale,9
2026-07-23,P-1018,MAIN,sale,1
2026-07-23,P-1019,MAIN,sale,95
2026-07-23,P-1020,MAIN,sale,6
2026-07-23,P-1021,MAIN,sale,14
2026-07-23,P-1022,MAIN,sale,12
2026-07-23,P-1024,MAIN,sale,3
2026-07-24,P-1001,MAIN,sale,31
2026-07-24,P-1002,MAIN,sale,30
2026-07-24,P-1003,MAIN,sale,11
2026-07-24,P-1004,MAIN,sale,18
2026-07-24,P-1007,MAIN,sale,65
2026-07-24,P-1008,MAIN,sale,15
2026-07-24,P-1009,MAIN,sale,9
2026-07-24,P-1013,MAIN,sale,20
2026-07-24,P-1014,MAIN,sale,7
2026-07-24,P-1015,MAIN,sale,9
2026-07-24,P-1016,MAIN,sale,11
2026-07-24,P-1018,MAIN,sale,2
2026-07-24,P-1019,MAIN,sale,55
2026-07-24,P-1020,MAIN,sale,5
2026-07-24,P-1021,MAIN,sale,8
2026-07-24,P-1022,MAIN,sale,13
2026-07-24,P-1024,MAIN,sale,3
2026-07-25,P-1001,MAIN,sale,30
2026-07-25,P-1002,MAIN,sale,17
2026-07-25,P-1003,MAIN,sale,4
2026-07-25,P-1004,MAIN,sale,4
2026-07-25,P-1005,MAIN,sale,1
2026-07-25,P-1007,MAIN,sale,19
2026-07-25,P-1008,MAIN,sale,5
2026-07-25,P-1009,MAIN,sale,2
2026-07-25,P-1011,MAIN,sale,1
2026-07-25,P-1012,MAIN,sale,1
2026-07-25,P-1013,MAIN,sale,12
2026-07-25,P-1014,MAIN,sale,5
2026-07-25,P-1015,MAIN,sale,5
2026-07-25,P-1016,MAIN,sale,6
2026-07-25,P-1018,MAIN,sale,1
2026-07-25,P-1019,MAIN,sale,49
2026-07-25,P-1020,MAIN,sale,2
2026-07-25,P-1021,MAIN,sale,5
2026-07-25,P-1022,MAIN,sale,5
2026-07-25,P-1024,MAIN,sale,1
2026-07-27,P-1001,MAIN,sale,32
2026-07-27,P-1002,MAIN,sale,4
2026-07-27,P-1003,MAIN,sale,17
2026-07-27,P-1004,MAIN,sale,12
2026-07-27,P-1006,MAIN,receipt,14
2026-07-27,P-1007,MAIN,sale,38
2026-07-27,P-1008,MAIN,receipt,300
2026-07-27,P-1008,MAIN,sale,21
2026-07-27,P-1009,MAIN,sale,8
2026-07-27,P-1013,MAIN,sale,37
2026-07-27,P-1014,MAIN,sale,8
2026-07-27,P-1015,MAIN,sale,21
2026-07-27,P-1016,MAIN,sale,9
2026-07-27,P-1017,MAIN,sale,3
2026-07-27,P-1019,MAIN,sale,76
2026-07-27,P-1020,MAIN,sale,7
2026-07-27,P-1021,MAIN,sale,8
2026-07-27,P-1022,MAIN,sale,11
2026-07-28,P-1001,MAIN,sale,30
2026-07-28,P-1003,MAIN,sale,8
2026-07-28,P-1004,MAIN,sale,11
2026-07-28,P-1005,MAIN,sale,2
2026-07-28,P-1006,MAIN,sale,2
2026-07-28,P-1007,MAIN,sale,36
2026-07-28,P-1008,MAIN,sale,13
2026-07-28,P-1009,MAIN,sale,8
2026-07-28,P-1012,MAIN,sale,2
2026-07-28,P-1013,MAIN,sale,40
2026-07-28,P-1014,MAIN,sale,5
2026-07-28,P-1015,MAIN,sale,12
2026-07-28,P-1016,MAIN,sale,10
2026-07-28,P-1017,MAIN,sale,2
2026-07-28,P-1019,MAIN,sale,70
2026-07-28,P-1020,MAIN,sale,4
2026-07-28,P-1021,MAIN,sale,10
2026-07-28,P-1022,MAIN,sale,9
2026-07-28,P-1023,MAIN,sale,1
2026-07-28,P-1024,MAIN,sale,2
2026-07-29,P-1001,MAIN,sale,33
2026-07-29,P-1003,MAIN,sale,9
2026-07-29,P-1004,MAIN,sale,16
2026-07-29,P-1007,MAIN,sale,36
2026-07-29,P-1008,MAIN,sale,25
2026-07-29,P-1009,MAIN,sale,10
2026-07-29,P-1011,MAIN,sale,2
2026-07-29,P-1013,MAIN,sale,38
2026-07-29,P-1014,MAIN,sale,6
2026-07-29,P-1015,MAIN,sale,15
2026-07-29,P-1016,MAIN,sale,9
2026-07-29,P-1017,MAIN,sale,2
2026-07-29,P-1018,MAIN,sale,1
2026-07-29,P-1019,MAIN,sale,66
2026-07-29,P-1020,MAIN,sale,3
2026-07-29,P-1021,MAIN,sale,8
2026-07-29,P-1022,MAIN,sale,5
2026-07-29,P-1023,MAIN,sale,1
2026-07-30,P-1001,MAIN,sale,50
2026-07-30,P-1003,MAIN,sale,8
2026-07-30,P-1004,MAIN,sale,16
2026-07-30,P-1005,MAIN,sale,2
2026-07-30,P-1007,MAIN,sale,39
2026-07-30,P-1008,MAIN,sale,28
2026-07-30,P-1009,MAIN,sale,9
2026-07-30,P-1013,MAIN,sale,26
2026-07-30,P-1014,MAIN,sale,7
2026-07-30,P-1015,MAIN,sale,14
2026-07-30,P-1016,MAIN,sale,11
2026-07-30,P-1017,MAIN,sale,2
2026-07-30,P-1018,MAIN,sale,1
2026-07-30,P-1019,MAIN,sale,58
2026-07-30,P-1020,MAIN,sale,3
2026-07-30,P-1021,MAIN,sale,11
2026-07-30,P-1023,MAIN,sale,1
2026-07-30,P-1024,MAIN,sale,3
2026-07-31,P-1001,MAIN,sale,58
2026-07-31,P-1003,MAIN,sale,17
2026-07-31,P-1004,MAIN,sale,15
2026-07-31,P-1007,MAIN,sale,37
2026-07-31,P-1008,MAIN,sale,21
2026-07-31,P-1009,MAIN,sale,6
2026-07-31,P-1011,MAIN,sale,2
2026-07-31,P-1013,MAIN,sale,37
2026-07-31,P-1014,MAIN,sale,11
2026-07-31,P-1015,MAIN,sale,9
2026-07-31,P-1016,MAIN,sale,7
2026-07-31,P-1018,MAIN,sale,2
2026-07-31,P-1019,MAIN,sale,49
2026-07-31,P-1020,MAIN,sale,7
2026-07-31,P-1021,MAIN,sale,13
2026-08-01,P-1001,MAIN,sale,30
2026-08-01,P-1003,MAIN,receipt,162
2026-08-01,P-1003,MAIN,sale,8
2026-08-01,P-1004,MAIN,sale,4
2026-08-01,P-1005,MAIN,sale,1
2026-08-01,P-1008,MAIN,sale,14
2026-08-01,P-1009,MAIN,sale,4
2026-08-01,P-1010,MAIN,receipt,132
2026-08-01,P-1010,MAIN,sale,7
2026-08-01,P-1013,MAIN,sale,19
2026-08-01,P-1014,MAIN,sale,5
2026-08-01,P-1015,MAIN,sale,8
2026-08-01,P-1016,MAIN,sale,4
2026-08-01,P-1019,MAIN,sale,47
2026-08-01,P-1020,MAIN,sale,3
2026-08-01,P-1021,MAIN,sale,4
2026-08-01,P-1024,MAIN,sale,2
2026-08-03,P-1001,MAIN,sale,61
2026-08-03,P-1003,MAIN,sale,8
2026-08-03,P-1004,MAIN,sale,15
2026-08-03,P-1005,MAIN,sale,2
2026-08-03,P-1007,MAIN,receipt,480
2026-08-03,P-1007,MAIN,sale,66
2026-08-03,P-1008,MAIN,sale,23
2026-08-03,P-1009,MAIN,sale,8
2026-08-03,P-1010,MAIN,sale,18
2026-08-03,P-1012,MAIN,sale,2
2026-08-03,P-1013,MAIN,receipt,528
2026-08-03,P-1013,MAIN,sale,39
2026-08-03,P-1014,MAIN,sale,11
2026-08-03,P-1015,MAIN,sale,9
2026-08-03,P-1016,MAIN,receipt,102
2026-08-03,P-1016,MAIN,sale,7
2026-08-03,P-1017,MAIN,sale,3
2026-08-03,P-1019,MAIN,sale,75
2026-08-03,P-1020,MAIN,sale,6
2026-08-03,P-1021,MAIN,sale,13
2026-08-03,P-1022,MAIN,receipt,96
2026-08-03,P-1022,MAIN,sale,13
2026-08-03,P-1023,MAIN,sale,1
2026-08-03,P-1024,MAIN,sale,3
2026-08-04,P-1001,MAIN,sale,28
2026-08-04,P-1003,MAIN,sale,10
2026-08-04,P-1004,MAIN,sale,14
2026-08-04,P-1006,MAIN,sale,1
2026-08-04,P-1007,MAIN,sale,64
2026-08-04,P-1008,MAIN,sale,16
2026-08-04,P-1009,MAIN,sale,9
2026-08-04,P-1010,MAIN,sale,19
2026-08-04,P-1011,MAIN,sale,1
2026-08-04,P-1013,MAIN,sale,17
2026-08-04,P-1014,MAIN,sale,11
2026-08-04,P-1015,MAIN,sale,21
2026-08-04,P-1016,MAIN,sale,9
2026-08-04,P-1018,MAIN,sale,1
2026-08-04,P-1019,MAIN,sale,67
2026-08-04,P-1020,MAIN,sale,6
2026-08-04,P-1021,MAIN,sale,10
2026-08-04,P-1022,MAIN,sale,7
2026-08-04,P-1023,MAIN,sale,1
2026-08-05,P-1001,MAIN,sale,39
2026-08-05,P-1003,MAIN,sale,18
2026-08-05,P-1004,MAIN,sale,12
2026-08-05,P-1007,MAIN,sale,62
2026-08-05,P-1008,MAIN,sale,29
2026-08-05,P-1009,MAIN,sale,7
2026-08-05,P-1010,MAIN,sale,11
2026-08-05,P-1013,MAIN,sale,20
2026-08-05,P-1014,MAIN,sale,8
2026-08-05,P-1015,MAIN,sale,15
2026-08-05,P-1016,MAIN,sale,6
2026-08-05,P-1017,MAIN,sale,1
2026-08-05,P-1018,MAIN,sale,2
2026-08-05,P-1019,MAIN,sale,89
2026-08-05,P-1020,MAIN,sale,5
2026-08-05,P-1021,MAIN,sale,6
2026-08-05,P-1022,MAIN,sale,12
2026-08-06,P-1001,MAIN,sale,30
2026-08-06,P-1003,MAIN,sale,15
2026-08-06,P-1004,MAIN,sale,9
2026-08-06,P-1005,MAIN,sale,2
2026-08-06,P-1007,MAIN,sale,33
2026-08-06,P-1008,MAIN,sale,29
2026-08-06,P-1009,MAIN,sale,9
2026-08-06,P-1010,MAIN,sale,9
2026-08-06,P-1012,MAIN,sale,2
2026-08-06,P-1013,MAIN,sale,20
2026-08-06,P-1014,MAIN,sale,8
2026-08-06,P-1015,MAIN,receipt,162
2026-08-06,P-1015,MAIN,sale,13
2026-08-06,P-1016,MAIN,sale,11
2026-08-06,P-1019,MAIN,sale,94
2026-08-06,P-1020,MAIN,sale,7
2026-08-06,P-1021,MAIN,sale,12
2026-08-06,P-1022,MAIN,sale,10
2026-08-07,P-1001,MAIN,sale,36
2026-08-07,P-1003,MAIN,sale,8
2026-08-07,P-1004,MAIN,sale,17
2026-08-07,P-1006,MAIN,sale,1
2026-08-07,P-1007,MAIN,sale,75
2026-08-07,P-1008,MAIN,sale,12
2026-08-07,P-1009,MAIN,sale,6
2026-08-07,P-1010,MAIN,receipt,78
2026-08-07,P-1010,MAIN,sale,14
2026-08-07,P-1011,MAIN,sale,1
2026-08-07,P-1013,MAIN,sale,33
2026-08-07,P-1014,MAIN,sale,7
2026-08-07,P-1015,MAIN,sale,14
2026-08-07,P-1016,MAIN,sale,6
2026-08-07,P-1019,MAIN,sale,50
2026-08-07,P-1020,MAIN,sale,5
2026-08-07,P-1021,MAIN,sale,8
2026-08-07,P-1022,MAIN,sale,11
2026-08-07,P-1024,MAIN,sale,2
2026-08-08,P-1001,MAIN,sale,29
2026-08-08,P-1003,MAIN,sale,8
2026-08-08,P-1004,MAIN,sale,7
2026-08-08,P-1007,MAIN,sale,37
2026-08-08,P-1008,MAIN,sale,10
2026-08-08,P-1009,MAIN,sale,2
2026-08-08,P-1010,MAIN,sale,10
2026-08-08,P-1012,MAIN,receipt,11
2026-08-08,P-1013,MAIN,sale,11
2026-08-08,P-1014,MAIN,sale,5
2026-08-08,P-1015,MAIN,sale,8
2026-08-08,P-1016,MAIN,sale,3
2026-08-08,P-1019,MAIN,sale,41
2026-08-08,P-1020,MAIN,sale,3
2026-08-08,P-1021,MAIN,sale,3
2026-08-08,P-1022,MAIN,sale,4
2026-08-08,P-1023,MAIN,sale,1
2026-08-08,P-1024,MAIN,sale,1
2026-08-10,P-1001,MAIN,sale,47
2026-08-10,P-1001,MAIN,return,12
2026-08-10,P-1003,MAIN,sale,10
2026-08-10,P-1004,MAIN,sale,14
2026-08-10,P-1007,MAIN,sale,72
2026-08-10,P-1008,MAIN,receipt,228
2026-08-10,P-1008,MAIN,sale,20
2026-08-10,P-1009,MAIN,sale,9
2026-08-10,P-1010,MAIN,sale,19
2026-08-10,P-1013,MAIN,sale,24
2026-08-10,P-1014,MAIN,sale,8
2026-08-10,P-1015,MAIN,sale,14
2026-08-10,P-1016,MAIN,sale,11
2026-08-10,P-1019,MAIN,sale,87
2026-08-10,P-1020,MAIN,sale,3
2026-08-10,P-1021,MAIN,receipt,174
2026-08-10,P-1021,MAIN,sale,12
2026-08-10,P-1022,MAIN,sale,5
2026-08-10,P-1023,MAIN,sale,2
2026-08-11,P-1001,MAIN,sale,32
2026-08-11,P-1003,MAIN,sale,11
2026-08-11,P-1004,MAIN,sale,16
2026-08-11,P-1006,MAIN,sale,1
2026-08-11,P-1007,MAIN,sale,65
2026-08-11,P-1008,MAIN,sale,16
2026-08-11,P-1009,MAIN,sale,8
2026-08-11,P-1010,MAIN,sale,10
2026-08-11,P-1012,MAIN,sale,2
2026-08-11,P-1013,MAIN,sale,27
2026-08-11,P-1014,MAIN,sale,12
2026-08-11,P-1015,MAIN,sale,18
2026-08-11,P-1016,MAIN,sale,9
2026-08-11,P-1017,MAIN,receipt,12
2026-08-11,P-1019,MAIN,sale,78
2026-08-11,P-1020,MAIN,sale,4
2026-08-11,P-1021,MAIN,sale,11
2026-08-11,P-1022,MAIN,sale,6
2026-08-11,P-1023,MAIN,sale,1
2026-08-12,P-1001,MAIN,sale,51
2026-08-12,P-1002,MAIN,receipt,204
2026-08-12,P-1002,MAIN,sale,32
2026-08-12,P-1003,MAIN,sale,17
2026-08-12,P-1003,MAIN,return,6
2026-08-12,P-1004,MAIN,sale,9
2026-08-12,P-1006,MAIN,sale,1
2026-08-12,P-1007,MAIN,sale,6
2026-08-12,P-1008,MAIN,sale,17
2026-08-12,P-1009,MAIN,sale,5
2026-08-12,P-1010,MAIN,sale,15
2026-08-12,P-1013,MAIN,sale,42
2026-08-12,P-1013,MAIN,return,12
2026-08-12,P-1014,MAIN,sale,9
2026-08-12,P-1015,MAIN,sale,9
2026-08-12,P-1016,MAIN,sale,11
2026-08-12,P-1018,MAIN,sale,2
2026-08-12,P-1019,MAIN,sale,101
2026-08-12,P-1020,MAIN,sale,6
2026-08-12,P-1021,MAIN,sale,12
2026-08-12,P-1022,MAIN,sale,5
2026-08-13,P-1001,MAIN,receipt,732
2026-08-13,P-1001,MAIN,sale,31
2026-08-13,P-1002,MAIN,sale,18
2026-08-13,P-1003,MAIN,sale,19
2026-08-13,P-1004,MAIN,sale,13
2026-08-13,P-1005,MAIN,sale,2
2026-08-13,P-1008,MAIN,sale,29
2026-08-13,P-1009,MAIN,sale,10
2026-08-13,P-1010,MAIN,sale,16
2026-08-13,P-1011,MAIN,receipt,15
2026-08-13,P-1012,MAIN,sale,1
2026-08-13,P-1013,MAIN,sale,17
2026-08-13,P-1014,MAIN,sale,8
2026-08-13,P-1015,MAIN,sale,9
2026-08-13,P-1016,MAIN,sale,12
2026-08-13,P-1019,MAIN,sale,68
2026-08-13,P-1020,MAIN,receipt,60
2026-08-13,P-1020,MAIN,sale,6
2026-08-13,P-1021,MAIN,sale,5
2026-08-13,P-1022,MAIN,sale,6
2026-08-13,P-1023,MAIN,sale,1
2026-08-13,P-1024,MAIN,sale,2
2026-08-14,P-1001,MAIN,sale,35
2026-08-14,P-1002,MAIN,sale,37
2026-08-14,P-1003,MAIN,sale,9
2026-08-14,P-1004,MAIN,sale,9
2026-08-14,P-1005,MAIN,sale,2
2026-08-14,P-1006,MAIN,sale,1
2026-08-14,P-1008,MAIN,sale,30
2026-08-14,P-1009,MAIN,sale,8
2026-08-14,P-1010,MAIN,sale,15
2026-08-14,P-1011,MAIN,sale,2
2026-08-14,P-1012,MAIN,sale,1
2026-08-14,P-1013,MAIN,sale,39
2026-08-14,P-1014,MAIN,sale,11
2026-08-14,P-1015,MAIN,sale,10
2026-08-14,P-1016,MAIN,sale,6
2026-08-14,P-1017,MAIN,sale,4
2026-08-14,P-1018,MAIN,sale,1
2026-08-14,P-1019,MAIN,sale,49
2026-08-14,P-1020,MAIN,sale,7
2026-08-14,P-1021,MAIN,sale,13
2026-08-14,P-1022,MAIN,sale,7
2026-08-14,P-1023,MAIN,sale,2
2026-08-15,P-1001,MAIN,sale,22
2026-08-15,P-1002,MAIN,sale,10
2026-08-15,P-1003,MAIN,receipt,126
2026-08-15,P-1003,MAIN,sale,5
2026-08-15,P-1004,MAIN,sale,5
2026-08-15,P-1006,MAIN,sale,1
2026-08-15,P-1008,MAIN,sale,13
2026-08-15,P-1009,MAIN,sale,4
2026-08-15,P-1010,MAIN,sale,10
2026-08-15,P-1011,MAIN,sale,1
2026-08-15,P-1013,MAIN,sale,17
2026-08-15,P-1014,MAIN,sale,3
2026-08-15,P-1015,MAIN,sale,5
2026-08-15,P-1016,MAIN,sale,4
2026-08-15,P-1018,MAIN,receipt,17
2026-08-15,P-1019,MAIN,sale,22
2026-08-15,P-1020,MAIN,sale,3
2026-08-15,P-1021,MAIN,sale,3
2026-08-15,P-1022,MAIN,sale,4
2026-08-15,P-1024,MAIN,sale,1
2026-08-17,P-1001,MAIN,sale,50
2026-08-17,P-1002,MAIN,sale,35
2026-08-17,P-1003,MAIN,sale,10
2026-08-17,P-1004,MAIN,sale,8
2026-08-17,P-1007,MAIN,receipt,564
2026-08-17,P-1007,MAIN,sale,33
2026-08-17,P-1008,MAIN,sale,20
2026-08-17,P-1009,MAIN,sale,7
2026-08-17,P-1010,MAIN,sale,13
2026-08-17,P-1011,MAIN,sale,2
2026-08-17,P-1013,MAIN,receipt,468
2026-08-17,P-1013,MAIN,sale,26
2026-08-17,P-1014,MAIN,sale,6
2026-08-17,P-1015,MAIN,sale,11
2026-08-17,P-1016,MAIN,sale,10
2026-08-17,P-1019,MAIN,sale,86
2026-08-17,P-1020,MAIN,receipt,60
2026-08-17,P-1020,MAIN,sale,5
2026-08-17,P-1021,MAIN,sale,11
2026-08-17,P-1022,MAIN,receipt,90
2026-08-17,P-1022,MAIN,sale,11
2026-08-17,P-1023,MAIN,receipt,17
2026-08-18,P-1001,MAIN,sale,54
2026-08-18,P-1002,MAIN,sale,21
2026-08-18,P-1003,MAIN,sale,11
2026-08-18,P-1004,MAIN,sale,9
2026-08-18,P-1006,MAIN,sale,1
2026-08-18,P-1007,MAIN,sale,43
2026-08-18,P-1008,MAIN,sale,21
2026-08-18,P-1009,MAIN,sale,10
2026-08-18,P-1010,MAIN,sale,19
2026-08-18,P-1012,MAIN,sale,2
2026-08-18,P-1013,MAIN,sale,22
2026-08-18,P-1014,MAIN,sale,7
2026-08-18,P-1014,MAIN,return,6
2026-08-18,P-1015,MAIN,sale,12
2026-08-18,P-1016,MAIN,sale,7
2026-08-18,P-1017,MAIN,sale,3
2026-08-18,P-1019,MAIN,sale,84
2026-08-18,P-1020,MAIN,sale,4
2026-08-18,P-1021,MAIN,sale,8
2026-08-18,P-1022,MAIN,sale,8
2026-08-18,P-1023,MAIN,sale,1
2026-08-18,P-1024,MAIN,sale,1
2026-08-19,P-1001,MAIN,sale,59
2026-08-19,P-1002,MAIN,sale,17
2026-08-19,P-1003,MAIN,sale,8
2026-08-19,P-1004,MAIN,sale,15
2026-08-19,P-1005,MAIN,sale,1
2026-08-19,P-1006,MAIN,sale,1
2026-08-19,P-1007,MAIN,sale,76
2026-08-19,P-1008,MAIN,sale,25
2026-08-19,P-1009,MAIN,sale,6
2026-08-19,P-1010,MAIN,sale,5
2026-08-19,P-1011,MAIN,sale,1
2026-08-19,P-1013,MAIN,sale,25
2026-08-19,P-1014,MAIN,sale,12
2026-08-19,P-1015,MAIN,sale,20
2026-08-19,P-1016,MAIN,sale,11
2026-08-19,P-1017,MAIN,sale,2
2026-08-19,P-1018,MAIN,sale,2
2026-08-19,P-1019,MAIN,sale,71
2026-08-19,P-1020,MAIN,sale,6
2026-08-19,P-1021,MAIN,sale,6
2026-08-19,P-1022,MAIN,sale,7
2026-08-19,P-1023,MAIN,sale,1
2026-08-20,P-1001,MAIN,sale,40
2026-08-20,P-1002,MAIN,sale,18
2026-08-20,P-1003,MAIN,sale,16
2026-08-20,P-1004,MAIN,sale,13
2026-08-20,P-1007,MAIN,sale,45
2026-08-20,P-1008,MAIN,sale,25
2026-08-20,P-1009,MAIN,sale,7
2026-08-20,P-1013,MAIN,sale,44
2026-08-20,P-1014,MAIN,sale,10
2026-08-20,P-1015,MAIN,receipt,150
2026-08-20,P-1015,MAIN,sale,10
2026-08-20,P-1016,MAIN,sale,12
2026-08-20,P-1019,MAIN,sale,91
2026-08-20,P-1020,MAIN,sale,4
2026-08-20,P-1021,MAIN,sale,6
2026-08-20,P-1022,MAIN,sale,11
2026-08-20,P-1023,MAIN,sale,1
2026-08-21,P-1001,MAIN,sale,62
2026-08-21,P-1002,MAIN,sale,16
2026-08-21,P-1003,MAIN,sale,12
2026-08-21,P-1004,MAIN,sale,18
2026-08-21,P-1005,MAIN,sale,1
2026-08-21,P-1006,MAIN,sale,1
2026-08-21,P-1007,MAIN,sale,49
2026-08-21,P-1008,MAIN,sale,27
2026-08-21,P-1009,MAIN,sale,9
2026-08-21,P-1012,MAIN,sale,2
2026-08-21,P-1013,MAIN,sale,35
2026-08-21,P-1014,MAIN,sale,5
2026-08-21,P-1015,MAIN,sale,18
2026-08-21,P-1016,MAIN,sale,9
2026-08-21,P-1019,MAIN,sale,65
2026-08-21,P-1020,MAIN,sale,6
2026-08-21,P-1021,MAIN,sale,10
2026-08-21,P-1022,MAIN,sale,11
2026-08-21,P-1023,MAIN,sale,1
2026-08-21,P-1024,MAIN,sale,2
2026-08-22,P-1001,MAIN,sale,32
2026-08-22,P-1003,MAIN,sale,7
2026-08-22,P-1004,MAIN,sale,5
2026-08-22,P-1005,MAIN,sale,1
2026-08-22,P-1007,MAIN,sale,18
2026-08-22,P-1008,MAIN,sale,12
2026-08-22,P-1009,MAIN,sale,4
2026-08-22,P-1011,MAIN,sale,1
2026-08-22,P-1013,MAIN,sale,10
2026-08-22,P-1013,MAIN,return,10
2026-08-22,P-1014,MAIN,sale,5
2026-08-22,P-1015,MAIN,sale,4
2026-08-22,P-1016,MAIN,sale,5
2026-08-22,P-1019,MAIN,sale,48
2026-08-22,P-1020,MAIN,sale,3
2026-08-22,P-1021,MAIN,sale,4
2026-08-22,P-1022,MAIN,sale,2
2026-08-22,P-1024,MAIN,sale,2
2026-08-24,P-1001,MAIN,sale,61
2026-08-24,P-1003,MAIN,sale,12
2026-08-24,P-1004,MAIN,sale,7
2026-08-24,P-1005,MAIN,receipt,22
2026-08-24,P-1007,MAIN,sale,34
2026-08-24,P-1008,MAIN,receipt,240
2026-08-24,P-1008,MAIN,sale,21
2026-08-24,P-1009,MAIN,sale,7
2026-08-24,P-1013,MAIN,sale,23
2026-08-24,P-1014,MAIN,sale,5
2026-08-24,P-1015,MAIN,sale,15
2026-08-24,P-1016,MAIN,receipt,144
2026-08-24,P-1016,MAIN,sale,5
2026-08-24,P-1017,MAIN,receipt,19
2026-08-24,P-1018,MAIN,sale,1
2026-08-24,P-1019,MAIN,receipt,4104
2026-08-24,P-1019,MAIN,sale,78
2026-08-24,P-1020,MAIN,sale,6
2026-08-24,P-1021,MAIN,sale,12
2026-08-24,P-1022,MAIN,sale,11
2026-08-24,P-1024,MAIN,sale,2
2026-08-25,P-1001,MAIN,sale,37
2026-08-25,P-1003,MAIN,sale,11
2026-08-25,P-1004,MAIN,sale,12
2026-08-25,P-1005,MAIN,sale,1
2026-08-25,P-1006,MAIN,sale,1
2026-08-25,P-1007,MAIN,sale,56
2026-08-25,P-1008,MAIN,sale,16
2026-08-25,P-1009,MAIN,sale,7
2026-08-25,P-1012,MAIN,sale,1
2026-08-25,P-1013,MAIN,sale,41
2026-08-25,P-1014,MAIN,sale,10
2026-08-25,P-1015,MAIN,sale,9
2026-08-25,P-1016,MAIN,sale,7
2026-08-25,P-1018,MAIN,sale,1
2026-08-25,P-1019,MAIN,sale,100
2026-08-25,P-1020,MAIN,sale,3
2026-08-25,P-1021,MAIN,sale,10
2026-08-25,P-1022,MAIN,sale,7
2026-08-25,P-1024,MAIN,sale,3
2026-08-26,P-1001,MAIN,sale,27
2026-08-26,P-1001,MAIN,adjustment,-1
2026-08-26,P-1003,MAIN,sale,7
2026-08-26,P-1003,MAIN,adjustment,-2
2026-08-26,P-1004,MAIN,sale,11
2026-08-26,P-1004,MAIN,adjustment,-3
2026-08-26,P-1007,MAIN,sale,52
2026-08-26,P-1007,MAIN,adjustment,-3
2026-08-26,P-1008,MAIN,sale,32
2026-08-26,P-1009,MAIN,sale,5
2026-08-26,P-1009,MAIN,adjustment,-2
2026-08-26,P-1012,MAIN,sale,2
2026-08-26,P-1013,MAIN,sale,25
2026-08-26,P-1014,MAIN,sale,11
2026-08-26,P-1015,MAIN,sale,19
2026-08-26,P-1016,MAIN,sale,5
2026-08-26,P-1016,MAIN,adjustment,-1
2026-08-26,P-1017,MAIN,sale,2
2026-08-26,P-1019,MAIN,sale,69
2026-08-26,P-1020,MAIN,sale,3
2026-08-26,P-1020,MAIN,adjustment,-1
2026-08-26,P-1021,MAIN,sale,12
2026-08-26,P-1021,MAIN,adjustment,-1
2026-08-26,P-1022,MAIN,sale,7
2026-08-26,P-1022,MAIN,adjustment,-3
2026-08-26,P-1023,MAIN,adjustment,-1
2026-08-26,P-1024,MAIN,sale,2
2026-08-26,P-1024,MAIN,adjustment,-1
2026-08-27,P-1001,MAIN,sale,30
2026-08-27,P-1003,MAIN,sale,19
2026-08-27,P-1004,MAIN,sale,8
2026-08-27,P-1007,MAIN,sale,44
2026-08-27,P-1008,MAIN,sale,18
2026-08-27,P-1009,MAIN,receipt,438
2026-08-27,P-1009,MAIN,sale,4
2026-08-27,P-1012,MAIN,receipt,14
2026-08-27,P-1012,MAIN,sale,2
2026-08-27,P-1013,MAIN,sale,27
2026-08-27,P-1014,MAIN,sale,9
2026-08-27,P-1015,MAIN,sale,10
2026-08-27,P-1016,MAIN,sale,9
2026-08-27,P-1017,MAIN,sale,3
2026-08-27,P-1019,MAIN,sale,100
2026-08-27,P-1020,MAIN,sale,3
2026-08-27,P-1021,MAIN,sale,12
2026-08-27,P-1022,MAIN,sale,8
2026-08-28,P-1001,MAIN,sale,64
2026-08-28,P-1002,MAIN,receipt,132
2026-08-28,P-1002,MAIN,sale,19
2026-08-28,P-1003,MAIN,sale,16
2026-08-28,P-1004,MAIN,sale,8
2026-08-28,P-1006,MAIN,sale,1
2026-08-28,P-1007,MAIN,sale,53
2026-08-28,P-1008,MAIN,sale,33
2026-08-28,P-1009,MAIN,sale,6
2026-08-28,P-1013,MAIN,sale,37
2026-08-28,P-1014,MAIN,sale,8
2026-08-28,P-1015,MAIN,sale,18
2026-08-28,P-1016,MAIN,sale,5
2026-08-28,P-1019,MAIN,sale,49
2026-08-28,P-1020,MAIN,sale,4
2026-08-28,P-1021,MAIN,sale,10
2026-08-28,P-1022,MAIN,sale,8
2026-08-28,P-1024,MAIN,sale,3
2026-08-29,P-1001,MAIN,sale,21
2026-08-29,P-1002,MAIN,sale,17
2026-08-29,P-1003,MAIN,receipt,132
2026-08-29,P-1003,MAIN,sale,6
2026-08-29,P-1004,MAIN,sale,9
2026-08-29,P-1007,MAIN,sale,33
2026-08-29,P-1008,MAIN,sale,15
2026-08-29,P-1009,MAIN,sale,3
2026-08-29,P-1013,MAIN,sale,19
2026-08-29,P-1013,MAIN,return,12
2026-08-29,P-1014,MAIN,sale,4
2026-08-29,P-1015,MAIN,sale,9
2026-08-29,P-1016,MAIN,sale,5
2026-08-29,P-1017,MAIN,sale,1
2026-08-29,P-1018,MAIN,sale,1
2026-08-29,P-1019,MAIN,sale,21
2026-08-29,P-1020,MAIN,sale,3
2026-08-29,P-1021,MAIN,sale,5
2026-08-29,P-1022,MAIN,sale,2
2026-08-29,P-1023,MAIN,sale,1
2026-08-29,P-1024,MAIN,sale,1
2026-08-31,P-1001,MAIN,sale,35
2026-08-31,P-1002,MAIN,sale,30
2026-08-31,P-1003,MAIN,sale,10
2026-08-31,P-1003,MAIN,return,6
2026-08-31,P-1004,MAIN,sale,8
2026-08-31,P-1006,MAIN,sale,1
2026-08-31,P-1007,MAIN,receipt,360
2026-08-31,P-1007,MAIN,sale,61
2026-08-31,P-1008,MAIN,sale,30
2026-08-31,P-1009,MAIN,sale,10
2026-08-31,P-1010,MAIN,receipt,138
2026-08-31,P-1010,MAIN,sale,16
2026-08-31,P-1013,MAIN,sale,29
2026-08-31,P-1014,MAIN,receipt,522
2026-08-31,P-1014,MAIN,sale,9
2026-08-31,P-1015,MAIN,sale,17
2026-08-31,P-1016,MAIN,sale,7
2026-08-31,P-1017,MAIN,sale,2
2026-08-31,P-1019,MAIN,sale,54
2026-08-31,P-1020,MAIN,sale,5
2026-08-31,P-1021,MAIN,receipt,162
2026-08-31,P-1021,MAIN,sale,8
2026-08-31,P-1023,MAIN,sale,2
2026-08-31,P-1024,MAIN,sale,1
