customer,invoice_date,due_date,payment_date,amount,amount_paid
Client 05,2025-03-01,2025-04-30,2025-05-19,19499.6,19499.6
Client 07,2025-03-01,2025-03-31,2025-04-02,3126.13,3126.13
Client 08,2025-03-01,2025-03-31,2025-05-20,10232.1,10232.1
Client 09,2025-03-01,2025-04-15,2025-04-17,1305.94,1305.94
Client 12,2025-03-01,2025-03-31,2025-04-17,1558.63,1558.63
Client 13,2025-03-01,2025-03-31,2025-04-08,7165.18,7165.18
Client 16,2025-03-01,2025-03-16,2025-05-05,5634.55,5634.55
Client 36,2025-03-01,2025-03-16,2025-03-23,2526.18,2526.18
Client 01,2025-03-02,2025-03-17,2025-03-13,8489.6,8489.6
Client 05,2025-03-02,2025-05-01,2025-05-11,14818.6,14818.6
Client 10,2025-03-02,2025-05-01,2025-04-26,6761.79,6761.79
Client 11,2025-03-02,2025-03-17,2025-04-02,18420.2,18420.2
Client 11,2025-03-02,2025-03-17,2025-04-03,13601.2,13601.2
Client 19,2025-03-02,2025-04-16,2025-05-03,8394.04,8394.04
Client 22,2025-03-02,2025-04-01,2025-04-22,8260.22,8260.22
Client 38,2025-03-02,2025-04-01,2025-05-06,13205.4,13205.4
Client 40,2025-03-02,2025-05-01,2025-06-22,8490.23,8490.23
Client 06,2025-03-03,2025-03-18,2025-04-20,2073.78,2073.78
Client 16,2025-03-03,2025-03-18,2025-05-14,8827.01,8827.01
Client 19,2025-03-03,2025-04-17,2025-05-07,8887.43,8887.43
Client 23,2025-03-03,2025-04-02,2025-04-12,9109.85,4249.95
Client 32,2025-03-03,2025-04-02,2025-05-19,11154.3,11154.3
Client 37,2025-03-03,2025-04-02,2025-04-08,5032.8,5032.8
Client 05,2025-03-04,2025-05-03,2025-05-07,9499.1,9499.1
Client 29,2025-03-04,2025-04-18,2025-04-30,15803.1,15803.1
Client 33,2025-03-04,2025-04-03,2025-03-26,2351.59,2351.59
Client 39,2025-03-04,2025-04-18,2025-04-29,1132.52,1132.52
Client 02,2025-03-05,2025-04-04,2025-04-01,18479.1,18479.1
Client 03,2025-03-05,2025-04-04,2025-04-15,2895.57,2895.57
Client 04,2025-03-05,2025-04-19,2025-05-07,4228.29,4228.29
Client 07,2025-03-05,2025-04-04,2025-04-02,3023.41,3023.41
Client 11,2025-03-05,2025-03-20,2025-03-28,19747.5,19747.5
Client 14,2025-03-05,2025-04-19,2025-05-19,9460.86,9460.86
Client 16,2025-03-05,2025-03-20,2025-05-09,7467.65,7467.65
Client 20,2025-03-05,2025-05-04,2025-05-22,10656.9,10656.9
Client 20,2025-03-05,2025-05-04,2025-05-06,19058,19058
Client 25,2025-03-05,2025-05-04,2025-05-03,3342.68,3342.68
Client 29,2025-03-05,2025-04-19,2025-04-21,13829.6,13829.6
Client 31,2025-03-05,2025-03-20,2025-03-29,4417.01,4417.01
Client 38,2025-03-05,2025-04-04,2025-05-14,11325.6,11325.6
Client 20,2025-03-06,2025-05-05,2025-05-13,11827.9,11827.9
Client 26,2025-03-06,2025-03-21,2025-03-22,16879.9,16879.9
Client 29,2025-03-06,2025-04-20,2025-05-01,10735.3,10735.3
Client 30,2025-03-06,2025-05-05,2025-05-27,2880.27,2880.27
Client 32,2025-03-06,2025-04-05,2025-06-01,11450.1,11450.1
Client 34,2025-03-06,2025-04-20,2025-04-13,4947.1,4947.1
Client 14,2025-03-07,2025-04-21,2025-06-07,13305.7,13305.7
Client 16,2025-03-07,2025-03-22,2025-05-06,5792.69,5792.69
Client 18,2025-03-07,2025-04-06,2025-03-31,604.32,604.32
Client 20,2025-03-07,2025-05-06,2025-05-27,18933.8,18933.8
Client 21,2025-03-07,2025-03-22,2025-04-04,1776.43,1776.43
Client 28,2025-03-07,2025-04-06,2025-04-16,5125.62,5125.62
Client 04,2025-03-08,2025-04-22,2025-04-29,7077.15,7077.15
Client 26,2025-03-08,2025-03-23,2025-03-24,14368.3,14368.3
Client 26,2025-03-08,2025-03-23,2025-03-18,9168.74,9168.74
Client 36,2025-03-08,2025-03-23,2025-04-03,603.86,603.86
Client 01,2025-03-09,2025-03-24,2025-03-29,7132.41,7132.41
Client 05,2025-03-09,2025-05-08,2025-05-24,17094.9,17094.9
Client 23,2025-03-09,2025-04-08,2025-04-14,13335.2,13335.2
Client 33,2025-03-09,2025-04-08,2025-04-05,2484.49,2484.49
Client 11,2025-03-10,2025-03-25,2025-04-18,10319,10319
Client 17,2025-03-10,2025-04-09,2025-04-09,16853,16853
Client 21,2025-03-10,2025-03-25,2025-04-02,1562.46,1562.46
Client 26,2025-03-10,2025-03-25,2025-03-20,17721.5,17721.5
Client 33,2025-03-10,2025-04-09,2025-04-09,847.56,847.56
Client 34,2025-03-10,2025-04-24,2025-04-21,5686.51,5686.51
Client 35,2025-03-10,2025-05-09,2025-05-19,14407.8,14407.8
Client 07,2025-03-11,2025-04-10,2025-04-14,8167.02,2866.54
Client 13,2025-03-11,2025-04-10,2025-04-25,6372.23,6372.23
Client 32,2025-03-11,2025-04-10,2025-05-30,17772,17772
Client 37,2025-03-11,2025-04-10,2025-04-26,4081.58,4081.58
Client 01,2025-03-12,2025-03-27,2025-03-26,8484.6,8484.6
Client 04,2025-03-12,2025-04-26,2025-05-08,3860.75,3860.75
Client 07,2025-03-12,2025-04-11,2025-04-15,5540.74,5540.74
Client 22,2025-03-12,2025-04-11,2025-05-13,3293.74,3293.74
Client 31,2025-03-12,2025-03-27,2025-03-25,8060.45,8060.45
Client 34,2025-03-12,2025-04-26,2025-04-29,5622.18,5622.18
Client 09,2025-03-13,2025-04-27,2025-04-26,917.52,917.52
Client 17,2025-03-13,2025-04-12,2025-04-08,14741.7,14741.7
Client 20,2025-03-13,2025-05-12,2025-05-17,19209.4,19209.4
Client 23,2025-03-13,2025-04-12,2025-04-13,10839.5,10839.5
Client 34,2025-03-13,2025-04-27,2025-04-25,6747,6747
Client 35,2025-03-13,2025-05-12,2025-06-12,9606.24,9606.24
Client 37,2025-03-13,2025-04-12,2025-04-21,6556.72,6556.72
Client 40,2025-03-13,2025-05-12,,6044.88,
Client 06,2025-03-14,2025-03-29,2025-05-20,1383.94,1383.94
Client 22,2025-03-14,2025-04-13,2025-06-11,4368.94,4368.94
Client 24,2025-03-14,2025-04-28,2025-06-12,2800.52,2800.52
Client 27,2025-03-14,2025-04-13,2025-04-17,1271.78,1271.78
Client 29,2025-03-14,2025-04-28,2025-05-11,14419.5,14419.5
Client 07,2025-03-15,2025-04-14,2025-04-15,4574.01,4574.01
Client 14,2025-03-15,2025-04-29,2025-05-25,17404.4,17404.4
Client 15,2025-03-15,2025-05-14,,1527.04,
Client 38,2025-03-15,2025-04-14,2025-05-18,15688.9,15688.9
Client 02,2025-03-16,2025-04-15,2025-04-09,12915.3,12915.3
Client 02,2025-03-16,2025-04-15,2025-04-12,9454.58,9454.58
Client 12,2025-03-16,2025-04-15,2025-04-27,2131.23,2131.23
Client 13,2025-03-16,2025-04-15,2025-04-23,5525.82,5525.82
Client 15,2025-03-16,2025-05-15,2025-05-24,1435.8,1435.8
Client 18,2025-03-16,2025-04-15,2025-04-14,731.96,731.96
Client 32,2025-03-16,2025-04-15,2025-05-25,16214.2,16214.2
Client 01,2025-03-17,2025-04-01,2025-03-30,7908.41,7908.41
Client 08,2025-03-17,2025-04-16,2025-06-07,19105.8,19105.8
Client 03,2025-03-18,2025-04-17,2025-04-30,1882.06,1882.06
Client 05,2025-03-18,2025-05-17,2025-05-29,12902,12902
Client 15,2025-03-18,2025-05-17,2025-05-20,1480.3,1480.3
Client 17,2025-03-18,2025-04-17,,11159.5,
Client 24,2025-03-18,2025-05-02,2025-06-30,1736.06,1736.06
Client 30,2025-03-18,2025-05-17,2025-06-29,2834.16,2834.16
Client 39,2025-03-18,2025-05-02,2025-05-13,1781.09,1781.09
Client 02,2025-03-19,2025-04-18,2025-04-10,12807.5,12807.5
Client 08,2025-03-19,2025-04-18,2025-06-04,11070.8,11070.8
Client 22,2025-03-19,2025-04-18,2025-05-15,6968.18,6968.18
Client 36,2025-03-19,2025-04-03,2025-04-06,2332.35,2332.35
Client 40,2025-03-19,2025-05-18,2025-06-29,4210.47,4210.47
Client 17,2025-03-20,2025-04-19,2025-04-23,16815.1,16815.1
Client 18,2025-03-20,2025-04-19,2025-04-15,2325.93,2325.93
Client 22,2025-03-20,2025-04-19,2025-05-11,3310.79,3310.79
Client 39,2025-03-20,2025-05-04,2025-05-13,2112.56,2112.56
Client 08,2025-03-21,2025-04-20,2025-06-09,19933,19933
Client 17,2025-03-21,2025-04-20,2025-04-17,12520.5,12520.5
Client 21,2025-03-21,2025-04-05,2025-04-20,1580.21,1580.21
Client 28,2025-03-21,2025-04-20,2025-05-06,3732.89,3732.89
Client 01,2025-03-22,2025-04-06,2025-04-09,7811.39,7811.39
Client 05,2025-03-22,2025-05-21,2025-06-03,17939.4,17939.4
Client 10,2025-03-22,2025-05-21,2025-05-18,5313.32,5313.32
Client 17,2025-03-22,2025-04-21,2025-04-22,14533.9,14533.9
Client 25,2025-03-22,2025-05-21,2025-05-24,7900.09,7900.09
Client 29,2025-03-22,2025-05-06,2025-05-20,16171.9,16171.9
Client 30,2025-03-22,2025-05-21,2025-07-05,1204.61,1204.61
Client 36,2025-03-22,2025-04-06,2025-04-30,1683.91,1683.91
Client 38,2025-03-22,2025-04-21,2025-05-30,17199.7,17199.7
Client 08,2025-03-23,2025-04-22,2025-05-27,15849.8,15849.8
Client 10,2025-03-23,2025-05-22,2025-05-19,4662.28,4662.28
Client 13,2025-03-23,2025-04-22,2025-05-16,6175.87,6175.87
Client 28,2025-03-23,2025-04-22,2025-04-30,6477,6477
Client 02,2025-03-24,2025-04-23,2025-04-19,14440,14440
Client 04,2025-03-24,2025-05-08,2025-05-06,4829.6,4829.6
Client 26,2025-03-24,2025-04-08,2025-04-10,18302.2,18302.2
Client 35,2025-03-24,2025-05-23,2025-06-08,10391.7,10391.7
Client 35,2025-03-24,2025-05-23,2025-06-02,16462.5,16462.5
Client 12,2025-03-25,2025-04-24,2025-04-28,2364.02,2364.02
Client 16,2025-03-25,2025-04-09,2025-05-23,5994.66,5994.66
Client 27,2025-03-25,2025-04-24,2025-05-01,2332.52,2332.52
Client 31,2025-03-25,2025-04-09,2025-04-25,3988.1,3988.1
Client 38,2025-03-25,2025-04-24,2025-06-03,14934.7,14934.7
Client 14,2025-03-26,2025-05-10,2025-06-09,11164,11164
Client 18,2025-03-26,2025-04-25,2025-04-24,712.98,712.98
Client 38,2025-03-26,2025-04-25,2025-05-29,11051.4,11051.4
Client 04,2025-03-27,2025-05-11,2025-05-18,3033.23,3033.23
Client 10,2025-03-27,2025-05-26,2025-05-26,6207.5,6207.5
Client 24,2025-03-27,2025-05-11,2025-06-25,2668.17,2668.17
Client 27,2025-03-27,2025-04-26,2025-05-08,1083.46,1083.46
Client 31,2025-03-27,2025-04-11,2025-04-23,5069.48,5069.48
Client 40,2025-03-27,2025-05-26,2025-07-15,5993.69,5993.69
Client 05,2025-03-28,2025-05-27,2025-06-16,19515.4,19515.4
Client 10,2025-03-28,2025-05-27,2025-05-20,5951.25,5951.25
Client 24,2025-03-28,2025-05-12,2025-06-28,1114.28,1114.28
Client 25,2025-03-28,2025-05-27,2025-05-26,3987.15,3987.15
Client 03,2025-04-01,2025-05-01,2025-05-09,2825.2,2825.2
Client 04,2025-04-01,2025-05-16,2025-05-25,5639.95,5639.95
Client 21,2025-04-01,2025-04-16,2025-05-04,2573.49,2573.49
Client 34,2025-04-01,2025-05-16,2025-05-14,5995.8,5995.8
Client 01,2025-04-02,2025-04-17,2025-04-14,4399.56,4399.56
Client 30,2025-04-02,2025-06-01,2025-07-13,1062.17,1062.17
Client 38,2025-04-02,2025-05-02,2025-05-30,19744.7,19744.7
Client 08,2025-04-03,2025-05-03,2025-06-21,12272.5,12272.5
Client 23,2025-04-03,2025-05-03,2025-05-13,10616.2,10616.2
Client 24,2025-04-03,2025-05-18,2025-07-08,2050.81,2050.81
Client 26,2025-04-03,2025-04-18,2025-04-14,10387.8,10387.8
Client 18,2025-04-04,2025-05-04,2025-04-28,2882.25,2882.25
Client 19,2025-04-04,2025-05-19,2025-05-31,4313.43,4313.43
Client 27,2025-04-04,2025-05-04,2025-05-18,2214.46,2214.46
Client 34,2025-04-04,2025-05-19,2025-05-13,4480.5,4480.5
Client 05,2025-04-05,2025-06-04,2025-06-12,11969.8,11969.8
Client 07,2025-04-05,2025-05-05,2025-05-05,6324.17,6324.17
Client 12,2025-04-05,2025-05-05,2025-05-17,544.18,544.18
Client 13,2025-04-05,2025-05-05,2025-05-19,5043.06,5043.06
Client 14,2025-04-05,2025-05-20,2025-06-20,19399.7,19399.7
Client 19,2025-04-05,2025-05-20,2025-06-09,3909.37,3909.37
Client 20,2025-04-05,2025-06-04,2025-06-19,18131.9,18131.9
Client 20,2025-04-05,2025-06-04,2025-06-23,10247.2,10247.2
Client 25,2025-04-05,2025-06-04,2025-06-03,8245.14,8245.14
Client 26,2025-04-05,2025-04-20,2025-04-18,17040.8,17040.8
Client 35,2025-04-05,2025-06-04,2025-06-20,15248.9,15248.9
Client 38,2025-04-05,2025-05-05,2025-06-14,18422.1,18422.1
Client 39,2025-04-05,2025-05-20,2025-05-20,2425.21,2425.21
Client 01,2025-04-06,2025-04-21,2025-04-19,4319.31,4319.31
Client 03,2025-04-06,2025-05-06,2025-05-18,2566.24,2566.24
Client 05,2025-04-06,2025-06-05,2025-06-13,9533.68,9533.68
Client 07,2025-04-06,2025-05-06,2025-05-15,3025.68,3025.68
Client 09,2025-04-06,2025-05-21,2025-05-18,571.21,245.84
Client 29,2025-04-06,2025-05-21,2025-05-31,14770.2,14770.2
Client 39,2025-04-06,2025-05-21,2025-05-22,1285.33,1285.33
Client 04,2025-04-07,2025-05-22,2025-05-31,8120.1,8120.1
Client 06,2025-04-07,2025-04-22,2025-05-24,2777.17,2777.17
Client 13,2025-04-07,2025-05-07,2025-05-19,6437.63,6437.63
Client 31,2025-04-07,2025-04-22,2025-04-26,5339.57,5339.57
Client 04,2025-04-08,2025-05-23,2025-06-03,8378.3,8378.3
Client 17,2025-04-08,2025-05-08,2025-05-10,15863.6,15863.6
Client 39,2025-04-08,2025-05-23,2025-06-05,2003.61,1230.56
Client 30,2025-04-09,2025-06-08,2025-07-20,2370.1,2370.1
Client 33,2025-04-09,2025-05-09,2025-05-08,1653.09,1653.09
Client 40,2025-04-09,2025-06-08,2025-07-29,7788.03,7788.03
Client 11,2025-04-10,2025-04-25,2025-05-05,17923.9,17923.9
Client 20,2025-04-10,2025-06-09,2025-06-23,12954.5,12954.5
Client 22,2025-04-10,2025-05-10,2025-06-17,7556.24,7556.24
Client 37,2025-04-10,2025-05-10,2025-05-21,8950.49,8950.49
Client 40,2025-04-10,2025-06-09,2025-07-19,6459.76,6459.76
Client 01,2025-04-11,2025-04-26,2025-04-23,4037.6,4037.6
Client 20,2025-04-11,2025-06-10,2025-06-29,11850.5,11850.5
Client 22,2025-04-11,2025-05-11,2025-06-16,4712.3,3068.86
Client 09,2025-04-12,2025-05-27,2025-05-27,1187.75,663.54
Client 13,2025-04-12,2025-05-12,2025-06-04,5390.48,5390.48
Client 14,2025-04-12,2025-05-27,2025-06-17,11877.3,11877.3
Client 15,2025-04-12,2025-06-11,2025-06-11,1782.21,1782.21
Client 19,2025-04-12,2025-05-27,2025-06-11,3324.06,3324.06
Client 28,2025-04-12,2025-05-12,2025-05-22,5465.81,5465.81
Client 28,2025-04-12,2025-05-12,2025-06-01,3935.56,3935.56
Client 31,2025-04-12,2025-04-27,2025-05-03,7020.85,7020.85
Client 35,2025-04-12,2025-06-11,2025-06-26,17559,17559
Client 40,2025-04-12,2025-06-11,2025-07-31,7341.15,7341.15
Client 11,2025-04-13,2025-04-28,2025-05-19,12023.5,12023.5
Client 13,2025-04-13,2025-05-13,2025-05-23,3650.72,3650.72
Client 20,2025-04-13,2025-06-12,2025-07-01,19913.2,19913.2
Client 23,2025-04-13,2025-05-13,2025-05-19,10718.6,10718.6
Client 28,2025-04-13,2025-05-13,2025-05-13,7312.63,7312.63
Client 29,2025-04-13,2025-05-28,2025-06-08,14682.9,14682.9
Client 35,2025-04-13,2025-06-12,2025-06-21,15222.8,12866.8
Client 01,2025-04-14,2025-04-29,2025-05-02,3009.41,3009.41
Client 05,2025-04-14,2025-06-13,2025-06-23,10718.8,10718.8
Client 16,2025-04-14,2025-04-29,,4173.7,
Client 17,2025-04-14,2025-05-14,2025-05-07,10028.5,10028.5
Client 18,2025-04-14,2025-05-14,2025-05-07,1500.58,1500.58
Client 21,2025-04-14,2025-04-29,2025-05-11,2427.83,2427.83
Client 37,2025-04-14,2025-05-14,2025-05-31,5186.93,5186.93
Client 38,2025-04-14,2025-05-14,2025-06-24,10635.1,10635.1
Client 38,2025-04-14,2025-05-14,2025-07-04,14938.5,14938.5
Client 40,2025-04-14,2025-06-13,2025-07-28,8250.65,8250.65
Client 12,2025-04-15,2025-05-15,2025-05-22,1687.05,1687.05
Client 14,2025-04-15,2025-05-30,2025-07-02,9818.2,9818.2
Client 17,2025-04-15,2025-05-15,2025-05-08,19283.1,19283.1
Client 33,2025-04-15,2025-05-15,2025-05-18,1704.14,1704.14
Client 37,2025-04-15,2025-05-15,2025-05-20,8041.47,8041.47
Client 02,2025-04-16,2025-05-16,2025-05-17,15940.3,15940.3
Client 06,2025-04-16,2025-05-01,2025-06-13,1766.74,1766.74
Client 10,2025-04-16,2025-06-15,2025-06-10,6301.88,6301.88
Client 29,2025-04-16,2025-05-31,2025-06-12,17765.1,17765.1
Client 31,2025-04-16,2025-05-01,2025-05-06,8576.54,8576.54
Client 12,2025-04-17,2025-05-17,2025-05-26,2248.96,2248.96
Client 20,2025-04-17,2025-06-16,2025-07-02,15972.5,15972.5
Client 26,2025-04-17,2025-05-02,2025-04-28,16933,15028.1
Client 28,2025-04-17,2025-05-17,2025-06-06,8702.2,8702.2
Client 03,2025-04-18,2025-05-18,2025-05-29,2947.03,2947.03
Client 07,2025-04-18,2025-05-18,2025-05-29,3810.21,3810.21
Client 11,2025-04-18,2025-05-03,2025-05-12,18580.2,18580.2
Client 14,2025-04-18,2025-06-02,2025-07-04,14850.7,14850.7
Client 14,2025-04-18,2025-06-02,2025-07-04,15673,15673
Client 40,2025-04-18,2025-06-17,2025-08-08,3697.24,3697.24
Client 05,2025-04-19,2025-06-18,2025-06-28,15752.5,15752.5
Client 07,2025-04-19,2025-05-19,2025-05-19,8002.85,8002.85
Client 08,2025-04-19,2025-05-19,2025-07-02,15824.9,15824.9
Client 08,2025-04-19,2025-05-19,2025-07-01,12868.2,12868.2
Client 21,2025-04-19,2025-05-04,2025-05-13,2040.69,2040.69
Client 22,2025-04-19,2025-05-19,2025-07-09,3588.06,3588.06
Client 32,2025-04-19,2025-05-19,2025-07-01,13011.7,13011.7
Client 37,2025-04-19,2025-05-19,2025-05-21,4610.4,4610.4
Client 21,2025-04-20,2025-05-05,2025-05-15,2807.77,2807.77
Client 35,2025-04-20,2025-06-19,2025-07-10,18283.2,18283.2
Client 02,2025-04-21,2025-05-21,2025-05-18,16051,16051
Client 05,2025-04-21,2025-06-20,2025-07-15,10998.5,10998.5
Client 08,2025-04-21,2025-05-21,2025-06-28,15949,15949
Client 10,2025-04-21,2025-06-20,2025-06-23,7928.69,7928.69
Client 23,2025-04-21,2025-05-21,2025-05-28,18248.5,18248.5
Client 25,2025-04-21,2025-06-20,2025-06-16,6064.58,6064.58
Client 32,2025-04-21,2025-05-21,2025-07-11,18495.8,18495.8
Client 35,2025-04-21,2025-06-20,2025-07-05,14404.1,14404.1
Client 15,2025-04-22,2025-06-21,2025-06-21,1659.63,1659.63
Client 16,2025-04-22,2025-05-07,2025-06-23,3331.46,3331.46
Client 26,2025-04-22,2025-05-07,2025-05-07,16129.7,16129.7
Client 31,2025-04-22,2025-05-07,2025-05-25,3869.35,3869.35
Client 32,2025-04-22,2025-05-22,2025-06-26,9570.34,9570.34
Client 35,2025-04-22,2025-06-21,2025-07-08,10363.1,10363.1
Client 09,2025-04-23,2025-06-07,2025-06-08,1905.81,1905.81
Client 10,2025-04-23,2025-06-22,2025-06-22,4964.26,4964.26
Client 14,2025-04-23,2025-06-07,2025-08-08,16794.6,16794.6
Client 16,2025-04-23,2025-05-08,2025-06-28,4193.01,4193.01
Client 26,2025-04-23,2025-05-08,2025-05-05,19964.4,19964.4
Client 34,2025-04-23,2025-06-07,2025-06-03,3027.56,3027.56
Client 34,2025-04-23,2025-06-07,2025-06-06,7529.78,7529.78
Client 34,2025-04-23,2025-06-07,2025-06-03,5316.74,5316.74
Client 06,2025-04-24,2025-05-09,2025-06-16,1159.94,1159.94
Client 08,2025-04-24,2025-05-24,2025-07-07,12128.5,12128.5
Client 19,2025-04-24,2025-06-08,2025-06-26,4711.14,4711.14
Client 23,2025-04-24,2025-05-24,2025-06-07,9971.77,9971.77
Client 27,2025-04-24,2025-05-24,2025-05-29,2722.59,2722.59
Client 29,2025-04-24,2025-06-08,2025-06-27,18634,18634
Client 30,2025-04-24,2025-06-23,2025-07-12,2722.76,2722.76
Client 02,2025-04-25,2025-05-25,2025-05-27,14756.9,14756.9
Client 04,2025-04-25,2025-06-09,2025-06-15,4965.04,4965.04
Client 11,2025-04-25,2025-05-10,2025-05-24,19725.2,19725.2
Client 14,2025-04-25,2025-06-09,2025-07-14,16506.1,16506.1
Client 17,2025-04-25,2025-05-25,2025-05-21,15011.7,15011.7
Client 20,2025-04-25,2025-06-24,2025-06-29,10721.3,10721.3
Client 23,2025-04-25,2025-05-25,2025-06-05,17004.3,17004.3
Client 24,2025-04-25,2025-06-09,2025-07-30,2215.64,2215.64
Client 29,2025-04-25,2025-06-09,2025-06-28,13106.2,13106.2
Client 35,2025-04-25,2025-06-24,2025-07-09,16271.3,16271.3
Client 05,2025-04-26,2025-06-25,2025-07-10,10730.9,10730.9
Client 17,2025-04-26,2025-05-26,2025-05-28,13713.3,13713.3
Client 18,2025-04-26,2025-05-26,2025-05-24,703.37,703.37
Client 19,2025-04-26,2025-06-10,2025-06-20,8366.31,8366.31
Client 22,2025-04-26,2025-05-26,2025-06-28,8483.17,8483.17
Client 25,2025-04-26,2025-06-25,2025-06-25,3755.33,3755.33
Client 01,2025-04-27,2025-05-12,2025-05-14,6983.42,6983.42
Client 10,2025-04-27,2025-06-26,2025-06-24,6238.54,6238.54
Client 15,2025-04-27,2025-06-26,2025-07-14,1656.2,1656.2
Client 36,2025-04-27,2025-05-12,2025-05-24,559.21,559.21
Client 36,2025-04-27,2025-05-12,2025-05-26,2860.82,2860.82
Client 39,2025-04-27,2025-06-11,2025-06-23,1497.44,1497.44
Client 40,2025-04-27,2025-06-26,2025-08-08,8783.19,8783.19
Client 04,2025-04-28,2025-06-12,2025-06-30,4261.45,4261.45
Client 23,2025-04-28,2025-05-28,2025-06-04,10133.7,10133.7
Client 29,2025-04-28,2025-06-12,2025-06-21,9041.5,9041.5
Client 05,2025-05-01,2025-06-30,2025-07-09,19193.2,19193.2
Client 09,2025-05-01,2025-06-15,2025-06-10,1254.13,1254.13
Client 26,2025-05-01,2025-05-16,2025-05-13,19527.6,19527.6
Client 37,2025-05-01,2025-05-31,2025-06-11,4477.5,4477.5
Client 10,2025-05-02,2025-07-01,2025-06-28,7530.45,7530.45
Client 11,2025-05-02,2025-05-17,2025-05-14,19502.8,19502.8
Client 17,2025-05-02,2025-06-01,2025-05-29,12101.8,12101.8
Client 20,2025-05-02,2025-07-01,2025-07-15,12032.6,12032.6
Client 22,2025-05-02,2025-06-01,2025-06-17,7160.41,7160.41
Client 34,2025-05-02,2025-06-16,2025-06-11,7609.94,7609.94
Client 35,2025-05-02,2025-07-01,2025-07-13,13636,13636
Client 08,2025-05-03,2025-06-02,2025-07-11,16015,16015
Client 25,2025-05-03,2025-07-02,2025-07-04,4087.08,4087.08
Client 30,2025-05-03,2025-07-02,2025-08-06,1492.55,1492.55
Client 38,2025-05-03,2025-06-02,2025-07-04,10302.3,10302.3
Client 13,2025-05-04,2025-06-03,2025-06-09,3094.56,3094.56
Client 21,2025-05-04,2025-05-19,2025-06-18,2991.08,2991.08
Client 21,2025-05-04,2025-05-19,2025-06-06,1529.01,1529.01
Client 27,2025-05-04,2025-06-03,2025-06-09,665.15,665.15
Client 30,2025-05-04,2025-07-03,2025-08-04,2381.28,2381.28
Client 03,2025-05-05,2025-06-04,2025-06-20,900.78,900.78
Client 13,2025-05-05,2025-06-04,2025-06-11,5382.77,5382.77
Client 18,2025-05-05,2025-06-04,2025-05-30,2758.63,2758.63
Client 32,2025-05-05,2025-06-04,2025-07-16,16361,16361
Client 08,2025-05-06,2025-06-05,2025-07-24,19754.1,19754.1
Client 13,2025-05-06,2025-06-05,2025-06-24,5866.34,5866.34
Client 14,2025-05-06,2025-06-20,2025-07-05,11372.3,11372.3
Client 14,2025-05-06,2025-06-20,2025-08-05,9531.45,9531.45
Client 16,2025-05-06,2025-05-21,2025-07-05,8279.95,8279.95
Client 21,2025-05-06,2025-05-21,2025-06-01,2532.18,2532.18
Client 14,2025-05-07,2025-06-21,2025-08-04,11424.1,11424.1
Client 16,2025-05-07,2025-05-22,2025-07-07,4601.63,4601.63
Client 20,2025-05-07,2025-07-06,2025-07-21,18506.6,18506.6
Client 21,2025-05-07,2025-05-22,2025-06-01,2894.58,2894.58
Client 23,2025-05-07,2025-06-06,2025-06-14,18920.9,18920.9
Client 28,2025-05-07,2025-06-06,2025-06-22,7528.74,7528.74
Client 28,2025-05-07,2025-06-06,2025-06-19,5556.43,5556.43
Client 35,2025-05-07,2025-07-06,2025-07-06,16622.7,16622.7
Client 35,2025-05-07,2025-07-06,2025-07-17,14098.5,14098.5
Client 08,2025-05-08,2025-06-07,2025-07-20,18322.8,18322.8
Client 09,2025-05-08,2025-06-22,2025-06-19,2694.05,2694.05
Client 13,2025-05-08,2025-06-07,2025-06-25,8799.24,8799.24
Client 34,2025-05-08,2025-06-22,2025-06-18,6384.21,6384.21
Client 39,2025-05-08,2025-06-22,2025-06-23,2135.65,2135.65
Client 05,2025-05-09,2025-07-08,2025-07-19,17858.6,17858.6
Client 11,2025-05-09,2025-05-24,2025-05-31,19443,19443
Client 12,2025-05-09,2025-06-08,2025-06-10,2857.02,2857.02
Client 20,2025-05-09,2025-07-08,2025-07-19,19764.3,19764.3
Client 27,2025-05-09,2025-06-08,2025-06-24,1826.76,1826.76
Client 29,2025-05-09,2025-06-23,2025-07-02,12301.2,12301.2
Client 04,2025-05-10,2025-06-24,2025-07-04,7430.22,7430.22
Client 12,2025-05-10,2025-06-09,2025-06-12,1992.14,1992.14
Client 13,2025-05-10,2025-06-09,2025-06-21,6033.01,6033.01
Client 34,2025-05-10,2025-06-24,2025-06-19,4199.29,4199.29
Client 08,2025-05-11,2025-06-10,2025-07-10,15094.1,15094.1
Client 16,2025-05-11,2025-05-26,2025-07-19,7542.07,3001.86
Client 25,2025-05-11,2025-07-10,2025-07-09,3710.57,3710.57
Client 27,2025-05-11,2025-06-10,2025-07-01,2079.79,2079.79
Client 08,2025-05-12,2025-06-11,2025-07-31,10479.7,10479.7
Client 15,2025-05-12,2025-07-11,2025-07-20,2000.55,2000.55
Client 19,2025-05-12,2025-06-26,2025-07-07,7105.32,7105.32
Client 19,2025-05-12,2025-06-26,2025-07-10,7308.68,6245.7
Client 26,2025-05-12,2025-05-27,2025-05-21,10342.8,10342.8
Client 38,2025-05-12,2025-06-11,2025-07-04,9245.87,9245.87
Client 39,2025-05-12,2025-06-26,2025-07-06,2887.32,2887.32
Client 11,2025-05-13,2025-05-28,2025-06-05,14171.9,14171.9
Client 15,2025-05-13,2025-07-12,2025-07-22,1092.36,1092.36
Client 27,2025-05-13,2025-06-12,2025-06-23,597.2,597.2
Client 36,2025-05-13,2025-05-28,2025-05-31,2299.71,2299.71
Client 10,2025-05-14,2025-07-13,2025-07-05,4015.2,4015.2
Client 11,2025-05-14,2025-05-29,2025-06-11,15180.3,15180.3
Client 14,2025-05-14,2025-06-28,2025-08-04,18015.3,18015.3
Client 15,2025-05-14,2025-07-13,2025-07-16,2952.62,2155.97
Client 22,2025-05-14,2025-06-13,2025-08-06,8421.78,8421.78
Client 34,2025-05-14,2025-06-28,2025-06-25,4124.47,4124.47
Client 32,2025-05-15,2025-06-14,2025-07-31,9727,9727
Client 01,2025-05-16,2025-05-31,2025-05-26,8420.4,8420.4
Client 06,2025-05-16,2025-05-31,2025-07-09,975.31,975.31
Client 07,2025-05-16,2025-06-15,2025-07-03,3310.25,3310.25
Client 08,2025-05-16,2025-06-15,2025-07-23,15226.8,15226.8
Client 11,2025-05-16,2025-05-31,2025-06-08,12525.1,12525.1
Client 16,2025-05-16,2025-05-31,2025-07-10,7291.62,7291.62
Client 18,2025-05-16,2025-06-15,2025-06-10,1636.53,1636.53
Client 25,2025-05-16,2025-07-15,2025-07-10,8956.08,8956.08
Client 26,2025-05-16,2025-05-31,2025-06-03,11807.4,11807.4
Client 03,2025-05-17,2025-06-16,2025-06-29,714.33,714.33
Client 11,2025-05-17,2025-06-01,2025-06-12,16679.5,16679.5
Client 40,2025-05-17,2025-07-16,2025-08-21,4896.49,4896.49
Client 02,2025-05-18,2025-06-17,2025-06-15,9382.05,9382.05
Client 08,2025-05-18,2025-06-17,,11200.8,
Client 19,2025-05-18,2025-07-02,2025-07-15,4123.98,4123.98
Client 25,2025-05-18,2025-07-17,2025-07-05,3818.31,3818.31
Client 36,2025-05-18,2025-06-02,2025-06-18,1516.92,1516.92
Client 38,2025-05-18,2025-06-17,2025-07-21,17573.4,14909.8
Client 06,2025-05-19,2025-06-03,2025-06-28,1452.88,1452.88
Client 15,2025-05-19,2025-07-18,2025-07-30,1699.76,1699.76
Client 32,2025-05-19,2025-06-18,2025-07-27,19316.4,19316.4
Client 04,2025-05-20,2025-07-04,2025-07-21,4855.14,4855.14
Client 05,2025-05-20,2025-07-19,2025-07-23,17969.5,17969.5
Client 18,2025-05-20,2025-06-19,2025-06-18,2858.7,2858.7
Client 32,2025-05-20,2025-06-19,2025-07-29,18552.6,18552.6
Client 01,2025-05-21,2025-06-05,2025-06-02,3542.45,3542.45
Client 02,2025-05-21,2025-06-20,2025-06-23,18790.1,7668.33
Client 07,2025-05-21,2025-06-20,2025-07-12,7145.09,3167.64
Client 17,2025-05-21,2025-06-20,2025-06-17,18219.2,18219.2
Client 22,2025-05-21,2025-06-20,2025-07-27,6221.7,6221.7
Client 24,2025-05-21,2025-07-05,2025-08-14,765.32,765.32
Client 28,2025-05-21,2025-06-20,2025-07-01,3105.01,3105.01
Client 31,2025-05-21,2025-06-05,2025-06-12,3575.61,3575.61
Client 40,2025-05-21,2025-07-20,2025-08-29,4513.62,4513.62
Client 04,2025-05-22,2025-07-06,2025-07-14,8547.76,8547.76
Client 14,2025-05-22,2025-07-06,2025-08-09,17832.1,17832.1
Client 17,2025-05-22,2025-06-21,2025-06-20,12987.4,12987.4
Client 22,2025-05-22,2025-06-21,2025-07-24,8724.72,8724.72
Client 23,2025-05-22,2025-06-21,2025-07-03,14687.8,14687.8
Client 33,2025-05-22,2025-06-21,2025-06-22,1586.66,1586.66
Client 37,2025-05-22,2025-06-21,2025-07-11,3640.47,3640.47
Client 02,2025-05-23,2025-06-22,2025-06-23,14416.8,14416.8
Client 14,2025-05-23,2025-07-07,2025-08-09,19337.2,19337.2
Client 34,2025-05-23,2025-07-07,2025-07-03,5420.68,5420.68
Client 38,2025-05-23,2025-06-22,2025-07-23,9682.68,9682.68
Client 02,2025-05-24,2025-06-23,2025-06-18,12278,12278
Client 16,2025-05-24,2025-06-08,2025-07-18,3258.13,3258.13
Client 17,2025-05-24,2025-06-23,2025-06-22,11496.3,11496.3
Client 18,2025-05-24,2025-06-23,2025-06-20,606.87,606.87
Client 28,2025-05-24,2025-06-23,2025-07-07,6158.67,6158.67
Client 32,2025-05-24,2025-06-23,2025-08-15,17865.2,17865.2
Client 35,2025-05-24,2025-07-23,2025-07-25,15073.4,15073.4
Client 37,2025-05-24,2025-06-23,2025-07-06,8835.02,8835.02
Client 10,2025-05-25,2025-07-24,2025-07-19,6008.17,6008.17
Client 25,2025-05-25,2025-07-24,2025-07-22,6489.17,6489.17
Client 29,2025-05-25,2025-07-09,2025-07-19,9744.39,9744.39
Client 04,2025-05-26,2025-07-10,2025-07-21,4617.34,4617.34
Client 07,2025-05-26,2025-06-25,2025-07-09,6251.2,6251.2
Client 24,2025-05-26,2025-07-10,2025-08-22,1935.89,1935.89
Client 26,2025-05-26,2025-06-10,2025-06-12,12126,12126
Client 30,2025-05-26,2025-07-25,2025-08-31,2160.3,2160.3
Client 35,2025-05-26,2025-07-25,2025-08-02,13378.2,13378.2
Client 36,2025-05-26,2025-06-10,2025-06-13,1746.71,1746.71
Client 38,2025-05-26,2025-06-25,2025-07-30,19764.9,19764.9
Client 40,2025-05-26,2025-07-25,2025-09-10,4258.93,4258.93
Client 02,2025-05-27,2025-06-26,2025-06-22,18864.3,18864.3
Client 04,2025-05-27,2025-07-11,2025-07-16,6017.98,6017.98
Client 10,2025-05-27,2025-07-26,2025-07-27,7977.7,7977.7
Client 11,2025-05-27,2025-06-11,2025-06-23,13986.3,13986.3
Client 24,2025-05-27,2025-07-11,,2657.89,
Client 30,2025-05-27,2025-07-26,2025-09-12,715.15,715.15
Client 31,2025-05-27,2025-06-11,2025-06-24,6709.28,6709.28
Client 31,2025-05-27,2025-06-11,2025-06-29,5618.98,5618.98
Client 33,2025-05-27,2025-06-26,2025-06-29,1539.08,1539.08
Client 37,2025-05-27,2025-06-26,2025-07-07,4602.48,4602.48
Client 05,2025-05-28,2025-07-27,2025-08-01,12815.9,12815.9
Client 09,2025-05-28,2025-07-12,2025-07-06,1830.59,1830.59
Client 23,2025-05-28,2025-06-27,2025-07-06,17655.2,17655.2
Client 29,2025-05-28,2025-07-12,2025-07-24,9287.13,9287.13
Client 32,2025-05-28,2025-06-27,2025-08-03,14197.2,14197.2
Client 37,2025-05-28,2025-06-27,2025-07-04,7730.12,7730.12
Client 04,2025-06-01,2025-07-16,2025-07-21,8693.18,8693.18
Client 11,2025-06-01,2025-06-16,2025-07-06,16280.9,16280.9
Client 14,2025-06-01,2025-07-16,2025-09-02,15239.8,15239.8
Client 16,2025-06-01,2025-06-16,2025-07-28,6238.39,6238.39
Client 23,2025-06-01,2025-07-01,2025-07-12,17289.3,17289.3
Client 28,2025-06-01,2025-07-01,2025-07-10,5119.61,5119.61
Client 37,2025-06-01,2025-07-01,2025-07-01,6422.9,6422.9
Client 04,2025-06-02,2025-07-17,2025-08-09,8850.96,8850.96
Client 22,2025-06-02,2025-07-02,2025-08-04,4907.26,4907.26
Client 05,2025-06-03,2025-08-02,2025-08-09,17610.7,17610.7
Client 26,2025-06-03,2025-06-18,2025-06-16,12090.9,12090.9
Client 35,2025-06-03,2025-08-02,2025-08-13,12960.7,12960.7
Client 19,2025-06-04,2025-07-19,2025-08-05,6621.84,6621.84
Client 34,2025-06-04,2025-07-19,2025-07-17,5499.21,5499.21
Client 36,2025-06-04,2025-06-19,2025-07-05,1566.33,1566.33
Client 40,2025-06-04,2025-08-03,2025-09-20,3640.53,3640.53
Client 10,2025-06-05,2025-08-04,2025-07-31,4156.65,4156.65
Client 16,2025-06-05,2025-06-20,2025-08-03,7709.95,7709.95
Client 23,2025-06-05,2025-07-05,2025-07-19,13770.7,13770.7
Client 28,2025-06-05,2025-07-05,2025-07-11,4089.2,4089.2
Client 31,2025-06-05,2025-06-20,2025-06-29,8822.43,8822.43
Client 36,2025-06-05,2025-06-20,2025-06-24,1255.21,1255.21
Client 39,2025-06-05,2025-07-20,2025-08-01,2505.56,2505.56
Client 04,2025-06-06,2025-07-21,2025-08-07,7007.62,7007.62
Client 12,2025-06-06,2025-07-06,2025-07-06,1098.62,1098.62
Client 13,2025-06-06,2025-07-06,2025-07-13,3942.83,3942.83
Client 14,2025-06-06,2025-07-21,2025-08-27,14032.6,14032.6
Client 21,2025-06-06,2025-06-21,2025-07-02,2428.62,2428.62
Client 30,2025-06-06,2025-08-05,2025-09-19,1691.47,1691.47
Client 32,2025-06-06,2025-07-06,2025-08-18,17615.1,17615.1
Client 38,2025-06-06,2025-07-06,2025-08-05,12508.7,12508.7
Client 01,2025-06-07,2025-06-22,2025-06-18,7894.63,7894.63
Client 02,2025-06-07,2025-07-07,2025-07-03,16467.6,16467.6
Client 02,2025-06-07,2025-07-07,2025-07-04,9324.66,9324.66
Client 09,2025-06-07,2025-07-22,2025-07-15,1586.85,1586.85
Client 09,2025-06-07,2025-07-22,2025-07-16,2794.05,2794.05
Client 11,2025-06-07,2025-06-22,2025-07-10,11541.6,11541.6
Client 14,2025-06-07,2025-07-22,2025-08-16,9319.89,9319.89
Client 21,2025-06-07,2025-06-22,2025-07-09,2066.29,2066.29
Client 21,2025-06-07,2025-06-22,2025-07-12,506.24,506.24
Client 22,2025-06-07,2025-07-07,2025-07-27,8226.57,8226.57
Client 27,2025-06-07,2025-07-07,2025-07-23,1826.99,1826.99
Client 32,2025-06-07,2025-07-07,2025-08-14,13466.9,13466.9
Client 04,2025-06-08,2025-07-23,2025-07-27,6880.65,3077.9
Client 18,2025-06-08,2025-07-08,2025-07-05,1036.31,1036.31
Client 24,2025-06-08,2025-07-23,2025-09-03,543.89,543.89
Client 28,2025-06-08,2025-07-08,2025-07-18,8865.67,8865.67
Client 29,2025-06-08,2025-07-23,2025-07-30,11251.4,11251.4
Client 35,2025-06-08,2025-08-07,2025-08-20,10719.8,10719.8
Client 07,2025-06-09,2025-07-09,2025-07-23,7618.4,7618.4
Client 28,2025-06-09,2025-07-09,2025-07-23,3397.83,3397.83
Client 32,2025-06-09,2025-07-09,2025-08-15,10040.8,10040.8
Client 36,2025-06-09,2025-06-24,2025-07-12,1941.7,1941.7
Client 26,2025-06-10,2025-06-25,2025-06-25,12658,12658
Client 29,2025-06-10,2025-07-25,2025-08-06,9259.26,9259.26
Client 33,2025-06-10,2025-07-10,2025-07-08,2828.85,2828.85
Client 36,2025-06-10,2025-06-25,2025-06-30,1864.14,1864.14
Client 02,2025-06-11,2025-07-11,2025-07-12,13008.5,13008.5
Client 31,2025-06-11,2025-06-26,2025-07-09,7776.23,7776.23
Client 34,2025-06-11,2025-07-26,2025-07-21,3876.2,3876.2
Client 02,2025-06-12,2025-07-12,2025-07-12,17611.6,17611.6
Client 06,2025-06-12,2025-06-27,2025-07-14,2870.8,2870.8
Client 10,2025-06-12,2025-08-11,2025-08-06,5557.15,5557.15
Client 17,2025-06-12,2025-07-12,2025-07-12,19113.4,19113.4
Client 20,2025-06-12,2025-08-11,2025-08-15,16021.3,16021.3
Client 24,2025-06-12,2025-07-27,2025-09-09,1208.35,1208.35
Client 25,2025-06-12,2025-08-11,2025-08-08,4959,4959
Client 26,2025-06-12,2025-06-27,2025-06-22,11602.2,11602.2
Client 29,2025-06-12,2025-07-27,2025-08-10,9550.62,9550.62
Client 33,2025-06-12,2025-07-12,2025-07-12,1839.75,1839.75
Client 03,2025-06-13,2025-07-13,2025-07-27,2516.77,2516.77
Client 08,2025-06-13,2025-07-13,2025-09-01,10791.4,10791.4
Client 19,2025-06-13,2025-07-28,2025-08-03,8098.96,8098.96
Client 37,2025-06-13,2025-07-13,2025-07-21,8204.34,3479.84
Client 37,2025-06-13,2025-07-13,2025-07-29,3632.66,3632.66
Client 39,2025-06-13,2025-07-28,2025-08-08,2182.14,2182.14
Client 02,2025-06-14,2025-07-14,2025-07-12,10559.6,10559.6
Client 07,2025-06-14,2025-07-14,2025-07-27,3688.32,3688.32
Client 10,2025-06-14,2025-08-13,2025-08-11,3056.64,3056.64
Client 15,2025-06-14,2025-08-13,2025-09-03,2635.9,2635.9
Client 20,2025-06-14,2025-08-13,2025-08-19,15620.5,15620.5
Client 21,2025-06-14,2025-06-29,2025-07-15,983.34,983.34
Client 22,2025-06-14,2025-07-14,2025-08-11,7473.1,7473.1
Client 34,2025-06-14,2025-07-29,2025-07-31,4986.29,4986.29
Client 35,2025-06-14,2025-08-13,2025-09-01,12820.1,12820.1
Client 11,2025-06-15,2025-06-30,2025-07-08,18887.9,18887.9
Client 18,2025-06-15,2025-07-15,2025-07-10,1288.56,1288.56
Client 18,2025-06-15,2025-07-15,2025-07-14,1544.34,653.55
Client 22,2025-06-15,2025-07-15,2025-08-17,6416.6,6416.6
Client 23,2025-06-15,2025-07-15,2025-07-30,18076.4,18076.4
Client 33,2025-06-15,2025-07-15,2025-07-12,2277.91,2277.91
Client 05,2025-06-16,2025-08-15,2025-08-27,17037.6,17037.6
Client 06,2025-06-16,2025-07-01,2025-08-22,1054.72,1054.72
Client 10,2025-06-16,2025-08-15,2025-08-18,4293.9,4293.9
Client 14,2025-06-16,2025-07-31,2025-08-31,16325.6,16325.6
Client 24,2025-06-16,2025-07-31,2025-09-10,892.82,892.82
Client 02,2025-06-17,2025-07-17,2025-07-13,16969.7,16969.7
Client 15,2025-06-17,2025-08-16,2025-09-06,1239.48,1239.48
Client 16,2025-06-17,2025-07-02,2025-08-14,8403.25,8403.25
Client 20,2025-06-17,2025-08-16,2025-08-29,13677.4,13677.4
Client 25,2025-06-17,2025-08-16,2025-08-14,4333.2,4333.2
Client 34,2025-06-17,2025-08-01,2025-08-02,7122.04,7122.04
Client 29,2025-06-18,2025-08-02,2025-08-11,16782.8,16782.8
Client 32,2025-06-18,2025-07-18,2025-08-28,14447.5,14447.5
Client 02,2025-06-19,2025-07-19,2025-07-18,15550.7,15550.7
Client 07,2025-06-19,2025-07-19,2025-07-24,8719.36,8719.36
Client 11,2025-06-19,2025-07-04,2025-07-13,19288.8,19288.8
Client 13,2025-06-19,2025-07-19,2025-07-29,5585.87,5585.87
Client 17,2025-06-19,2025-07-19,2025-07-20,17868.2,17868.2
Client 22,2025-06-19,2025-07-19,2025-08-15,7777.1,7777.1
Client 27,2025-06-19,2025-07-19,2025-07-31,1919.01,1919.01
Client 30,2025-06-19,2025-08-18,2025-10-01,1920.77,1920.77
Client 35,2025-06-19,2025-08-18,2025-08-19,10841.6,10841.6
Client 05,2025-06-20,2025-08-19,2025-08-31,18129.3,18129.3
Client 08,2025-06-20,2025-07-20,2025-08-31,13732.6,13732.6
Client 29,2025-06-20,2025-08-04,2025-08-19,11062,11062
Client 39,2025-06-20,2025-08-04,2025-08-24,636,636
Client 40,2025-06-20,2025-08-19,2025-09-30,8676.34,8676.34
Client 09,2025-06-21,2025-08-05,2025-07-30,903.34,903.34
Client 19,2025-06-21,2025-08-05,2025-08-24,7968.77,7968.77
Client 29,2025-06-21,2025-08-05,2025-08-16,17638.7,17638.7
Client 38,2025-06-21,2025-07-21,2025-08-16,14540,14540
Client 01,2025-06-22,2025-07-07,2025-07-02,3634.19,3634.19
Client 10,2025-06-22,2025-08-21,2025-08-26,3637.01,3637.01
Client 14,2025-06-22,2025-08-06,2025-09-19,15322.2,15322.2
Client 25,2025-06-22,2025-08-21,2025-08-17,8373.12,8373.12
Client 03,2025-06-23,2025-07-23,2025-08-01,1337.87,1337.87
Client 06,2025-06-23,2025-07-08,2025-08-06,540.9,540.9
Client 13,2025-06-23,2025-07-23,2025-08-07,3919.25,3919.25
Client 05,2025-06-24,2025-08-23,2025-09-15,11841.6,11841.6
Client 12,2025-06-24,2025-07-24,2025-08-12,2914.94,2914.94
Client 26,2025-06-24,2025-07-09,2025-07-07,17271.7,17271.7
Client 30,2025-06-24,2025-08-23,2025-10-11,2202.83,2202.83
Client 39,2025-06-24,2025-08-08,2025-08-30,1604.7,903.28
Client 03,2025-06-25,2025-07-25,2025-07-25,2517.11,2517.11
Client 07,2025-06-25,2025-07-25,2025-08-10,5486,5486
Client 08,2025-06-25,2025-07-25,2025-08-30,16797.7,16797.7
Client 14,2025-06-25,2025-08-09,2025-09-21,12620.8,12620.8
Client 17,2025-06-25,2025-07-25,2025-07-25,10714,10714
Client 17,2025-06-25,2025-07-25,2025-07-23,11744.7,11744.7
Client 37,2025-06-25,2025-07-25,2025-08-04,8221.78,8221.78
Client 38,2025-06-25,2025-07-25,2025-08-11,18916.2,18916.2
Client 20,2025-06-26,2025-08-25,2025-09-05,19641.7,19641.7
Client 35,2025-06-26,2025-08-25,2025-09-04,18910.2,18910.2
Client 16,2025-06-27,2025-07-12,2025-08-16,5051.3,5051.3
Client 20,2025-06-27,2025-08-26,2025-09-18,19662.6,19662.6
Client 24,2025-06-27,2025-08-11,2025-09-26,2481.32,2481.32
Client 26,2025-06-27,2025-07-12,2025-07-04,9902.48,9902.48
Client 29,2025-06-27,2025-08-11,2025-08-21,10122.6,10122.6
Client 32,2025-06-27,2025-07-27,2025-09-01,11373.4,11373.4
Client 34,2025-06-27,2025-08-11,2025-08-11,5851.01,5851.01
Client 38,2025-06-27,2025-07-27,2025-09-01,15476.6,15476.6
Client 01,2025-06-28,2025-07-13,2025-07-12,3378.48,3378.48
Client 05,2025-06-28,2025-08-27,2025-09-07,17902.9,17902.9
Client 07,2025-06-28,2025-07-28,2025-08-09,7896.14,7896.14
Client 15,2025-06-28,2025-08-27,2025-09-15,2290.37,2290.37
Client 27,2025-06-28,2025-07-28,2025-08-17,540.88,540.88
Client 40,2025-06-28,2025-08-27,2025-10-12,7176.81,7176.81
Client 21,2025-07-01,2025-07-16,2025-07-23,1545.81,1545.81
Client 29,2025-07-01,2025-08-15,2025-08-22,10752.5,10752.5
Client 33,2025-07-01,2025-07-31,2025-07-25,1510.06,1510.06
Client 36,2025-07-01,2025-07-16,2025-07-30,2047.98,2047.98
Client 40,2025-07-01,2025-08-30,2025-10-04,6665.22,6665.22
Client 12,2025-07-02,2025-08-01,2025-08-11,1703.15,1703.15
Client 27,2025-07-02,2025-08-01,2025-08-11,563.16,563.16
Client 32,2025-07-02,2025-08-01,2025-09-11,12363.7,12363.7
Client 09,2025-07-03,2025-08-17,2025-08-07,811.43,811.43
Client 09,2025-07-03,2025-08-17,2025-08-13,1195.83,1195.83
Client 17,2025-07-03,2025-08-02,2025-07-31,10367.3,10367.3
Client 21,2025-07-03,2025-07-18,2025-08-04,1710.74,1710.74
Client 24,2025-07-03,2025-08-17,2025-09-24,1402.35,1402.35
Client 06,2025-07-04,2025-07-19,2025-08-16,1684.76,1684.76
Client 23,2025-07-04,2025-08-03,2025-08-06,9499.6,9499.6
Client 31,2025-07-04,2025-07-19,2025-08-11,3236.89,3236.89
Client 37,2025-07-04,2025-08-03,2025-08-25,6087.14,6087.14
Client 40,2025-07-04,2025-09-02,2025-10-08,6462.72,6462.72
Client 07,2025-07-05,2025-08-04,2025-08-18,3041.82,3041.82
Client 08,2025-07-05,2025-08-04,2025-09-12,19916.7,19916.7
Client 18,2025-07-05,2025-08-04,2025-08-05,2309.32,2309.32
Client 25,2025-07-05,2025-09-03,2025-09-04,3638.96,3638.96
Client 25,2025-07-05,2025-09-03,2025-09-05,6447.78,6447.78
Client 05,2025-07-06,2025-09-04,2025-09-17,11781.4,11781.4
Client 10,2025-07-06,2025-09-04,2025-09-02,8240.8,8240.8
Client 14,2025-07-06,2025-08-20,2025-09-21,11610.5,11610.5
Client 15,2025-07-06,2025-09-04,2025-09-25,1469.95,1469.95
Client 20,2025-07-06,2025-09-04,2025-09-12,10088.8,10088.8
Client 26,2025-07-06,2025-07-21,2025-07-18,19382.4,19382.4
Client 02,2025-07-07,2025-08-06,2025-08-05,12636.2,12636.2
Client 04,2025-07-07,2025-08-21,2025-09-02,6775.39,6775.39
Client 11,2025-07-07,2025-07-22,2025-08-08,14409.4,14409.4
Client 29,2025-07-07,2025-08-21,2025-08-23,18278.2,18278.2
Client 38,2025-07-07,2025-08-06,2025-09-05,14701,14701
Client 23,2025-07-08,2025-08-07,2025-08-20,9493.05,9493.05
Client 24,2025-07-08,2025-08-22,2025-10-06,1187.02,1187.02
Client 16,2025-07-09,2025-07-24,,3083.99,
Client 17,2025-07-09,2025-08-08,2025-08-05,9892.88,9892.88
Client 20,2025-07-09,2025-09-07,2025-09-12,12151.3,12151.3
Client 23,2025-07-09,2025-08-08,2025-08-23,10238.5,10238.5
Client 30,2025-07-09,2025-09-07,2025-10-07,1174.71,1174.71
Client 35,2025-07-09,2025-09-07,2025-09-13,13853.3,13853.3
Client 35,2025-07-09,2025-09-07,2025-09-18,17750.8,17750.8
Client 13,2025-07-10,2025-08-09,2025-08-27,7975.13,7975.13
Client 15,2025-07-10,2025-09-08,2025-09-27,686.3,686.3
Client 16,2025-07-10,2025-07-25,2025-09-04,7223.56,7223.56
Client 28,2025-07-10,2025-08-09,2025-08-23,3666.95,3666.95
Client 30,2025-07-10,2025-09-08,,556.31,
Client 31,2025-07-10,2025-07-25,2025-08-07,5118.23,5118.23
Client 34,2025-07-10,2025-08-24,2025-08-20,4495.95,4495.95
Client 39,2025-07-10,2025-08-24,2025-09-08,1036.11,1036.11
Client 04,2025-07-11,2025-08-25,2025-09-03,6689.4,6689.4
Client 12,2025-07-11,2025-08-10,2025-08-25,953.76,953.76
Client 26,2025-07-11,2025-07-26,2025-07-25,9045.7,9045.7
Client 27,2025-07-11,2025-08-10,2025-08-25,1879.78,1879.78
Client 28,2025-07-11,2025-08-10,2025-08-11,5035.85,5035.85
Client 34,2025-07-11,2025-08-25,2025-08-24,5015.34,5015.34
Client 35,2025-07-11,2025-09-09,2025-09-19,16125.4,16125.4
Client 35,2025-07-11,2025-09-09,2025-09-25,14774.4,14774.4
Client 38,2025-07-11,2025-08-10,2025-09-21,10613.5,10613.5
Client 38,2025-07-11,2025-08-10,2025-09-16,10187.5,10187.5
Client 05,2025-07-12,2025-09-10,2025-09-17,19927.6,19927.6
Client 14,2025-07-12,2025-08-26,2025-09-21,13034.6,13034.6
Client 16,2025-07-12,2025-07-27,2025-08-20,6492.3,6492.3
Client 23,2025-07-12,2025-08-11,2025-09-03,14127.1,14127.1
Client 23,2025-07-12,2025-08-11,2025-08-30,12305,12305
Client 32,2025-07-12,2025-08-11,2025-09-16,16986.2,16986.2
Client 38,2025-07-12,2025-08-11,2025-09-22,16457.3,16457.3
Client 05,2025-07-13,2025-09-11,2025-10-01,14079.1,14079.1
Client 12,2025-07-13,2025-08-12,2025-08-25,1075.38,1075.38
Client 06,2025-07-14,2025-07-29,2025-09-05,1662.42,1662.42
Client 10,2025-07-14,2025-09-12,2025-09-08,8911.56,8911.56
Client 15,2025-07-14,2025-09-12,2025-09-28,851.37,851.37
Client 20,2025-07-14,2025-09-12,2025-09-28,13295.9,13295.9
Client 25,2025-07-14,2025-09-12,2025-09-10,8908.86,8908.86
Client 29,2025-07-14,2025-08-28,2025-08-26,16893.8,16893.8
Client 35,2025-07-14,2025-09-12,2025-10-02,11536.3,11536.3
Client 06,2025-07-15,2025-07-30,2025-08-24,546.1,546.1
Client 17,2025-07-15,2025-08-14,2025-08-07,19464,19464
Client 22,2025-07-15,2025-08-14,2025-08-30,5295.53,5295.53
Client 25,2025-07-15,2025-09-13,2025-09-12,8473.58,8473.58
Client 31,2025-07-15,2025-07-30,2025-08-14,8854.65,8854.65
Client 40,2025-07-15,2025-09-13,2025-10-25,4884.38,4884.38
Client 16,2025-07-16,2025-07-31,2025-09-01,7877,7877
Client 26,2025-07-16,2025-07-31,2025-07-22,19929.5,19929.5
Client 33,2025-07-16,2025-08-15,2025-08-16,1071.07,1071.07
Client 36,2025-07-16,2025-07-31,2025-08-19,1522.56,1522.56
Client 10,2025-07-17,2025-09-15,2025-09-16,3944.21,3944.21
Client 11,2025-07-17,2025-08-01,2025-08-19,9505.37,9505.37
Client 13,2025-07-17,2025-08-16,2025-09-05,4998.26,4998.26
Client 23,2025-07-17,2025-08-16,2025-08-26,10366.3,10366.3
Client 27,2025-07-17,2025-08-16,2025-08-26,2931.81,2931.81
Client 34,2025-07-17,2025-08-31,2025-09-04,7259.17,7259.17
Client 37,2025-07-17,2025-08-16,2025-09-01,3738.08,3738.08
Client 01,2025-07-18,2025-08-02,2025-08-04,7549.42,7549.42
Client 01,2025-07-18,2025-08-02,2025-07-30,6397.5,6397.5
Client 14,2025-07-18,2025-09-01,2025-10-02,11650.5,11650.5
Client 27,2025-07-18,2025-08-17,2025-08-22,961.94,961.94
Client 38,2025-07-18,2025-08-17,2025-09-18,9837.23,9837.23
Client 10,2025-07-19,2025-09-17,2025-09-12,8634.7,8634.7
Client 14,2025-07-19,2025-09-02,2025-09-30,14487.9,14487.9
Client 20,2025-07-19,2025-09-17,2025-09-30,17963,17963
Client 22,2025-07-19,2025-08-18,2025-09-25,8201.1,8201.1
Client 17,2025-07-20,2025-08-19,2025-08-16,11791.8,11791.8
Client 23,2025-07-20,2025-08-19,2025-09-14,13143.3,13143.3
Client 24,2025-07-20,2025-09-03,2025-10-12,2226.13,2226.13
Client 26,2025-07-20,2025-08-04,2025-07-28,9698.97,9698.97
Client 28,2025-07-20,2025-08-19,2025-08-28,6324.68,6324.68
Client 29,2025-07-20,2025-09-03,2025-09-19,12158.2,12158.2
Client 20,2025-07-21,2025-09-19,2025-09-25,18671.8,18671.8
Client 22,2025-07-21,2025-08-20,2025-10-01,3410.08,3410.08
Client 36,2025-07-21,2025-08-05,2025-08-29,1698.77,1698.77
Client 38,2025-07-21,2025-08-20,2025-09-23,16730.6,16730.6
Client 02,2025-07-22,2025-08-21,2025-08-16,14421.5,14421.5
Client 05,2025-07-22,2025-09-20,2025-09-15,19552.4,19552.4
Client 07,2025-07-22,2025-08-21,2025-09-05,5855.01,5855.01
Client 07,2025-07-22,2025-08-21,2025-09-06,8432.16,8432.16
Client 11,2025-07-22,2025-08-06,2025-08-22,19740.6,19740.6
Client 14,2025-07-22,2025-09-05,2025-10-09,11216.2,11216.2
Client 17,2025-07-22,2025-08-21,2025-08-18,13331.1,13331.1
Client 35,2025-07-22,2025-09-20,2025-10-06,11272.9,11272.9
Client 04,2025-07-23,2025-09-06,2025-09-22,5383.21,5383.21
Client 08,2025-07-23,2025-08-22,2025-09-29,10274.7,10274.7
Client 10,2025-07-23,2025-09-21,2025-09-23,3335.3,3335.3
Client 38,2025-07-23,2025-08-22,2025-09-12,10776.3,10776.3
Client 39,2025-07-23,2025-09-06,2025-09-28,2871.02,2871.02
Client 02,2025-07-24,2025-08-23,2025-08-20,13901.2,13901.2
Client 19,2025-07-24,2025-09-07,2025-09-18,7374.27,7374.27
Client 26,2025-07-24,2025-08-08,2025-08-05,16048.1,16048.1
Client 08,2025-07-25,2025-08-24,2025-10-05,9940.4,9940.4
Client 11,2025-07-25,2025-08-09,2025-08-14,11662.4,11662.4
Client 31,2025-07-25,2025-08-09,2025-08-20,7312.35,7312.35
Client 01,2025-07-26,2025-08-10,2025-08-07,6190.55,6190.55
Client 03,2025-07-26,2025-08-25,2025-09-07,2531.21,2531.21
Client 03,2025-07-26,2025-08-25,2025-08-21,2933.88,2933.88
Client 09,2025-07-26,2025-09-09,2025-09-09,1038.83,1038.83
Client 13,2025-07-26,2025-08-25,2025-09-09,3683.85,3683.85
Client 19,2025-07-26,2025-09-09,2025-09-25,7390.07,7390.07
Client 37,2025-07-26,2025-08-25,2025-09-01,4928.22,4928.22
Client 02,2025-07-27,2025-08-26,2025-08-19,10501.4,10501.4
Client 19,2025-07-27,2025-09-10,2025-09-18,8601.58,8601.58
Client 31,2025-07-27,2025-08-11,2025-08-28,4794.87,4794.87
Client 35,2025-07-27,2025-09-25,2025-10-10,15971.1,15971.1
Client 39,2025-07-27,2025-09-10,2025-09-27,2309.04,2309.04
Client 40,2025-07-27,2025-09-25,2025-10-24,5537.12,3555.31
Client 03,2025-07-28,2025-08-27,2025-09-10,2278.98,2278.98
Client 06,2025-07-28,2025-08-12,2025-09-06,2984.9,2984.9
Client 14,2025-07-28,2025-09-11,2025-10-26,9946.42,9946.42
Client 16,2025-07-28,2025-08-12,2025-09-23,6126.66,6126.66
Client 18,2025-07-28,2025-08-27,2025-08-23,1557.46,1557.46
Client 20,2025-07-28,2025-09-26,2025-10-06,12659.8,12659.8
Client 25,2025-07-28,2025-09-26,2025-09-21,7392.62,7392.62
Client 29,2025-07-28,2025-09-11,2025-09-14,11056.1,11056.1
Client 32,2025-07-28,2025-08-27,2025-10-03,13742.9,13742.9
Client 13,2025-08-01,2025-08-31,2025-09-03,8860.26,8860.26
Client 17,2025-08-01,2025-08-31,2025-08-31,16826.5,16826.5
Client 32,2025-08-01,2025-08-31,2025-10-12,9006.91,9006.91
Client 38,2025-08-01,2025-08-31,2025-09-21,18898,18898
Client 24,2025-08-02,2025-09-16,2025-10-19,2092.18,2092.18
Client 28,2025-08-02,2025-09-01,2025-09-08,5140.91,5140.91
Client 29,2025-08-02,2025-09-16,2025-09-30,16584.9,16584.9
Client 35,2025-08-02,2025-10-01,2025-10-22,12217.6,12217.6
Client 03,2025-08-03,2025-09-02,2025-09-12,1285.37,1285.37
Client 06,2025-08-03,2025-08-18,2025-09-08,865.43,865.43
Client 14,2025-08-03,2025-09-17,2025-10-08,19177.3,19177.3
Client 14,2025-08-03,2025-09-17,2025-10-29,15136.4,12906.2
Client 15,2025-08-03,2025-10-02,2025-10-17,1500.21,1500.21
Client 23,2025-08-03,2025-09-02,2025-09-20,14031.9,14031.9
Client 40,2025-08-03,2025-10-02,2025-11-11,4016.09,4016.09
Client 04,2025-08-04,2025-09-18,2025-10-05,7982.42,3689.55
Client 12,2025-08-04,2025-09-03,2025-09-27,2134.52,2134.52
Client 20,2025-08-04,2025-10-03,2025-10-13,12396.3,12396.3
Client 31,2025-08-04,2025-08-19,2025-09-10,4054.24,4054.24
Client 34,2025-08-04,2025-09-18,2025-09-18,7666.91,7666.91
Client 02,2025-08-05,2025-09-04,2025-09-01,11405.6,11405.6
Client 09,2025-08-05,2025-09-19,2025-09-19,1158.15,1158.15
Client 16,2025-08-05,2025-08-20,2025-09-23,8785.01,8785.01
Client 19,2025-08-05,2025-09-19,2025-09-29,4966.37,4966.37
Client 20,2025-08-05,2025-10-04,2025-10-21,13969.2,13969.2
Client 25,2025-08-05,2025-10-04,2025-09-27,3328.24,3328.24
Client 34,2025-08-05,2025-09-19,2025-09-19,8781.49,8781.49
Client 35,2025-08-05,2025-10-04,2025-10-14,12318.2,12318.2
Client 40,2025-08-05,2025-10-04,2025-11-15,5821.98,5821.98
Client 01,2025-08-06,2025-08-21,2025-08-19,5228.59,5228.59
Client 04,2025-08-06,2025-09-20,2025-10-07,5763.8,5763.8
Client 14,2025-08-06,2025-09-20,2025-11-01,10710.2,10710.2
Client 18,2025-08-06,2025-09-05,2025-08-31,695.71,695.71
Client 25,2025-08-06,2025-10-05,2025-10-06,7094.02,7094.02
Client 27,2025-08-06,2025-09-05,2025-09-17,1754.05,1754.05
Client 05,2025-08-07,2025-10-06,2025-10-05,11690.6,11690.6
Client 09,2025-08-07,2025-09-21,2025-09-19,2543.15,2543.15
Client 12,2025-08-07,2025-09-06,2025-09-13,1737.02,1737.02
Client 14,2025-08-07,2025-09-21,2025-11-01,19274.3,19274.3
Client 01,2025-08-08,2025-08-23,2025-08-27,7509.71,7509.71
Client 07,2025-08-08,2025-09-07,2025-09-30,8784.63,8784.63
Client 08,2025-08-08,2025-09-07,2025-10-11,16151.3,16151.3
Client 14,2025-08-08,2025-09-22,2025-10-26,12631.5,12631.5
Client 17,2025-08-08,2025-09-07,2025-09-08,16033,16033
Client 17,2025-08-08,2025-09-07,2025-09-04,17119.3,17119.3
Client 33,2025-08-08,2025-09-07,2025-08-30,2754.77,2754.77
Client 13,2025-08-09,2025-09-08,2025-09-10,3003.57,3003.57
Client 14,2025-08-09,2025-09-23,2025-11-28,9550.86,9550.86
Client 22,2025-08-09,2025-09-08,2025-10-07,8335.46,8335.46
Client 27,2025-08-09,2025-09-08,2025-09-28,949.4,949.4
Client 37,2025-08-09,2025-09-08,2025-09-18,4799.54,4799.54
Client 02,2025-08-10,2025-09-09,2025-09-07,10880.4,10880.4
Client 11,2025-08-10,2025-08-25,2025-09-17,17391.7,17391.7
Client 22,2025-08-10,2025-09-09,2025-11-04,8104.1,8104.1
Client 35,2025-08-10,2025-10-09,2025-10-16,16448.8,16448.8
Client 36,2025-08-10,2025-08-25,2025-09-18,1820.25,1820.25
Client 37,2025-08-10,2025-09-09,2025-09-14,6528.87,6528.87
Client 04,2025-08-11,2025-09-25,2025-10-09,3001.74,3001.74
Client 35,2025-08-11,2025-10-10,2025-11-06,11612.8,11612.8
Client 36,2025-08-11,2025-08-26,2025-09-16,2719.87,1817.12
Client 39,2025-08-11,2025-09-25,2025-10-15,1565.12,1565.12
Client 11,2025-08-12,2025-08-27,,19667,
Client 16,2025-08-12,2025-08-27,2025-10-10,5412.03,5412.03
Client 36,2025-08-12,2025-08-27,2025-08-26,1328.17,1328.17
Client 38,2025-08-12,2025-09-11,2025-10-25,19230.7,19230.7
Client 39,2025-08-12,2025-09-26,2025-10-22,2132.31,2132.31
Client 04,2025-08-13,2025-09-27,2025-10-04,3279.38,3279.38
Client 08,2025-08-13,2025-09-12,2025-10-16,13024,13024
Client 10,2025-08-13,2025-10-12,2025-10-11,5637.37,5637.37
Client 10,2025-08-13,2025-10-12,2025-10-14,7391.62,7391.62
Client 19,2025-08-13,2025-09-27,2025-10-14,6536.46,6536.46
Client 40,2025-08-13,2025-10-12,2025-11-13,3675.6,3675.6
Client 09,2025-08-14,2025-09-28,2025-09-27,1855.45,1855.45
Client 10,2025-08-14,2025-10-13,,7678.75,
Client 13,2025-08-14,2025-09-13,2025-09-24,8047.23,8047.23
Client 18,2025-08-14,2025-09-13,2025-09-11,2635.95,2635.95
Client 20,2025-08-14,2025-10-13,2025-10-30,19033.9,19033.9
Client 23,2025-08-14,2025-09-13,2025-10-03,18341.8,18341.8
Client 31,2025-08-14,2025-08-29,2025-09-08,5412.09,5412.09
Client 03,2025-08-15,2025-09-14,2025-09-22,1073.91,1073.91
Client 07,2025-08-15,2025-09-14,2025-09-25,7639.4,7639.4
Client 24,2025-08-15,2025-09-29,2025-10-29,756.12,756.12
Client 25,2025-08-15,2025-10-14,2025-10-14,8295.79,8295.79
Client 26,2025-08-15,2025-08-30,2025-08-29,11981.6,11981.6
Client 30,2025-08-15,2025-10-14,2025-11-23,1232.26,1232.26
Client 02,2025-08-16,2025-09-15,2025-09-10,13032,13032
Client 08,2025-08-16,2025-09-15,2025-10-15,17301.6,17301.6
Client 28,2025-08-16,2025-09-15,2025-09-29,5701.07,5701.07
Client 38,2025-08-16,2025-09-15,2025-10-13,11523.5,11523.5
Client 39,2025-08-16,2025-09-30,2025-10-14,705.02,705.02
Client 16,2025-08-17,2025-09-01,2025-10-09,8835.98,8835.98
Client 23,2025-08-17,2025-09-16,2025-10-18,11318.1,11318.1
Client 06,2025-08-18,2025-09-02,2025-09-27,2993.32,2993.32
Client 10,2025-08-18,2025-10-17,2025-10-18,4992.6,4992.6
Client 19,2025-08-18,2025-10-02,2025-10-15,4736.37,4736.37
Client 29,2025-08-18,2025-10-02,2025-10-07,15176.5,11908
Client 05,2025-08-19,2025-10-18,2025-11-04,12163.4,12163.4
Client 06,2025-08-19,2025-09-03,2025-10-06,1224.53,1224.53
Client 11,2025-08-19,2025-09-03,2025-09-13,15309.9,15309.9
Client 26,2025-08-19,2025-09-03,2025-09-01,19813.5,19813.5
Client 29,2025-08-19,2025-10-03,2025-10-20,15584.5,15584.5
Client 32,2025-08-19,2025-09-18,2025-10-23,10365.5,10365.5
Client 32,2025-08-19,2025-09-18,2025-10-21,19820.8,19820.8
Client 32,2025-08-19,2025-09-18,2025-10-31,15806.9,15806.9
Client 33,2025-08-19,2025-09-18,2025-09-14,2349.82,2349.82
Client 34,2025-08-19,2025-10-03,2025-10-02,5049.62,5049.62
Client 21,2025-08-20,2025-09-04,2025-09-21,2719.87,2719.87
Client 25,2025-08-20,2025-10-19,2025-10-22,7710.25,7710.25
Client 26,2025-08-20,2025-09-04,2025-09-01,10861.1,10861.1
Client 33,2025-08-20,2025-09-19,2025-09-15,2235.22,2235.22
Client 34,2025-08-20,2025-10-04,2025-10-02,8047.93,8047.93
Client 37,2025-08-20,2025-09-19,2025-09-25,5035.32,5035.32
Client 07,2025-08-21,2025-09-20,2025-10-15,4469.15,4469.15
Client 08,2025-08-21,2025-09-20,2025-10-17,15581.9,15581.9
Client 11,2025-08-21,2025-09-05,2025-09-20,12671.4,12671.4
Client 18,2025-08-21,2025-09-20,2025-09-16,2624.18,2624.18
Client 21,2025-08-21,2025-09-05,2025-09-08,1264.31,1264.31
Client 25,2025-08-21,2025-10-20,2025-10-14,5634.29,5634.29
Client 19,2025-08-22,2025-10-06,2025-10-29,8072.41,8072.41
Client 19,2025-08-22,2025-10-06,2025-10-22,8354.81,8354.81
Client 22,2025-08-22,2025-09-21,2025-10-21,7131.19,7131.19
Client 04,2025-08-23,2025-10-07,,7032.14,
Client 05,2025-08-23,2025-10-22,2025-10-27,10498.9,10498.9
Client 27,2025-08-23,2025-09-22,2025-10-02,1909.55,1909.55
Client 31,2025-08-23,2025-09-07,2025-09-23,3764.27,3764.27
Client 38,2025-08-23,2025-09-22,2025-10-13,17358.7,17358.7
Client 27,2025-08-24,2025-09-23,2025-09-25,1896.67,1896.67
Client 05,2025-08-25,2025-10-24,2025-11-05,19173,19173
Client 15,2025-08-25,2025-10-24,2025-11-10,1990.48,1990.48
Client 18,2025-08-25,2025-09-24,2025-09-20,2617.77,2617.77
Client 20,2025-08-25,2025-10-24,2025-11-07,11128.2,11128.2
Client 23,2025-08-25,2025-09-24,2025-10-10,10870.4,10870.4
Client 29,2025-08-25,2025-10-09,2025-10-08,9637.66,9637.66
Client 30,2025-08-25,2025-10-24,2025-11-29,2576.58,2576.58
Client 37,2025-08-25,2025-09-24,2025-10-12,6251.53,6251.53
Client 03,2025-08-26,2025-09-25,2025-10-02,2091.77,2091.77
Client 14,2025-08-26,2025-10-10,2025-11-05,9198.67,9198.67
Client 26,2025-08-26,2025-09-10,2025-09-09,12218.5,12218.5
Client 26,2025-08-26,2025-09-10,2025-09-02,15548,15548
Client 28,2025-08-26,2025-09-25,2025-10-05,8412.26,8412.26
Client 30,2025-08-26,2025-10-25,2025-11-23,741.27,741.27
Client 17,2025-08-27,2025-09-26,2025-09-27,19457.1,19457.1
Client 17,2025-08-27,2025-09-26,2025-09-25,18908.3,18908.3
Client 35,2025-08-27,2025-10-26,2025-10-30,14098.3,14098.3
Client 35,2025-08-27,2025-10-26,2025-11-14,15353.9,15353.9
Client 40,2025-08-27,2025-10-26,2025-12-04,3228.15,3228.15
Client 01,2025-08-28,2025-09-12,2025-09-12,4552.23,4552.23
Client 04,2025-08-28,2025-10-12,2025-10-12,6658.68,6658.68
Client 05,2025-08-28,2025-10-27,2025-11-03,11935.4,11935.4
Client 07,2025-08-28,2025-09-27,2025-10-14,8050.43,8050.43
Client 13,2025-08-28,2025-09-27,2025-10-22,5503.1,5503.1
Client 20,2025-08-28,2025-10-27,2025-10-27,12411,12411
Client 21,2025-08-28,2025-09-12,2025-09-28,2628.76,2628.76
Client 22,2025-08-28,2025-09-27,2025-10-24,8641.42,8641.42
Client 23,2025-08-28,2025-09-27,2025-10-15,11427,11427
Client 37,2025-08-28,2025-09-27,2025-10-06,6863.79,6863.79
Client 01,2025-09-01,2025-09-16,2025-09-20,5286.79,5286.79
Client 04,2025-09-01,2025-10-16,2025-10-22,8085.83,8085.83
Client 11,2025-09-01,2025-09-16,2025-09-20,15384.5,15384.5
Client 12,2025-09-01,2025-10-01,2025-10-13,1723.45,1723.45
Client 14,2025-09-01,2025-10-16,2025-11-13,15221.6,15221.6
Client 22,2025-09-01,2025-10-01,2025-11-15,5648.57,5648.57
Client 24,2025-09-01,2025-10-16,2025-11-20,1581.5,1581.5
Client 27,2025-09-01,2025-10-01,2025-10-17,1332.41,1332.41
Client 34,2025-09-01,2025-10-16,2025-10-14,3123.02,3123.02
Client 34,2025-09-01,2025-10-16,2025-10-14,4966.63,4966.63
Client 36,2025-09-01,2025-09-16,2025-09-27,1177.89,1177.89
Client 37,2025-09-01,2025-10-01,2025-09-17,6520.53,6520.53
Client 21,2025-09-02,2025-09-17,2025-10-03,2498.68,1447.23
Client 23,2025-09-02,2025-10-02,2025-10-22,13445.8,13445.8
Client 25,2025-09-02,2025-11-01,2025-10-31,5991.42,5991.42
Client 16,2025-09-03,2025-09-18,2025-10-14,5948.14,5948.14
Client 22,2025-09-03,2025-10-03,2025-11-21,4155.77,4155.77
Client 28,2025-09-03,2025-10-03,2025-10-26,8410.31,8410.31
Client 38,2025-09-03,2025-10-03,2025-11-19,14158.3,14158.3
Client 38,2025-09-03,2025-10-03,2025-11-08,17334,17334
Client 09,2025-09-04,2025-10-19,2025-10-21,807.68,807.68
Client 26,2025-09-04,2025-09-19,2025-09-14,18384.6,18384.6
Client 28,2025-09-04,2025-10-04,2025-10-09,4969.04,4969.04
Client 28,2025-09-04,2025-10-04,2025-10-07,3773.83,3094.25
Client 11,2025-09-05,2025-09-20,2025-10-02,10587,10587
Client 26,2025-09-05,2025-09-20,2025-09-17,17958.3,17958.3
Client 34,2025-09-05,2025-10-20,2025-10-21,6811.76,6811.76
Client 35,2025-09-05,2025-11-04,2025-11-10,9608.53,9608.53
Client 03,2025-09-06,2025-10-06,2025-10-20,666.77,666.77
Client 05,2025-09-06,2025-11-05,2025-11-17,11632.3,9940.63
Client 21,2025-09-06,2025-09-21,2025-09-30,2136.93,2136.93
Client 25,2025-09-06,2025-11-05,2025-11-01,7776.64,7776.64
Client 26,2025-09-06,2025-09-21,2025-09-18,9038.72,9038.72
Client 27,2025-09-06,2025-10-06,2025-10-12,1097.58,1097.58
Client 29,2025-09-06,2025-10-21,2025-11-06,11657,11657
Client 30,2025-09-06,2025-11-05,2025-12-14,2124.48,2124.48
Client 13,2025-09-07,2025-10-07,2025-10-25,4376.17,4376.17
Client 29,2025-09-07,2025-10-22,2025-11-09,13696.7,13696.7
Client 40,2025-09-07,2025-11-06,2025-12-13,5925.65,5925.65
Client 07,2025-09-08,2025-10-08,2025-10-26,8372.66,8372.66
Client 08,2025-09-08,2025-10-08,2025-11-17,13676.4,13676.4
Client 11,2025-09-08,2025-09-23,2025-10-07,18428.7,18428.7
Client 14,2025-09-08,2025-10-23,2025-12-02,14763.5,14763.5
Client 29,2025-09-08,2025-10-23,2025-11-11,14404.6,14404.6
Client 04,2025-09-09,2025-10-24,2025-11-04,3960.93,3960.93
Client 08,2025-09-09,2025-10-09,2025-11-06,15245.6,15245.6
Client 19,2025-09-09,2025-10-24,2025-10-26,7096.76,7096.76
Client 21,2025-09-09,2025-09-24,2025-10-03,2607.4,2607.4
Client 33,2025-09-09,2025-10-09,2025-10-08,846.77,846.77
Client 36,2025-09-09,2025-09-24,2025-10-02,1612.64,1612.64
Client 40,2025-09-09,2025-11-08,2025-12-14,3565.27,3565.27
Client 03,2025-09-10,2025-10-10,2025-10-28,1381.06,667.13
Client 09,2025-09-10,2025-10-25,2025-10-22,2807.29,2807.29
Client 13,2025-09-10,2025-10-10,2025-10-11,4170.67,4170.67
Client 17,2025-09-10,2025-10-10,2025-10-07,14643.5,14643.5
Client 17,2025-09-10,2025-10-10,2025-10-10,12069.6,12069.6
Client 23,2025-09-10,2025-10-10,2025-11-04,16445.3,10755
Client 25,2025-09-10,2025-11-09,2025-11-09,3965.07,3965.07
Client 37,2025-09-10,2025-10-10,2025-11-09,5426.95,5426.95
Client 02,2025-09-11,2025-10-11,2025-10-09,10916.5,10916.5
Client 20,2025-09-11,2025-11-10,2025-11-22,10711.9,10711.9
Client 25,2025-09-11,2025-11-10,2025-11-07,5109.47,5109.47
Client 30,2025-09-11,2025-11-10,2025-12-15,833.3,833.3
Client 30,2025-09-11,2025-11-10,2025-12-16,2117.67,2117.67
Client 31,2025-09-11,2025-09-26,2025-10-17,4512.94,4512.94
Client 32,2025-09-11,2025-10-11,2025-11-16,14188.9,14188.9
Client 11,2025-09-12,2025-09-27,2025-10-15,10706.5,10706.5
Client 20,2025-09-12,2025-11-11,2025-11-15,14289.2,14289.2
Client 21,2025-09-12,2025-09-27,2025-10-08,1583.45,1583.45
Client 23,2025-09-12,2025-10-12,2025-11-05,18606.2,18606.2
Client 26,2025-09-12,2025-09-27,2025-09-23,12391.3,12391.3
Client 37,2025-09-12,2025-10-12,2025-10-13,5536.17,5536.17
Client 38,2025-09-12,2025-10-12,2025-11-17,17777.9,17777.9
Client 01,2025-09-13,2025-09-28,2025-09-28,7757.18,7757.18
Client 05,2025-09-13,2025-11-12,2025-11-16,16244.5,16244.5
Client 07,2025-09-13,2025-10-13,2025-11-01,4932.83,4932.83
Client 08,2025-09-13,2025-10-13,2025-11-14,19242.2,19242.2
Client 15,2025-09-13,2025-11-12,2025-12-02,1128.96,1128.96
Client 16,2025-09-13,2025-09-28,2025-10-30,7359.48,7359.48
Client 28,2025-09-13,2025-10-13,2025-10-24,3281.19,3281.19
Client 28,2025-09-13,2025-10-13,2025-10-17,6416.86,6416.86
Client 34,2025-09-13,2025-10-28,2025-10-28,3065.93,3065.93
Client 40,2025-09-13,2025-11-12,2025-12-09,6349,6349
Client 01,2025-09-14,2025-09-29,2025-09-26,5229.71,5229.71
Client 09,2025-09-14,2025-10-29,2025-10-26,2956.03,2956.03
Client 14,2025-09-14,2025-10-29,2025-11-22,19527.9,19527.9
Client 20,2025-09-14,2025-11-13,2025-11-24,13390.4,13390.4
Client 23,2025-09-14,2025-10-14,2025-11-02,9337.75,9337.75
Client 33,2025-09-14,2025-10-14,2025-10-09,2609.71,2609.71
Client 33,2025-09-14,2025-10-14,2025-10-11,615.8,615.8
Client 22,2025-09-15,2025-10-15,2025-11-27,7447.51,7447.51
Client 22,2025-09-15,2025-10-15,2025-12-06,5373.87,5373.87
Client 06,2025-09-16,2025-10-01,2025-11-20,611.64,611.64
Client 07,2025-09-16,2025-10-16,2025-11-05,5271.16,5271.16
Client 10,2025-09-16,2025-11-15,2025-11-20,3683.67,3683.67
Client 19,2025-09-16,2025-10-31,2025-11-05,8130.87,8130.87
Client 26,2025-09-16,2025-10-01,2025-10-05,17123.5,17123.5
Client 34,2025-09-16,2025-10-31,2025-10-24,4496.02,4496.02
Client 39,2025-09-16,2025-10-31,2025-11-21,1807.93,1807.93
Client 17,2025-09-17,2025-10-17,2025-10-09,14308.8,14308.8
Client 20,2025-09-17,2025-11-16,2025-11-21,11672.6,11672.6
Client 39,2025-09-17,2025-11-01,2025-11-20,1400.26,1400.26
Client 01,2025-09-18,2025-10-03,2025-09-27,8854.99,8854.99
Client 08,2025-09-18,2025-10-18,2025-11-27,13410.8,13410.8
Client 13,2025-09-18,2025-10-18,2025-11-02,3478.75,3478.75
Client 17,2025-09-18,2025-10-18,2025-10-19,14750.1,14750.1
Client 30,2025-09-18,2025-11-17,2025-12-25,725.07,725.07
Client 40,2025-09-18,2025-11-17,2025-12-12,4987.69,4987.69
Client 17,2025-09-19,2025-10-19,2025-10-14,18794.5,18794.5
Client 35,2025-09-19,2025-11-18,2025-11-25,12109.1,12109.1
Client 40,2025-09-19,2025-11-18,2026-01-07,5343.24,5343.24
Client 02,2025-09-20,2025-10-20,2025-10-18,19101.9,19101.9
Client 04,2025-09-20,2025-11-04,2025-11-21,8744.67,8744.67
Client 07,2025-09-20,2025-10-20,2025-11-12,6712.57,6712.57
Client 10,2025-09-20,2025-11-19,2025-11-16,7926.93,7926.93
Client 13,2025-09-20,2025-10-20,2025-11-05,6300.17,6300.17
Client 35,2025-09-20,2025-11-19,2025-11-24,18456.9,18456.9
Client 37,2025-09-20,2025-10-20,2025-11-08,3276.29,3276.29
Client 06,2025-09-21,2025-10-06,2025-11-20,1432.48,1432.48
Client 29,2025-09-21,2025-11-05,2025-11-15,9291.8,9291.8
Client 29,2025-09-21,2025-11-05,2025-11-14,10574.4,10574.4
Client 32,2025-09-21,2025-10-21,2025-11-23,15174.3,15174.3
Client 07,2025-09-22,2025-10-22,2025-11-19,3139.73,3139.73
Client 14,2025-09-22,2025-11-06,2025-11-28,9695.06,9695.06
Client 19,2025-09-22,2025-11-06,2025-11-15,6684.8,6684.8
Client 05,2025-09-23,2025-11-22,2025-12-11,19177.9,19177.9
Client 06,2025-09-23,2025-10-08,2025-10-31,2247.62,2247.62
Client 12,2025-09-23,2025-10-23,2025-10-31,2310.82,2310.82
Client 22,2025-09-23,2025-10-23,2025-11-24,7736.64,7736.64
Client 29,2025-09-23,2025-11-07,2025-11-27,18436.2,18436.2
Client 31,2025-09-23,2025-10-08,2025-11-06,7511.57,7511.57
Client 37,2025-09-23,2025-10-23,2025-11-14,3561.68,3561.68
Client 02,2025-09-24,2025-10-24,2025-10-20,13891.7,13891.7
Client 11,2025-09-24,2025-10-09,2025-10-25,16894.7,16894.7
Client 31,2025-09-24,2025-10-09,2025-10-31,6793.69,6793.69
Client 02,2025-09-25,2025-10-25,2025-10-22,10660,10660
Client 29,2025-09-25,2025-11-09,2025-11-30,11810.5,11810.5
Client 10,2025-09-26,2025-11-25,2025-11-27,4551.59,4551.59
Client 18,2025-09-26,2025-10-26,2025-10-24,2244.65,2244.65
Client 25,2025-09-26,2025-11-25,2025-11-25,7036.72,7036.72
Client 32,2025-09-26,2025-10-26,2025-11-24,12916.7,12916.7
Client 35,2025-09-26,2025-11-25,2025-12-12,12585.3,12585.3
Client 06,2025-09-27,2025-10-12,2025-10-31,1878.69,1878.69
Client 15,2025-09-27,2025-11-26,2025-12-21,2024.17,2024.17
Client 16,2025-09-27,2025-10-12,2025-11-14,5419.15,5419.15
Client 18,2025-09-27,2025-10-27,2025-10-26,834.14,834.14
Client 24,2025-09-27,2025-11-11,2025-12-15,2736.98,2736.98
Client 17,2025-09-28,2025-10-28,2025-10-22,17088.4,11687.5
Client 27,2025-09-28,2025-10-28,2025-11-13,2465.05,2465.05
Client 35,2025-09-28,2025-11-27,2025-12-17,9612.38,9612.38
Client 01,2025-10-01,2025-10-16,2025-10-11,6326.95,6326.95
Client 08,2025-10-01,2025-10-31,2025-12-01,9625.12,9625.12
Client 12,2025-10-01,2025-10-31,2025-11-06,548.76,350.2
Client 16,2025-10-01,2025-10-16,2025-11-23,3515.62,3515.62
Client 19,2025-10-01,2025-11-15,2025-12-10,5903.36,5903.36
Client 20,2025-10-01,2025-11-30,2025-12-12,17167,17167
Client 27,2025-10-01,2025-10-31,2025-11-18,657.11,472.41
Client 33,2025-10-01,2025-10-31,2025-10-31,2775.02,2775.02
Client 38,2025-10-01,2025-10-31,2025-12-02,16910.1,16910.1
Client 02,2025-10-02,2025-11-01,2025-10-28,13182.4,13182.4
Client 15,2025-10-02,2025-12-01,2025-12-21,2041.43,2041.43
Client 15,2025-10-02,2025-12-01,2025-12-23,931.16,931.16
Client 19,2025-10-02,2025-11-16,2025-11-22,7549.01,7549.01
Client 22,2025-10-02,2025-11-01,2025-12-03,7472.15,7472.15
Client 31,2025-10-02,2025-10-17,2025-11-05,6557.01,6557.01
Client 06,2025-10-03,2025-10-18,2025-11-25,2306.23,2306.23
Client 20,2025-10-03,2025-12-02,2025-12-12,15292.2,15292.2
Client 38,2025-10-03,2025-11-02,2025-12-20,12074.4,12074.4
Client 06,2025-10-04,2025-10-19,2025-11-06,2032.82,2032.82
Client 14,2025-10-04,2025-11-18,2025-12-30,19374.7,19374.7
Client 18,2025-10-04,2025-11-03,2025-11-03,801.59,801.59
Client 28,2025-10-04,2025-11-03,2025-11-09,4447.84,4447.84
Client 34,2025-10-04,2025-11-18,2025-11-17,4815.72,4815.72
Client 36,2025-10-04,2025-10-19,2025-11-03,2104.08,2104.08
Client 01,2025-10-05,2025-10-20,2025-10-21,5705.05,5705.05
Client 05,2025-10-05,2025-12-04,2025-12-18,13458.1,13458.1
Client 07,2025-10-05,2025-11-04,2025-12-02,6053.92,6053.92
Client 15,2025-10-05,2025-12-04,2025-12-27,782.13,782.13
Client 35,2025-10-05,2025-12-04,2025-12-17,10607.5,6302.36
Client 37,2025-10-05,2025-11-04,2025-11-27,3057.52,3057.52
Client 40,2025-10-05,2025-12-04,2026-01-07,4252.3,4252.3
Client 03,2025-10-06,2025-11-05,2025-11-24,695.12,695.12
Client 25,2025-10-06,2025-12-05,2025-12-02,5918.79,5918.79
Client 08,2025-10-07,2025-11-06,2025-12-10,19747.8,19747.8
Client 15,2025-10-07,2025-12-06,2025-12-27,792.29,792.29
Client 17,2025-10-07,2025-11-06,2025-10-31,17378.2,17378.2
Client 27,2025-10-07,2025-11-06,2025-11-16,1639.35,1639.35
Client 36,2025-10-07,2025-10-22,2025-10-27,2986.66,2986.66
Client 01,2025-10-08,2025-10-23,2025-10-23,3352.82,3352.82
Client 04,2025-10-08,2025-11-22,2025-12-02,4027.83,4027.83
Client 04,2025-10-08,2025-11-22,2025-11-27,5059.76,5059.76
Client 12,2025-10-08,2025-11-07,2025-11-19,2841.05,2841.05
Client 14,2025-10-08,2025-11-22,2025-12-14,17999.4,17999.4
Client 19,2025-10-08,2025-11-22,2025-12-08,4083.48,4083.48
Client 22,2025-10-08,2025-11-07,2025-12-22,6925.59,6925.59
Client 22,2025-10-08,2025-11-07,2025-12-11,6186.99,6186.99
Client 38,2025-10-08,2025-11-07,2025-12-07,9644.72,9644.72
Client 01,2025-10-09,2025-10-24,2025-10-22,8583.49,8583.49
Client 07,2025-10-09,2025-11-08,2025-12-04,7509.46,7509.46
Client 10,2025-10-09,2025-12-08,2025-12-03,3992.82,3992.82
Client 29,2025-10-09,2025-11-23,2025-12-04,14113.6,14113.6
Client 01,2025-10-10,2025-10-25,,3113.63,
Client 02,2025-10-10,2025-11-09,2025-11-05,11771.5,11771.5
Client 13,2025-10-10,2025-11-09,,6700.53,
Client 13,2025-10-10,2025-11-09,2025-11-05,3732.4,3732.4
Client 21,2025-10-10,2025-10-25,2025-11-08,537.59,537.59
Client 31,2025-10-10,2025-10-25,2025-11-15,3164.73,3164.73
Client 12,2025-10-11,2025-11-10,2025-11-17,1682.68,1682.68
Client 13,2025-10-11,2025-11-10,2025-11-17,5797.44,5797.44
Client 20,2025-10-11,2025-12-10,2025-12-21,17148.9,17148.9
Client 25,2025-10-11,2025-12-10,2025-12-06,6457.21,6457.21
Client 32,2025-10-11,2025-11-10,2025-12-18,17448,17448
Client 37,2025-10-11,2025-11-10,2025-11-19,8787.9,8787.9
Client 14,2025-10-12,2025-11-26,2026-01-05,13285.4,13285.4
Client 29,2025-10-12,2025-11-26,2025-12-10,14300.7,14300.7
Client 34,2025-10-12,2025-11-26,2025-11-26,6337.11,6337.11
Client 05,2025-10-13,2025-12-12,2026-01-02,12232.3,12232.3
Client 08,2025-10-13,2025-11-12,2025-12-14,11798.7,11798.7
Client 11,2025-10-13,2025-10-28,2025-11-10,17799.8,17799.8
Client 26,2025-10-13,2025-10-28,2025-10-21,18669,18669
Client 26,2025-10-13,2025-10-28,2025-10-26,19965.5,19965.5
Client 28,2025-10-13,2025-11-12,2025-11-08,8322.46,8322.46
Client 32,2025-10-13,2025-11-12,2025-12-18,17994,17994
Client 39,2025-10-13,2025-11-27,2025-12-22,1044.28,1044.28
Client 02,2025-10-14,2025-11-13,2025-11-09,11575.4,11575.4
Client 07,2025-10-14,2025-11-13,2025-12-10,3410.13,3410.13
Client 11,2025-10-14,2025-10-29,2025-11-06,9976.23,9976.23
Client 21,2025-10-14,2025-10-29,2025-11-08,2980.56,2980.56
Client 24,2025-10-14,2025-11-28,2025-12-31,2964.69,2964.69
Client 25,2025-10-14,2025-12-13,2025-12-09,7945.89,7945.89
Client 33,2025-10-14,2025-11-13,2025-11-12,1673.93,1673.93
Client 40,2025-10-14,2025-12-13,2026-01-17,7825.47,7825.47
Client 02,2025-10-15,2025-11-14,2025-11-12,16422.1,16422.1
Client 05,2025-10-15,2025-12-14,2025-12-16,18175.6,18175.6
Client 22,2025-10-15,2025-11-14,2025-12-27,5003.09,5003.09
Client 30,2025-10-15,2025-12-14,2026-01-28,2645.21,2645.21
Client 36,2025-10-15,2025-10-30,2025-11-10,1977.78,1977.78
Client 10,2025-10-16,2025-12-15,2025-12-14,5123.15,5123.15
Client 16,2025-10-16,2025-10-31,2025-11-28,4827.22,4827.22
Client 23,2025-10-16,2025-11-15,2025-12-14,16305.6,16305.6
Client 26,2025-10-16,2025-10-31,2025-10-25,15659.3,15659.3
Client 26,2025-10-16,2025-10-31,2025-10-25,9636.4,9636.4
Client 31,2025-10-16,2025-10-31,2025-11-30,4982.08,4982.08
Client 32,2025-10-16,2025-11-15,2025-12-20,19160.1,19160.1
Client 21,2025-10-17,2025-11-01,2025-11-23,977.8,977.8
Client 23,2025-10-17,2025-11-16,2025-12-17,19390.1,19390.1
Client 39,2025-10-17,2025-12-01,2025-12-25,1349.24,1349.24
Client 24,2025-10-18,2025-12-02,2026-01-03,2706.71,2706.71
Client 38,2025-10-18,2025-11-17,2025-12-11,11232.2,11232.2
Client 03,2025-10-19,2025-11-18,2025-12-09,2200.87,1695.08
Client 05,2025-10-19,2025-12-18,2025-12-26,17655.6,17655.6
Client 17,2025-10-19,2025-11-18,2025-11-17,16396.2,16396.2
Client 23,2025-10-19,2025-11-18,2025-12-28,15259.7,15259.7
Client 33,2025-10-19,2025-11-18,2025-11-12,1741,1741
Client 11,2025-10-20,2025-11-04,2025-11-20,16268.9,16268.9
Client 17,2025-10-20,2025-11-19,2025-11-16,13839.4,13839.4
Client 20,2025-10-20,2025-12-19,2026-01-03,11344.4,11344.4
Client 24,2025-10-20,2025-12-04,2026-01-03,1975.7,1975.7
Client 29,2025-10-20,2025-12-04,2025-12-13,15201.1,15201.1
Client 29,2025-10-20,2025-12-04,2025-12-16,10726.6,10726.6
Client 33,2025-10-20,2025-11-19,2025-11-17,915.78,915.78
Client 05,2025-10-21,2025-12-20,2025-12-24,17382.2,17382.2
Client 07,2025-10-21,2025-11-20,2025-12-23,8661.64,8661.64
Client 17,2025-10-21,2025-11-20,2025-11-15,14522.8,14522.8
Client 26,2025-10-21,2025-11-05,2025-10-28,19615.6,19615.6
Client 35,2025-10-21,2025-12-20,2026-01-01,19555.5,19555.5
Client 35,2025-10-21,2025-12-20,2026-01-02,17461.1,17461.1
Client 03,2025-10-22,2025-11-21,2025-12-10,2124.76,2124.76
Client 09,2025-10-22,2025-12-06,2025-12-04,1051.3,1051.3
Client 17,2025-10-22,2025-11-21,2025-11-24,15253.2,15253.2
Client 23,2025-10-22,2025-11-21,2025-12-10,17831.3,17831.3
Client 31,2025-10-22,2025-11-06,2025-11-28,7031.49,5637.35
Client 32,2025-10-22,2025-11-21,2025-12-23,19176.9,19176.9
Client 36,2025-10-22,2025-11-06,2025-11-11,2330.89,2330.89
Client 38,2025-10-22,2025-11-21,2025-12-14,11492.9,11492.9
Client 40,2025-10-22,2025-12-21,2026-01-22,7649.18,7649.18
Client 05,2025-10-23,2025-12-22,2026-01-03,12384.1,12384.1
Client 08,2025-10-23,2025-11-22,2025-12-13,17767.2,17767.2
Client 09,2025-10-23,2025-12-07,2025-11-27,1356.57,1356.57
Client 12,2025-10-23,2025-11-22,2025-12-05,837.53,837.53
Client 16,2025-10-23,2025-11-07,2025-12-08,7246.34,7246.34
Client 28,2025-10-23,2025-11-22,2025-12-02,4385.33,4385.33
Client 29,2025-10-23,2025-12-07,2025-12-21,10910.8,10910.8
Client 40,2025-10-23,2025-12-22,2026-01-24,7498.3,7498.3
Client 06,2025-10-24,2025-11-08,2025-12-22,2698.37,2698.37
Client 25,2025-10-24,2025-12-23,2025-12-21,6681.43,6681.43
Client 31,2025-10-24,2025-11-08,2025-12-07,4002.94,4002.94
Client 04,2025-10-25,2025-12-09,2025-12-18,4206.47,4206.47
Client 10,2025-10-25,2025-12-24,2025-12-18,8852.88,8852.88
Client 13,2025-10-25,2025-11-24,2025-11-28,7363.8,7363.8
Client 17,2025-10-25,2025-11-24,2025-11-21,16958.4,16958.4
Client 38,2025-10-25,2025-11-24,2026-01-01,15037.5,15037.5
Client 02,2025-10-26,2025-11-25,2025-11-22,14435.1,10521.9
Client 09,2025-10-26,2025-12-10,2025-12-15,2074.22,2074.22
Client 20,2025-10-26,2025-12-25,2026-01-03,16825.7,16825.7
Client 25,2025-10-26,2025-12-25,2025-12-21,7556.83,7556.83
Client 30,2025-10-26,2025-12-25,2026-02-16,2114.42,2114.42
Client 34,2025-10-26,2025-12-10,2025-12-12,4566.63,4566.63
Client 05,2025-10-27,2025-12-26,2026-01-05,10686.4,10686.4
Client 06,2025-10-27,2025-11-11,2025-12-07,1675.08,1675.08
Client 11,2025-10-27,2025-11-11,2025-11-22,9795.61,9795.61
Client 14,2025-10-27,2025-12-11,2026-01-07,13916.5,13916.5
Client 18,2025-10-27,2025-11-26,2025-11-23,2861.94,2861.94
Client 34,2025-10-27,2025-12-11,2025-12-09,4236.44,4236.44
Client 39,2025-10-27,2025-12-11,2026-01-06,1382.84,1382.84
Client 08,2025-10-28,2025-11-27,2026-01-05,17638.2,17638.2
Client 09,2025-10-28,2025-12-12,2025-12-17,2502.71,2502.71
Client 18,2025-10-28,2025-11-27,2025-11-25,2392.06,2392.06
Client 29,2025-10-28,2025-12-12,2025-12-19,16198.6,16198.6
Client 30,2025-10-28,2025-12-27,2026-02-03,1469.47,1469.47
Client 34,2025-10-28,2025-12-12,2025-12-09,5801.07,5801.07
Client 37,2025-10-28,2025-11-27,2025-12-14,8709.7,8709.7
Client 03,2025-11-01,2025-12-01,2025-12-14,2868.74,2868.74
Client 10,2025-11-01,2025-12-31,2026-01-04,5837.75,5837.75
Client 12,2025-11-01,2025-12-01,2025-12-17,2410.02,2410.02
Client 36,2025-11-01,2025-11-16,2025-11-30,1879.13,1879.13
Client 37,2025-11-01,2025-12-01,2025-12-18,5847.03,5847.03
Client 02,2025-11-02,2025-12-02,2025-11-25,18737.5,18737.5
Client 07,2025-11-02,2025-12-02,2025-12-24,5149.72,5149.72
Client 10,2025-11-02,2026-01-01,2026-01-04,6410.95,6410.95
Client 14,2025-11-02,2025-12-17,2026-01-16,18430.9,18430.9
Client 15,2025-11-02,2026-01-01,2026-02-01,2529.52,2529.52
Client 17,2025-11-02,2025-12-02,2025-11-28,19297,19297
Client 25,2025-11-02,2026-01-01,2025-12-25,7550.52,7550.52
Client 28,2025-11-02,2025-12-02,2025-12-11,8849.25,8849.25
Client 11,2025-11-03,2025-11-18,2025-12-12,12235.3,12235.3
Client 13,2025-11-03,2025-12-03,2026-01-04,8758.77,8758.77
Client 16,2025-11-03,2025-11-18,2025-12-10,5815.2,5815.2
Client 16,2025-11-03,2025-11-18,2025-12-12,3334.78,3334.78
Client 21,2025-11-03,2025-11-18,2025-12-07,2266.8,2266.8
Client 40,2025-11-03,2026-01-02,2026-02-08,3573.3,3573.3
Client 01,2025-11-04,2025-11-19,2025-11-13,8647.8,8647.8
Client 02,2025-11-04,2025-12-04,2025-12-03,15430.3,15430.3
Client 04,2025-11-04,2025-12-19,2025-12-28,8653.61,8653.61
Client 05,2025-11-04,2026-01-03,2026-01-20,10683.6,4122.43
Client 08,2025-11-04,2025-12-04,2026-01-07,13215.2,13215.2
Client 13,2025-11-04,2025-12-04,2025-12-10,8697.75,8697.75
Client 17,2025-11-04,2025-12-04,2025-11-27,17238.7,17238.7
Client 20,2025-11-04,2026-01-03,2026-01-16,16405.8,16405.8
Client 20,2025-11-04,2026-01-03,2026-01-10,16723,16723
Client 27,2025-11-04,2025-12-04,2025-12-16,818.75,818.75
Client 29,2025-11-04,2025-12-19,2026-01-08,17481.4,17481.4
Client 35,2025-11-04,2026-01-03,2026-01-19,17536.7,17536.7
Client 08,2025-11-05,2025-12-05,2026-01-08,13889.3,13889.3
Client 13,2025-11-05,2025-12-05,2025-12-18,6739.81,6739.81
Client 19,2025-11-05,2025-12-20,2025-12-25,7481.06,7481.06
Client 21,2025-11-05,2025-11-20,2025-11-30,1542.79,1542.79
Client 32,2025-11-05,2025-12-05,2026-01-01,13745.4,13745.4
Client 38,2025-11-05,2025-12-05,2026-01-08,12881.8,12881.8
Client 09,2025-11-06,2025-12-21,2025-12-17,1400.05,1400.05
Client 10,2025-11-06,2026-01-05,2026-01-02,6022.95,6022.95
Client 17,2025-11-06,2025-12-06,2025-12-09,12640.8,12640.8
Client 02,2025-11-07,2025-12-07,2025-12-04,17087.5,17087.5
Client 07,2025-11-07,2025-12-07,2026-01-06,6459.57,6459.57
Client 20,2025-11-07,2026-01-06,2026-01-13,11598.2,11598.2
Client 22,2025-11-07,2025-12-07,2026-01-06,7010.03,7010.03
Client 28,2025-11-07,2025-12-07,2025-12-28,4539.44,4539.44
Client 35,2025-11-07,2026-01-06,2026-01-23,17443.2,17443.2
Client 02,2025-11-08,2025-12-08,2025-12-05,16857.3,16857.3
Client 23,2025-11-08,2025-12-08,2026-01-04,15057.5,15057.5
Client 30,2025-11-08,2026-01-07,2026-03-03,2062.48,2062.48
Client 08,2025-11-09,2025-12-09,2026-01-08,13994,13994
Client 20,2025-11-09,2026-01-08,2026-01-27,11136,11136
Client 26,2025-11-09,2025-11-24,2025-11-23,16291,16291
Client 37,2025-11-09,2025-12-09,2025-12-08,7767.16,7767.16
Client 39,2025-11-09,2025-12-24,2026-01-28,1290.33,1290.33
Client 09,2025-11-10,2025-12-25,2025-12-20,2781.96,2781.96
Client 10,2025-11-10,2026-01-09,2026-01-07,4625.37,4625.37
Client 24,2025-11-10,2025-12-25,2026-01-27,2612.77,2612.77
Client 31,2025-11-10,2025-11-25,2026-01-02,5423.32,5423.32
Client 40,2025-11-10,2026-01-09,2026-02-04,5871.6,5871.6
Client 01,2025-11-11,2025-11-26,2025-11-20,8820.82,8820.82
Client 08,2025-11-11,2025-12-11,2026-01-01,10205.6,10205.6
Client 18,2025-11-11,2025-12-11,2025-12-12,1157.5,1157.5
Client 22,2025-11-11,2025-12-11,2026-01-29,8337,8337
Client 26,2025-11-11,2025-11-26,2025-11-25,9915.86,6450.31
Client 34,2025-11-11,2025-12-26,2025-12-24,4349.88,4349.88
Client 04,2025-11-12,2025-12-27,2026-01-16,6194.82,6194.82
Client 05,2025-11-12,2026-01-11,2026-01-27,17801.5,17801.5
Client 07,2025-11-12,2025-12-12,2025-12-26,7706.94,7706.94
Client 19,2025-11-12,2025-12-27,2026-01-08,3355.85,3355.85
Client 22,2025-11-12,2025-12-12,2026-01-17,4541.26,4541.26
Client 23,2025-11-12,2025-12-12,2026-01-07,9205.04,9205.04
Client 23,2025-11-12,2025-12-12,2026-01-11,14111.9,14111.9
Client 39,2025-11-12,2025-12-27,2026-01-16,1295.65,1295.65
Client 16,2025-11-13,2025-11-28,2025-12-28,7955.72,7955.72
Client 22,2025-11-13,2025-12-13,2026-02-02,8143.27,8143.27
Client 31,2025-11-13,2025-11-28,2025-12-31,4296.4,4296.4
Client 34,2025-11-13,2025-12-28,2025-12-27,6035.37,6035.37
Client 02,2025-11-14,2025-12-14,2025-12-11,11125.9,11125.9
Client 03,2025-11-14,2025-12-14,,986.17,
Client 05,2025-11-14,2026-01-13,2026-02-01,18525.4,18525.4
Client 07,2025-11-14,2025-12-14,2026-01-07,5900.93,5900.93
Client 32,2025-11-14,2025-12-14,2026-01-15,10373.6,10373.6
Client 03,2025-11-15,2025-12-15,2025-12-22,2524.64,2524.64
Client 05,2025-11-15,2026-01-14,2026-02-02,18663.5,18663.5
Client 14,2025-11-15,2025-12-30,2026-01-24,16624.9,16624.9
Client 21,2025-11-15,2025-11-30,2025-12-05,1723.68,1723.68
Client 29,2025-11-15,2025-12-30,2026-01-17,17194.6,17194.6
Client 31,2025-11-15,2025-11-30,2025-12-26,4186.92,4186.92
Client 32,2025-11-15,2025-12-15,2026-01-11,17898.4,17898.4
Client 39,2025-11-15,2025-12-30,2026-01-25,2958.83,2405.41
Client 05,2025-11-16,2026-01-15,2026-01-24,19072.6,19072.6
Client 11,2025-11-16,2025-12-01,2025-12-16,9542.99,9542.99
Client 11,2025-11-16,2025-12-01,2025-12-07,17761.9,17761.9
Client 11,2025-11-16,2025-12-01,2025-12-09,15580.7,15580.7
Client 13,2025-11-16,2025-12-16,2025-12-28,8646.6,8646.6
Client 17,2025-11-16,2025-12-16,2025-12-13,10441.2,10441.2
Client 23,2025-11-16,2025-12-16,2026-01-16,9533.22,9533.22
Client 32,2025-11-16,2025-12-16,2026-01-17,15041.2,15041.2
Client 33,2025-11-16,2025-12-16,2025-12-09,533.62,533.62
Client 35,2025-11-16,2026-01-15,2026-01-21,17110.4,17110.4
Client 36,2025-11-16,2025-12-01,2025-12-14,2010.7,2010.7
Client 06,2025-11-17,2025-12-02,2026-01-04,1316.44,1316.44
Client 17,2025-11-17,2025-12-17,2025-12-15,18030.1,18030.1
Client 27,2025-11-17,2025-12-17,2025-12-25,876.24,876.24
Client 27,2025-11-17,2025-12-17,2025-12-31,614.79,614.79
Client 30,2025-11-17,2026-01-16,2026-02-23,1845.51,1845.51
Client 14,2025-11-18,2026-01-02,2026-01-26,12335.8,12335.8
Client 19,2025-11-18,2026-01-02,2026-01-14,5929.39,5929.39
Client 30,2025-11-18,2026-01-17,2026-02-10,771.93,771.93
Client 03,2025-11-19,2025-12-19,2025-12-31,2022.27,2022.27
Client 07,2025-11-19,2025-12-19,2026-01-22,7889.78,7889.78
Client 12,2025-11-19,2025-12-19,2025-12-29,2943.39,2943.39
Client 14,2025-11-19,2026-01-03,2026-01-26,18271.7,18271.7
Client 17,2025-11-19,2025-12-19,2025-12-16,11107.2,11107.2
Client 19,2025-11-19,2026-01-03,2026-01-14,3264,3264
Client 01,2025-11-20,2025-12-05,2025-12-05,3922.3,3922.3
Client 13,2025-11-20,2025-12-20,2025-12-25,7510.4,7510.4
Client 19,2025-11-20,2026-01-04,2026-01-18,6530.99,6530.99
Client 31,2025-11-20,2025-12-05,2026-01-15,6944.05,6944.05
Client 37,2025-11-20,2025-12-20,2026-01-08,6446.77,6446.77
Client 06,2025-11-21,2025-12-06,2026-01-13,2691.6,2691.6
Client 08,2025-11-21,2025-12-21,2026-01-19,11412.1,11412.1
Client 09,2025-11-21,2026-01-05,2026-01-05,1357.59,1357.59
Client 23,2025-11-21,2025-12-21,2026-01-16,9271.23,9271.23
Client 26,2025-11-21,2025-12-06,2025-12-03,17183.8,17183.8
Client 28,2025-11-21,2025-12-21,2025-12-29,5133.44,5133.44
Client 25,2025-11-22,2026-01-21,2026-01-15,5821.57,5821.57
Client 29,2025-11-22,2026-01-06,2026-01-09,12495,12495
Client 02,2025-11-23,2025-12-23,2025-12-18,9986.98,9986.98
Client 25,2025-11-23,2026-01-22,2026-01-22,6274.94,6274.94
Client 26,2025-11-23,2025-12-08,2025-12-12,9239.48,9239.48
Client 29,2025-11-23,2026-01-07,2026-01-26,19061.2,19061.2
Client 38,2025-11-23,2025-12-23,2026-01-16,13349.5,13349.5
Client 01,2025-11-24,2025-12-09,2025-12-04,4330.16,4330.16
Client 18,2025-11-24,2025-12-24,2025-12-22,2006.73,2006.73
Client 28,2025-11-24,2025-12-24,2025-12-31,7981.78,7981.78
Client 40,2025-11-24,2026-01-23,2026-02-17,7598.48,7598.48
Client 04,2025-11-25,2026-01-09,2026-01-17,4145.15,4145.15
Client 11,2025-11-25,2025-12-10,,19607.5,
Client 17,2025-11-25,2025-12-25,2025-12-26,18672.2,18672.2
Client 24,2025-11-25,2026-01-09,2026-01-29,2874.47,2874.47
Client 25,2025-11-25,2026-01-24,2026-01-19,7915.48,7915.48
Client 34,2025-11-25,2026-01-09,2026-01-09,5871.11,5871.11
Client 40,2025-11-25,2026-01-24,2026-02-23,8586.01,8586.01
Client 10,2025-11-26,2026-01-25,2026-01-22,7033.2,7033.2
Client 20,2025-11-26,2026-01-25,2026-02-07,13465.1,13465.1
Client 21,2025-11-26,2025-12-11,2025-12-28,1165.31,1165.31
Client 22,2025-11-26,2025-12-26,2026-02-04,4387.43,4387.43
Client 32,2025-11-26,2025-12-26,2026-01-21,14663.7,14663.7
Client 37,2025-11-26,2025-12-26,2026-01-01,5260.7,5260.7
Client 15,2025-11-27,2026-01-26,2026-02-23,784.9,784.9
Client 16,2025-11-27,2025-12-12,2026-01-08,8188.31,2713.19
Client 31,2025-11-27,2025-12-12,2026-01-10,8123.77,6410.76
Client 33,2025-11-27,2025-12-27,2025-12-22,1666.05,1666.05
Client 38,2025-11-27,2025-12-27,2026-02-06,13821.1,13821.1
Client 40,2025-11-27,2026-01-26,2026-02-15,3072.24,3072.24
Client 04,2025-11-28,2026-01-12,2026-01-15,4730.3,4730.3
Client 16,2025-11-28,2025-12-13,2026-01-09,7510.36,7510.36
Client 02,2025-12-01,2025-12-31,2025-12-28,18613.1,18613.1
Client 08,2025-12-01,2025-12-31,2026-01-26,18531.9,18531.9
Client 19,2025-12-01,2026-01-15,2026-02-04,3469.33,3469.33
Client 36,2025-12-01,2025-12-16,2025-12-28,1400.15,1400.15
Client 39,2025-12-01,2026-01-15,2026-02-16,2763.49,2763.49
Client 05,2025-12-02,2026-01-31,2026-02-04,11699.4,11699.4
Client 11,2025-12-02,2025-12-17,2025-12-23,11440.8,11440.8
Client 15,2025-12-02,2026-01-31,2026-02-26,1793.22,1793.22
Client 16,2025-12-02,2025-12-17,2026-01-12,8501.01,8501.01
Client 21,2025-12-02,2025-12-17,2026-01-08,551.95,551.95
Client 25,2025-12-02,2026-01-31,2026-02-01,6638.22,6638.22
Client 29,2025-12-02,2026-01-16,2026-01-29,16162.5,16162.5
Client 31,2025-12-02,2025-12-17,2026-01-05,5220.8,5220.8
Client 40,2025-12-02,2026-01-31,2026-03-04,4977.64,4977.64
Client 01,2025-12-03,2025-12-18,2025-12-14,4713.65,4713.65
Client 11,2025-12-03,2025-12-18,2026-01-05,10002.2,10002.2
Client 15,2025-12-03,2026-02-01,2026-03-02,661.42,661.42
Client 22,2025-12-03,2026-01-02,2026-02-22,3163.05,3163.05
Client 32,2025-12-03,2026-01-02,2026-01-25,9420.5,9420.5
Client 40,2025-12-03,2026-02-01,2026-03-01,6270.98,6270.98
Client 02,2025-12-04,2026-01-03,2026-01-03,19113.4,19113.4
Client 10,2025-12-04,2026-02-02,2026-01-30,5706.89,5706.89
Client 18,2025-12-04,2026-01-03,2026-01-01,1991.03,1991.03
Client 01,2025-12-05,2025-12-20,2025-12-22,4356.8,4356.8
Client 08,2025-12-05,2026-01-04,2026-02-06,18433.5,18433.5
Client 13,2025-12-05,2026-01-04,2026-01-27,6073.09,6073.09
Client 18,2025-12-05,2026-01-04,2025-12-31,2752.32,2752.32
Client 22,2025-12-05,2026-01-04,2026-02-07,3865.48,3865.48
Client 24,2025-12-05,2026-01-19,2026-02-20,1480.22,1480.22
Client 33,2025-12-05,2026-01-04,2026-01-04,2255.19,2255.19
Client 33,2025-12-06,2026-01-05,2025-12-29,2173.04,2173.04
Client 02,2025-12-07,2026-01-06,2026-01-05,16045.5,16045.5
Client 06,2025-12-07,2025-12-22,2026-02-03,1231.3,1231.3
Client 07,2025-12-07,2026-01-06,2026-01-31,3784.48,3784.48
Client 16,2025-12-07,2025-12-22,2026-01-22,3797.08,3797.08
Client 20,2025-12-07,2026-02-05,2026-02-23,16717.8,16717.8
Client 22,2025-12-07,2026-01-06,2026-02-17,8501.87,8501.87
Client 25,2025-12-07,2026-02-05,2026-02-05,3664.54,3664.54
Client 07,2025-12-08,2026-01-07,2026-02-15,4268.02,4268.02
Client 12,2025-12-08,2026-01-07,2026-01-10,2448.27,2448.27
Client 21,2025-12-08,2025-12-23,2025-12-31,1116.34,1116.34
Client 30,2025-12-08,2026-02-06,2026-03-21,2321.65,2321.65
Client 30,2025-12-08,2026-02-06,2026-03-06,1450.46,1450.46
Client 32,2025-12-08,2026-01-07,2026-02-02,13309.4,13309.4
Client 02,2025-12-09,2026-01-08,2026-01-01,16647.2,16647.2
Client 11,2025-12-09,2025-12-24,2026-01-08,19150.9,19150.9
Client 11,2025-12-09,2025-12-24,2025-12-29,11907.2,11907.2
Client 14,2025-12-09,2026-01-23,2026-03-01,11465.5,11465.5
Client 17,2025-12-09,2026-01-08,2026-01-12,18323.5,18323.5
Client 19,2025-12-09,2026-01-23,2026-02-12,8311.82,8311.82
Client 35,2025-12-09,2026-02-07,2026-02-12,12261.5,12261.5
Client 38,2025-12-09,2026-01-08,2026-02-13,18932.2,18932.2
Client 03,2025-12-10,2026-01-09,2026-01-13,1000.57,1000.57
Client 06,2025-12-10,2025-12-25,2026-01-22,1484.53,1484.53
Client 08,2025-12-10,2026-01-09,2026-02-08,13765.9,13765.9
Client 11,2025-12-10,2025-12-25,2026-01-10,16835.9,16835.9
Client 27,2025-12-10,2026-01-09,2026-01-27,1999.83,1999.83
Client 28,2025-12-10,2026-01-09,2026-01-19,7045.07,7045.07
Client 29,2025-12-10,2026-01-24,2026-02-08,16334.7,16334.7
Client 36,2025-12-10,2025-12-25,2025-12-31,1122.67,1122.67
Client 17,2025-12-11,2026-01-10,2026-01-05,12438.6,12438.6
Client 18,2025-12-11,2026-01-10,2026-01-08,666.13,666.13
Client 23,2025-12-11,2026-01-10,2026-02-02,17260.2,17260.2
Client 28,2025-12-11,2026-01-10,2026-01-21,4643.99,4643.99
Client 29,2025-12-11,2026-01-25,2026-02-20,17954.9,17954.9
Client 32,2025-12-11,2026-01-10,2026-02-05,15160,15160
Client 33,2025-12-11,2026-01-10,2026-01-09,2525.06,2525.06
Client 35,2025-12-11,2026-02-09,2026-02-22,13044.6,13044.6
Client 07,2025-12-12,2026-01-11,2026-02-09,7273.4,7273.4
Client 09,2025-12-12,2026-01-26,2026-01-20,629.22,629.22
Client 19,2025-12-12,2026-01-26,2026-02-07,6327.28,6327.28
Client 20,2025-12-12,2026-02-10,2026-02-26,19490.5,19490.5
Client 21,2025-12-12,2025-12-27,2026-01-06,2722.31,2722.31
Client 22,2025-12-12,2026-01-11,2026-02-11,4973.25,4973.25
Client 22,2025-12-12,2026-01-11,2026-02-15,7384.77,7384.77
Client 26,2025-12-12,2025-12-27,2025-12-23,14113.6,14113.6
Client 31,2025-12-12,2025-12-27,2026-01-12,7706,7706
Client 36,2025-12-12,2025-12-27,2026-01-08,1835.6,1835.6
Client 40,2025-12-12,2026-02-10,2026-03-11,5799.12,5799.12
Client 23,2025-12-13,2026-01-12,2026-02-15,9448.06,9448.06
Client 31,2025-12-13,2025-12-28,2026-01-26,5071,5071
Client 34,2025-12-13,2026-01-27,2026-01-22,7662.02,7662.02
Client 14,2025-12-14,2026-01-28,2026-02-17,13864.6,13864.6
Client 31,2025-12-14,2025-12-29,2026-01-31,8134.39,8134.39
Client 25,2025-12-15,2026-02-13,2026-02-08,8933.41,8933.41
Client 29,2025-12-15,2026-01-29,2026-02-13,18834.5,18834.5
Client 30,2025-12-15,2026-02-13,2026-03-18,936.7,936.7
Client 40,2025-12-15,2026-02-13,2026-03-05,4149.65,4149.65
Client 04,2025-12-16,2026-01-30,2026-02-13,8251.41,8251.41
Client 06,2025-12-16,2025-12-31,2026-02-05,2107.98,2107.98
Client 09,2025-12-16,2026-01-30,2026-01-24,525.22,525.22
Client 14,2025-12-16,2026-01-30,2026-03-02,18373.1,18373.1
Client 15,2025-12-16,2026-02-14,2026-03-17,1876.4,1876.4
Client 04,2025-12-17,2026-01-31,2026-02-23,6888.45,6888.45
Client 08,2025-12-17,2026-01-16,2026-02-11,17221.8,17221.8
Client 11,2025-12-17,2026-01-01,2026-01-21,19733.2,19733.2
Client 13,2025-12-17,2026-01-16,2026-02-03,8097.73,8097.73
Client 19,2025-12-17,2026-01-31,2026-02-10,3264.15,3264.15
Client 27,2025-12-17,2026-01-16,2026-01-20,2852.34,2852.34
Client 33,2025-12-17,2026-01-16,2026-01-11,1599.38,1599.38
Client 35,2025-12-17,2026-02-15,2026-03-08,15648.1,15648.1
Client 37,2025-12-17,2026-01-16,2026-01-29,7088.33,7088.33
Client 13,2025-12-18,2026-01-17,2026-02-01,8387.64,3995.61
Client 16,2025-12-18,2026-01-02,2026-01-27,7471.22,7471.22
Client 20,2025-12-18,2026-02-16,2026-03-04,11945.1,11945.1
Client 01,2025-12-19,2026-01-03,2025-12-30,6290.85,6290.85
Client 05,2025-12-19,2026-02-17,2026-03-02,19290.7,19290.7
Client 12,2025-12-19,2026-01-18,2026-01-25,1791.74,1791.74
Client 12,2025-12-19,2026-01-18,2026-02-11,589.53,589.53
Client 17,2025-12-19,2026-01-18,2026-01-18,10643.9,10643.9
Client 29,2025-12-19,2026-02-02,2026-02-24,15961.7,15961.7
Client 32,2025-12-19,2026-01-18,2026-02-11,18478.4,18478.4
Client 07,2025-12-20,2026-01-19,2026-02-13,7491.33,3961.13
Client 13,2025-12-20,2026-01-19,2026-02-11,5654.06,5654.06
Client 23,2025-12-20,2026-01-19,2026-02-16,9090.88,9090.88
Client 04,2025-12-21,2026-02-04,2026-02-20,4877.54,4877.54
Client 05,2025-12-21,2026-02-19,2026-03-14,18257.7,18257.7
Client 12,2025-12-21,2026-01-20,2026-02-10,807.93,807.93
Client 26,2025-12-21,2026-01-05,2026-01-06,14179.9,14179.9
Client 10,2025-12-22,2026-02-20,2026-02-23,5985.22,5985.22
Client 17,2025-12-22,2026-01-21,2026-01-21,19577.2,19577.2
Client 24,2025-12-22,2026-02-05,2026-02-19,1638.23,1638.23
Client 27,2025-12-22,2026-01-21,2026-01-29,2038.44,2038.44
Client 28,2025-12-22,2026-01-21,2026-02-03,8706.9,8706.9
Client 32,2025-12-22,2026-01-21,2026-02-14,12044.8,12044.8
Client 39,2025-12-22,2026-02-05,2026-03-13,921.57,921.57
Client 07,2025-12-23,2026-01-22,2026-02-22,4012.25,4012.25
Client 37,2025-12-23,2026-01-22,2026-02-02,6178.38,6178.38
Client 01,2025-12-24,2026-01-08,2026-01-02,7863.38,7863.38
Client 19,2025-12-24,2026-02-07,2026-02-25,7304.24,7304.24
Client 20,2025-12-24,2026-02-22,2026-03-04,11289.9,11289.9
Client 34,2025-12-24,2026-02-07,2026-02-05,3554.66,3554.66
Client 38,2025-12-24,2026-01-23,2026-03-14,9653.24,9653.24
Client 01,2025-12-25,2026-01-09,2026-01-04,6232.94,6232.94
Client 03,2025-12-25,2026-01-24,2026-02-19,1907.07,1907.07
Client 08,2025-12-25,2026-01-24,2026-02-15,12363.6,12363.6
Client 15,2025-12-25,2026-02-23,2026-03-20,2548.81,2548.81
Client 17,2025-12-25,2026-01-24,2026-01-20,14898.7,14898.7
Client 24,2025-12-25,2026-02-08,2026-03-03,2432.12,2432.12
Client 34,2025-12-25,2026-02-08,2026-02-05,4196.07,4196.07
Client 35,2025-12-25,2026-02-23,2026-03-03,14308.3,14308.3
Client 37,2025-12-25,2026-01-24,2026-02-10,8918.92,8918.92
Client 38,2025-12-25,2026-01-24,2026-02-26,14269.8,14269.8
Client 03,2025-12-26,2026-01-25,2026-02-14,526.72,526.72
Client 07,2025-12-26,2026-01-25,2026-02-28,7803.39,7803.39
Client 10,2025-12-26,2026-02-24,2026-02-23,4561.57,4561.57
Client 26,2025-12-26,2026-01-10,2026-01-06,12776.8,12776.8
Client 02,2025-12-27,2026-01-26,2026-01-19,17800.6,17800.6
Client 04,2025-12-27,2026-02-10,2026-02-18,6650.46,6650.46
Client 08,2025-12-27,2026-01-26,2026-02-23,10839.9,10839.9
Client 26,2025-12-27,2026-01-11,2026-01-09,16566.1,16566.1
Client 26,2025-12-27,2026-01-11,2026-01-03,11748.7,8188.03
Client 32,2025-12-27,2026-01-26,2026-02-23,13172.1,13172.1
Client 38,2025-12-27,2026-01-26,2026-03-01,10634.7,10634.7
Client 06,2025-12-28,2026-01-12,2026-02-22,2312.25,1266.9
Client 08,2025-12-28,2026-01-27,2026-03-03,12711.1,12711.1
Client 20,2025-12-28,2026-02-26,2026-03-16,11936.5,11936.5
Client 20,2025-12-28,2026-02-26,2026-03-12,19137.6,19137.6
Client 31,2025-12-28,2026-01-12,2026-02-07,8231.03,8231.03
Client 09,2026-01-01,2026-02-15,2026-02-09,2302.68,1085.78
Client 10,2026-01-01,2026-03-02,2026-02-24,8189.61,8189.61
Client 14,2026-01-01,2026-02-15,2026-04-02,11935.1,11935.1
Client 14,2026-01-01,2026-02-15,2026-03-14,16347.2,16347.2
Client 21,2026-01-01,2026-01-16,2026-02-05,2856.51,2856.51
Client 33,2026-01-01,2026-01-31,2026-01-27,2065.21,2065.21
Client 01,2026-01-02,2026-01-17,2026-01-09,8418.88,8418.88
Client 04,2026-01-02,2026-02-16,2026-02-28,8539.27,8539.27
Client 11,2026-01-02,2026-01-17,2026-02-03,13783.6,13783.6
Client 12,2026-01-02,2026-02-01,2026-02-07,1776.48,1776.48
Client 13,2026-01-02,2026-02-01,2026-02-20,8556.81,8556.81
Client 17,2026-01-02,2026-02-01,2026-01-29,9585.16,9585.16
Client 18,2026-01-02,2026-02-01,2026-02-04,1008.92,1008.92
Client 22,2026-01-02,2026-02-01,2026-03-12,5361.5,5361.5
Client 31,2026-01-02,2026-01-17,2026-02-17,5333.01,5333.01
Client 40,2026-01-02,2026-03-03,2026-03-28,3969.77,3969.77
Client 08,2026-01-03,2026-02-02,2026-02-26,9166.81,9166.81
Client 12,2026-01-03,2026-02-02,2026-02-18,2188.58,1332.83
Client 17,2026-01-03,2026-02-02,2026-02-01,12731.6,12731.6
Client 29,2026-01-03,2026-02-17,2026-03-04,17380.7,17380.7
Client 29,2026-01-03,2026-02-17,2026-03-03,15323.4,15323.4
Client 01,2026-01-04,2026-01-19,2026-01-15,7347.21,7347.21
Client 01,2026-01-04,2026-01-19,2026-01-20,3357.95,3357.95
Client 05,2026-01-04,2026-03-05,2026-03-02,12807.8,12807.8
Client 11,2026-01-04,2026-01-19,2026-02-02,9396.32,9396.32
Client 23,2026-01-04,2026-02-03,2026-02-28,18025.5,9145.02
Client 25,2026-01-04,2026-03-05,2026-03-04,5381.54,5381.54
Client 28,2026-01-04,2026-02-03,2026-02-10,3682.18,3682.18
Client 30,2026-01-04,2026-03-05,2026-04-09,995.52,995.52
Client 38,2026-01-04,2026-02-03,2026-03-07,19980.8,19980.8
Client 40,2026-01-04,2026-03-05,2026-03-28,3308.15,3308.15
Client 01,2026-01-05,2026-01-20,2026-01-21,7855.36,7855.36
Client 06,2026-01-05,2026-01-20,2026-02-17,828.94,828.94
Client 16,2026-01-05,2026-01-20,2026-02-10,3386.22,3386.22
Client 35,2026-01-05,2026-03-06,2026-03-07,15506.1,15506.1
Client 39,2026-01-05,2026-02-19,2026-03-09,1948.47,1948.47
Client 11,2026-01-06,2026-01-21,2026-01-31,13249.5,13249.5
Client 13,2026-01-06,2026-02-05,2026-02-15,6484.48,6484.48
Client 19,2026-01-06,2026-02-20,2026-03-08,3250.07,3250.07
Client 21,2026-01-06,2026-01-21,2026-02-03,2115.96,2115.96
Client 23,2026-01-06,2026-02-05,2026-03-13,19445.8,19445.8
Client 27,2026-01-06,2026-02-05,2026-02-06,1561.41,1561.41
Client 27,2026-01-06,2026-02-05,2026-02-16,2898.18,2898.18
Client 35,2026-01-06,2026-03-07,2026-03-23,10477.3,10477.3
Client 35,2026-01-06,2026-03-07,2026-03-31,10735.9,10735.9
Client 20,2026-01-07,2026-03-08,2026-03-10,13066.9,13066.9
Client 26,2026-01-07,2026-01-22,2026-01-19,11690.8,11690.8
Client 37,2026-01-07,2026-02-06,2026-02-08,7217.43,7217.43
Client 39,2026-01-07,2026-02-21,2026-03-27,590.32,590.32
Client 11,2026-01-08,2026-01-23,2026-02-11,14848.5,14848.5
Client 25,2026-01-08,2026-03-09,2026-03-12,7489.37,7489.37
Client 26,2026-01-08,2026-01-23,2026-01-19,13652.6,13652.6
Client 29,2026-01-08,2026-02-22,2026-03-04,19144,19144
Client 30,2026-01-08,2026-03-09,2026-04-14,764.23,764.23
Client 34,2026-01-08,2026-02-22,2026-02-23,4212.95,4212.95
Client 35,2026-01-08,2026-03-09,2026-03-24,16856.7,16856.7
Client 37,2026-01-08,2026-02-07,2026-02-05,6478.9,6478.9
Client 03,2026-01-09,2026-02-08,2026-02-24,2021.2,2021.2
Client 05,2026-01-09,2026-03-10,2026-03-18,18465.2,18465.2
Client 20,2026-01-09,2026-03-10,2026-03-17,14984.2,14984.2
Client 25,2026-01-09,2026-03-10,2026-03-11,8906.85,8906.85
Client 33,2026-01-09,2026-02-08,2026-02-06,2799.35,2799.35
Client 06,2026-01-10,2026-01-25,2026-02-21,1546.55,1546.55
Client 06,2026-01-10,2026-01-25,2026-03-06,2707.76,2707.76
Client 09,2026-01-10,2026-02-24,2026-02-16,2339.87,2339.87
Client 13,2026-01-10,2026-02-09,2026-02-26,6497.3,6497.3
Client 16,2026-01-10,2026-01-25,2026-02-18,7740.4,7740.4
Client 18,2026-01-10,2026-02-09,2026-02-06,1668.84,1668.84
Client 20,2026-01-10,2026-03-11,2026-03-26,18691.3,18691.3
Client 28,2026-01-10,2026-02-09,2026-02-15,5440.79,5440.79
Client 40,2026-01-10,2026-03-11,2026-04-06,8787.91,8787.91
Client 03,2026-01-11,2026-02-10,2026-02-19,593.69,593.69
Client 07,2026-01-11,2026-02-10,2026-03-19,3448.63,3448.63
Client 32,2026-01-11,2026-02-10,2026-03-06,14685.1,11352.5
Client 04,2026-01-12,2026-02-26,2026-03-16,7665.73,7665.73
Client 24,2026-01-12,2026-02-26,2026-03-20,1230.8,707.38
Client 33,2026-01-12,2026-02-11,2026-01-31,1531,1531
Client 37,2026-01-12,2026-02-11,2026-02-27,3138.34,3138.34
Client 02,2026-01-13,2026-02-12,2026-02-05,10567.5,10567.5
Client 05,2026-01-13,2026-03-14,2026-04-01,10596.5,10596.5
Client 25,2026-01-13,2026-03-14,2026-03-19,5479.21,5479.21
Client 32,2026-01-13,2026-02-12,2026-03-02,11738.5,11738.5
Client 37,2026-01-13,2026-02-12,2026-02-15,7328.55,7328.55
Client 38,2026-01-13,2026-02-12,2026-03-23,17284.7,17284.7
Client 04,2026-01-14,2026-02-28,2026-03-18,4750.67,4750.67
Client 18,2026-01-14,2026-02-13,2026-02-15,1128.71,1128.71
Client 21,2026-01-14,2026-01-29,2026-02-06,2105.4,2105.4
Client 29,2026-01-14,2026-02-28,2026-03-13,11559.1,11559.1
Client 34,2026-01-14,2026-02-28,2026-02-25,6499.37,6499.37
Client 08,2026-01-15,2026-02-14,2026-03-08,10926.9,10926.9
Client 38,2026-01-15,2026-02-14,2026-03-27,16559.8,16559.8
Client 25,2026-01-16,2026-03-17,2026-03-16,4044.61,4044.61
Client 04,2026-01-17,2026-03-03,2026-03-12,6319.07,6319.07
Client 14,2026-01-17,2026-03-03,2026-04-10,16856.8,16856.8
Client 15,2026-01-17,2026-03-18,2026-04-16,1644.9,1644.9
Client 16,2026-01-17,2026-02-01,2026-02-28,7476.93,7476.93
Client 17,2026-01-17,2026-02-16,2026-02-13,19676.8,19676.8
Client 24,2026-01-17,2026-03-03,2026-03-25,2336.69,2336.69
Client 26,2026-01-17,2026-02-01,2026-01-27,12974.6,12974.6
Client 27,2026-01-17,2026-02-16,2026-02-19,1918.7,1918.7
Client 34,2026-01-17,2026-03-03,2026-02-27,5886.21,5886.21
Client 35,2026-01-17,2026-03-18,2026-03-21,10641,10641
Client 05,2026-01-18,2026-03-19,2026-03-23,12908.4,12908.4
Client 13,2026-01-18,2026-02-17,2026-03-11,8431.08,8431.08
Client 16,2026-01-18,2026-02-02,2026-02-25,3457.81,3457.81
Client 28,2026-01-18,2026-02-17,2026-02-28,4061.81,4061.81
Client 10,2026-01-19,2026-03-20,2026-03-14,4388.08,4388.08
Client 17,2026-01-19,2026-02-18,2026-02-21,10375,10375
Client 29,2026-01-19,2026-03-05,2026-03-19,18755.6,18755.6
Client 38,2026-01-19,2026-02-18,2026-04-06,9840.64,9840.64
Client 07,2026-01-20,2026-02-19,2026-03-28,3595.11,3595.11
Client 08,2026-01-20,2026-02-19,2026-03-18,17415.8,17415.8
Client 09,2026-01-20,2026-03-06,2026-03-04,554.12,554.12
Client 14,2026-01-20,2026-03-06,2026-03-29,19790.3,19790.3
Client 21,2026-01-20,2026-02-04,2026-02-20,851.89,851.89
Client 22,2026-01-20,2026-02-19,2026-03-28,7240.87,7240.87
Client 23,2026-01-20,2026-02-19,2026-03-26,14809.3,14809.3
Client 28,2026-01-20,2026-02-19,2026-02-27,3886.79,3886.79
Client 28,2026-01-20,2026-02-19,2026-03-05,8497.5,8497.5
Client 34,2026-01-20,2026-03-06,2026-02-28,6318.94,6318.94
Client 23,2026-01-21,2026-02-20,2026-03-24,18677.8,18677.8
Client 24,2026-01-21,2026-03-07,2026-04-05,2659.41,2659.41
Client 26,2026-01-21,2026-02-05,2026-02-07,12083.6,12083.6
Client 35,2026-01-21,2026-03-22,2026-03-26,12465,12465
Client 37,2026-01-21,2026-02-20,2026-03-09,3422.92,3422.92
Client 01,2026-01-22,2026-02-06,2026-02-09,4115.35,4115.35
Client 14,2026-01-22,2026-03-08,2026-04-17,19103.2,19103.2
Client 15,2026-01-22,2026-03-23,2026-04-25,1307.28,1307.28
Client 17,2026-01-22,2026-02-21,2026-02-17,18398.7,18398.7
Client 22,2026-01-22,2026-02-21,2026-03-21,7386.54,7386.54
Client 39,2026-01-22,2026-03-08,2026-04-02,1398.19,1398.19
Client 14,2026-01-23,2026-03-09,2026-04-15,12713.9,12713.9
Client 19,2026-01-23,2026-03-09,2026-03-22,3497.44,3497.44
Client 20,2026-01-23,2026-03-24,2026-04-02,10012.5,10012.5
Client 22,2026-01-23,2026-02-22,2026-03-10,5746.33,5746.33
Client 31,2026-01-23,2026-02-07,2026-03-05,8636.5,8636.5
Client 07,2026-01-24,2026-02-23,2026-04-02,4002.86,4002.86
Client 13,2026-01-24,2026-02-23,2026-03-05,4688.27,4688.27
Client 19,2026-01-24,2026-03-10,2026-03-16,3869.39,3869.39
Client 35,2026-01-24,2026-03-25,2026-03-31,15525.5,15525.5
Client 02,2026-01-25,2026-02-24,2026-02-24,15276.6,15276.6
Client 23,2026-01-25,2026-02-24,2026-04-07,17129,17129
Client 24,2026-01-25,2026-03-11,2026-03-31,2345.28,2345.28
Client 31,2026-01-25,2026-02-09,2026-03-15,3437.02,2552.17
Client 36,2026-01-25,2026-02-09,2026-02-17,1856.5,1856.5
Client 38,2026-01-25,2026-02-24,2026-04-02,12349.9,12349.9
Client 02,2026-01-26,2026-02-25,2026-03-01,17786.6,17786.6
Client 10,2026-01-26,2026-03-27,2026-03-23,6596.02,6596.02
Client 17,2026-01-26,2026-02-25,2026-02-23,13380.4,8790.43
Client 23,2026-01-26,2026-02-25,2026-03-21,15018.4,15018.4
Client 29,2026-01-26,2026-03-12,2026-03-27,19771.6,14604.2
Client 36,2026-01-26,2026-02-10,2026-02-25,811.7,579.22
Client 08,2026-01-27,2026-02-26,2026-03-20,17338.1,17338.1
Client 32,2026-01-27,2026-02-26,2026-03-27,15480.1,15480.1
Client 38,2026-01-27,2026-02-26,2026-03-28,19838.7,19838.7
Client 40,2026-01-27,2026-03-28,2026-04-20,6122.28,6122.28
Client 06,2026-01-28,2026-02-12,2026-02-25,1344.15,1344.15
Client 15,2026-01-28,2026-03-29,2026-05-06,2214.28,2214.28
Client 18,2026-01-28,2026-02-27,2026-02-25,2826.25,2826.25
Client 19,2026-01-28,2026-03-14,2026-03-26,6875.29,6875.29
Client 23,2026-01-28,2026-02-27,2026-04-06,10958.8,5811.77
Client 34,2026-01-28,2026-03-14,2026-03-15,3476.52,3476.52
Client 38,2026-01-28,2026-02-27,2026-04-02,15520.8,15520.8
Client 39,2026-01-28,2026-03-14,2026-04-15,2785.17,2785.17
Client 22,2026-02-01,2026-03-03,2026-04-13,4094.31,4094.31
Client 28,2026-02-01,2026-03-03,2026-03-14,5816.16,5816.16
Client 34,2026-02-01,2026-03-18,2026-03-22,7857.14,4435.09
Client 10,2026-02-02,2026-04-03,2026-04-07,6316.91,6316.91
Client 14,2026-02-02,2026-03-19,2026-03-22,14492.8,14492.8
Client 20,2026-02-02,2026-04-03,2026-04-20,15145.4,15145.4
Client 06,2026-02-03,2026-02-18,2026-03-16,2002.57,2002.57
Client 10,2026-02-03,2026-04-04,2026-03-28,5791.2,5791.2
Client 15,2026-02-03,2026-04-04,2026-05-14,1524.2,1524.2
Client 37,2026-02-03,2026-03-05,2026-03-09,4307.55,4307.55
Client 38,2026-02-03,2026-03-05,2026-04-15,10893.4,10893.4
Client 38,2026-02-03,2026-03-05,2026-04-12,15761.9,15761.9
Client 01,2026-02-04,2026-02-19,2026-02-17,5294.97,5294.97
Client 20,2026-02-04,2026-04-05,2026-04-11,15124.2,15124.2
Client 23,2026-02-04,2026-03-06,2026-04-06,18320.9,18320.9
Client 24,2026-02-04,2026-03-21,2026-04-11,1289.12,1289.12
Client 29,2026-02-04,2026-03-21,2026-03-25,12278,12278
Client 29,2026-02-04,2026-03-21,2026-04-05,10946.3,10946.3
Client 35,2026-02-04,2026-04-05,2026-04-17,19494.4,19494.4
Client 02,2026-02-05,2026-03-07,2026-03-06,16246.1,16246.1
Client 03,2026-02-05,2026-03-07,2026-03-24,2234.71,2234.71
Client 08,2026-02-05,2026-03-07,2026-03-23,15826.4,15826.4
Client 11,2026-02-05,2026-02-20,2026-03-21,16479.1,16479.1
Client 17,2026-02-05,2026-03-07,2026-03-08,9985.02,9985.02
Client 21,2026-02-05,2026-02-20,2026-03-02,1181.12,1181.12
Client 24,2026-02-05,2026-03-22,2026-04-14,1998.25,1998.25
Client 29,2026-02-05,2026-03-22,2026-03-26,18886.8,18886.8
Client 31,2026-02-05,2026-02-20,2026-03-26,7220.62,7220.62
Client 32,2026-02-05,2026-03-07,2026-04-01,11295.5,11295.5
Client 32,2026-02-05,2026-03-07,2026-03-30,9769.38,8189.01
Client 32,2026-02-05,2026-03-07,2026-03-23,18238.2,18238.2
Client 40,2026-02-05,2026-04-06,2026-04-21,7978.82,7978.82
Client 01,2026-02-06,2026-02-21,2026-02-17,7866.34,6328.59
Client 09,2026-02-06,2026-03-23,2026-03-20,2649.7,2649.7
Client 10,2026-02-06,2026-04-07,2026-04-05,6928.43,6928.43
Client 18,2026-02-06,2026-03-08,2026-03-05,715.9,715.9
Client 25,2026-02-06,2026-04-07,2026-04-07,3594.61,3594.61
Client 32,2026-02-06,2026-03-08,2026-03-19,11682.5,11682.5
Client 40,2026-02-06,2026-04-07,2026-04-28,5552.24,5552.24
Client 40,2026-02-06,2026-04-07,2026-04-27,3891.31,3891.31
Client 03,2026-02-07,2026-03-09,2026-03-27,1806.99,1806.99
Client 04,2026-02-07,2026-03-24,2026-04-03,6311.47,6311.47
Client 18,2026-02-07,2026-03-09,2026-03-03,2207.42,2207.42
Client 35,2026-02-07,2026-04-08,2026-05-03,16970.3,16970.3
Client 36,2026-02-07,2026-02-22,2026-02-26,1562.07,1562.07
Client 12,2026-02-08,2026-03-10,2026-03-06,1954.19,1954.19
Client 13,2026-02-08,2026-03-10,2026-03-28,5147.89,5147.89
Client 16,2026-02-08,2026-02-23,2026-03-21,5836.4,5836.4
Client 19,2026-02-08,2026-03-25,2026-04-14,7069.03,7069.03
Client 20,2026-02-08,2026-04-09,2026-04-24,14461,14461
Client 20,2026-02-08,2026-04-09,2026-04-20,15081.9,15081.9
Client 22,2026-02-08,2026-03-10,,6778.69,
Client 05,2026-02-09,2026-04-10,2026-04-25,19079.1,19079.1
Client 11,2026-02-09,2026-02-24,2026-03-07,18465.8,18465.8
Client 15,2026-02-09,2026-04-10,2026-05-04,2817.64,2817.64
Client 15,2026-02-09,2026-04-10,2026-05-12,2580.62,2580.62
Client 17,2026-02-09,2026-03-11,2026-03-11,11681.3,6555.75
Client 18,2026-02-09,2026-03-11,2026-03-08,2994.13,2994.13
Client 26,2026-02-09,2026-02-24,2026-02-20,12659.5,12659.5
Client 36,2026-02-09,2026-02-24,2026-03-15,2013.12,2013.12
Client 05,2026-02-10,2026-04-11,2026-04-16,16557,16557
Client 07,2026-02-10,2026-03-12,2026-04-11,6825.19,6825.19
Client 11,2026-02-10,2026-02-25,2026-03-05,11549.2,11549.2
Client 14,2026-02-10,2026-03-27,2026-04-23,17918,17918
Client 19,2026-02-10,2026-03-27,2026-04-09,5592.68,5592.68
Client 20,2026-02-10,2026-04-11,2026-04-23,18188,18188
Client 25,2026-02-10,2026-04-11,2026-04-06,7485.2,7485.2
Client 26,2026-02-10,2026-02-25,2026-02-21,11799.1,11799.1
Client 33,2026-02-10,2026-03-12,2026-03-12,506.86,506.86
Client 21,2026-02-11,2026-02-26,2026-03-03,1300.82,1300.82
Client 25,2026-02-11,2026-04-12,2026-04-14,4720.44,4720.44
Client 38,2026-02-11,2026-03-13,2026-05-01,14344,14344
Client 12,2026-02-12,2026-03-14,2026-03-27,2102.95,2102.95
Client 17,2026-02-12,2026-03-14,2026-03-14,10946.2,10946.2
Client 23,2026-02-12,2026-03-14,2026-04-18,12962.6,12962.6
Client 27,2026-02-12,2026-03-14,2026-04-02,786.11,786.11
Client 35,2026-02-12,2026-04-13,2026-04-22,19290.6,16760.7
Client 38,2026-02-12,2026-03-14,2026-04-07,13557.4,13557.4
Client 03,2026-02-13,2026-03-15,2026-03-31,1408.65,1408.65
Client 05,2026-02-13,2026-04-14,2026-04-22,14250.8,14250.8
Client 06,2026-02-13,2026-02-28,2026-03-05,1336.61,1336.61
Client 11,2026-02-13,2026-02-28,2026-03-15,14318.5,14318.5
Client 16,2026-02-13,2026-02-28,2026-03-13,3438.75,3438.75
Client 23,2026-02-13,2026-03-15,2026-04-16,9749.1,9749.1
Client 02,2026-02-14,2026-03-16,2026-03-11,12963.4,12963.4
Client 14,2026-02-14,2026-03-31,2026-05-13,18005.5,18005.5
Client 14,2026-02-14,2026-03-31,2026-04-12,9565.31,9565.31
Client 27,2026-02-14,2026-03-16,2026-03-28,1484.17,1484.17
Client 32,2026-02-14,2026-03-16,2026-04-07,12120.6,12120.6
Client 35,2026-02-14,2026-04-15,2026-04-28,15916.8,15916.8
Client 36,2026-02-14,2026-03-01,2026-03-07,2893.71,2893.71
Client 39,2026-02-14,2026-03-31,2026-05-07,1040.95,1040.95
Client 04,2026-02-15,2026-04-01,2026-04-21,3669,3669
Client 19,2026-02-15,2026-04-01,2026-04-15,5285.21,5285.21
Client 27,2026-02-15,2026-03-17,2026-03-15,616.39,616.39
Client 34,2026-02-15,2026-04-01,2026-03-28,5457.58,5457.58
Client 40,2026-02-15,2026-04-16,2026-05-03,7176.66,7176.66
Client 26,2026-02-16,2026-03-03,2026-03-01,10565.5,10565.5
Client 38,2026-02-16,2026-03-18,2026-04-15,17994,17994
Client 38,2026-02-16,2026-03-18,2026-05-04,9534.83,9534.83
Client 39,2026-02-16,2026-04-02,2026-05-16,2201.09,2201.09
Client 07,2026-02-17,2026-03-19,2026-04-24,3000.16,3000.16
Client 30,2026-02-17,2026-04-18,2026-05-29,2300.43,2300.43
Client 31,2026-02-17,2026-03-04,2026-04-05,8028.12,8028.12
Client 05,2026-02-18,2026-04-19,2026-05-12,18740.2,18740.2
Client 08,2026-02-18,2026-03-20,2026-04-10,10965.7,10965.7
Client 17,2026-02-18,2026-03-20,2026-03-16,13422,13422
Client 18,2026-02-18,2026-03-20,2026-03-15,2534.08,2534.08
Client 22,2026-02-18,2026-03-20,2026-04-17,5512.26,5512.26
Client 31,2026-02-18,2026-03-05,2026-04-16,3692.94,3692.94
Client 34,2026-02-18,2026-04-04,2026-03-30,8307.87,8307.87
Client 37,2026-02-18,2026-03-20,2026-04-12,7368.61,7368.61
Client 08,2026-02-19,2026-03-21,2026-04-11,9685.29,9685.29
Client 11,2026-02-19,2026-03-06,2026-03-13,9139.02,9139.02
Client 14,2026-02-19,2026-04-05,2026-05-06,12712,12712
Client 01,2026-02-20,2026-03-07,2026-03-02,8229.97,8229.97
Client 02,2026-02-20,2026-03-22,2026-03-18,12310.3,12310.3
Client 06,2026-02-20,2026-03-07,2026-04-16,2840.32,2840.32
Client 09,2026-02-20,2026-04-06,2026-04-06,2605.53,2605.53
Client 35,2026-02-20,2026-04-21,2026-05-05,11924.8,11924.8
Client 35,2026-02-20,2026-04-21,2026-05-02,15589.5,15589.5
Client 16,2026-02-22,2026-03-09,2026-03-28,3681.98,3681.98
Client 19,2026-02-22,2026-04-08,2026-04-25,7588.86,7588.86
Client 30,2026-02-22,2026-04-23,2026-05-16,1285.7,1285.7
Client 33,2026-02-22,2026-03-24,2026-03-30,1900.44,1900.44
Client 36,2026-02-22,2026-03-09,2026-03-29,974.21,974.21
Client 05,2026-02-23,2026-04-24,2026-05-02,15395.7,15395.7
Client 07,2026-02-23,2026-03-25,2026-04-27,4407.99,4407.99
Client 20,2026-02-23,2026-04-24,2026-05-10,17449.8,17449.8
Client 29,2026-02-23,2026-04-09,2026-04-15,14030.5,14030.5
Client 32,2026-02-23,2026-03-25,2026-04-05,15810.2,15810.2
Client 04,2026-02-24,2026-04-10,2026-04-29,3612.76,3612.76
Client 07,2026-02-24,2026-03-26,2026-04-25,4500.22,4500.22
Client 08,2026-02-24,2026-03-26,2026-04-23,11535.5,11535.5
Client 13,2026-02-24,2026-03-26,2026-04-14,5989.38,5989.38
Client 37,2026-02-24,2026-03-26,2026-04-21,6915.1,6915.1
Client 05,2026-02-25,2026-04-26,2026-05-03,12874,12874
Client 14,2026-02-25,2026-04-11,2026-05-06,18580.7,18580.7
Client 20,2026-02-25,2026-04-26,2026-05-06,12805.9,12805.9
Client 23,2026-02-25,2026-03-27,2026-04-30,15010.5,15010.5
Client 26,2026-02-25,2026-03-12,2026-03-10,9603.97,9603.97
Client 30,2026-02-25,2026-04-26,2026-06-11,1355.46,1355.46
Client 03,2026-02-26,2026-03-28,2026-04-06,2866.17,2866.17
Client 10,2026-02-26,2026-04-27,2026-04-22,7944.73,7944.73
Client 12,2026-02-26,2026-03-28,2026-04-03,2411.72,2411.72
Client 14,2026-02-26,2026-04-12,2026-05-11,13734.2,13734.2
Client 23,2026-02-26,2026-03-28,2026-04-28,12476.2,12476.2
Client 38,2026-02-26,2026-03-28,2026-04-27,18809.1,18809.1
Client 39,2026-02-26,2026-04-12,2026-05-15,565.96,565.96
Client 17,2026-02-27,2026-03-29,2026-03-22,16392.9,16392.9
Client 23,2026-02-27,2026-03-29,2026-05-06,14054.7,14054.7
Client 28,2026-02-27,2026-03-29,2026-04-01,3940.11,3940.11
Client 40,2026-02-27,2026-04-28,2026-05-18,7754.15,7754.15
Client 07,2026-02-28,2026-03-30,2026-05-17,4408.83,4408.83
Client 13,2026-02-28,2026-03-30,2026-04-09,3550.2,3550.2
Client 25,2026-02-28,2026-04-29,2026-04-28,5418.05,5418.05
Client 35,2026-02-28,2026-04-29,2026-05-06,14682,14682
Client 02,2026-03-01,2026-03-31,2026-03-31,10675.7,10675.7
Client 05,2026-03-01,2026-04-30,2026-05-09,19728.9,19728.9
Client 15,2026-03-01,2026-04-30,2026-06-06,1981.83,1981.83
Client 18,2026-03-01,2026-03-31,2026-03-23,1097.74,1097.74
Client 23,2026-03-01,2026-03-31,2026-04-29,13057.4,13057.4
Client 08,2026-03-02,2026-04-01,2026-04-22,11826,11826
Client 17,2026-03-02,2026-04-01,2026-03-25,18975.4,18975.4
Client 23,2026-03-02,2026-04-01,2026-05-03,12892.7,5606.8
Client 26,2026-03-02,2026-03-17,2026-03-15,9822.81,9822.81
Client 27,2026-03-02,2026-04-01,2026-04-12,1523,1523
Client 36,2026-03-02,2026-03-17,2026-04-08,2894.51,2894.51
Client 06,2026-03-03,2026-03-18,2026-04-18,784.27,784.27
Client 08,2026-03-03,2026-04-02,2026-04-21,18520.6,18520.6
Client 08,2026-03-03,2026-04-02,2026-05-01,18147.2,18147.2
Client 11,2026-03-03,2026-03-18,2026-03-29,19621.2,19621.2
Client 11,2026-03-03,2026-03-18,2026-03-28,18946.2,18946.2
Client 13,2026-03-03,2026-04-02,2026-04-14,5299.14,5299.14
Client 17,2026-03-03,2026-04-02,2026-03-31,19552.6,19552.6
Client 22,2026-03-03,2026-04-02,2026-05-02,8597.99,8597.99
Client 05,2026-03-04,2026-05-03,2026-05-26,15327.5,15327.5
Client 07,2026-03-04,2026-04-03,2026-05-04,5865.46,5865.46
Client 24,2026-03-04,2026-04-18,2026-05-08,1873.74,1873.74
Client 26,2026-03-04,2026-03-19,2026-03-21,10499.3,10499.3
Client 26,2026-03-04,2026-03-19,2026-03-17,18484.3,18484.3
Client 32,2026-03-04,2026-04-03,2026-04-19,11041.1,11041.1
Client 34,2026-03-04,2026-04-18,2026-04-17,7718.39,7718.39
Client 37,2026-03-04,2026-04-03,2026-04-07,5122.59,5122.59
Client 37,2026-03-04,2026-04-03,2026-04-24,4587.52,4587.52
Client 38,2026-03-04,2026-04-03,2026-05-05,14741.9,14741.9
Client 07,2026-03-05,2026-04-04,2026-05-16,3752.3,3752.3
Client 08,2026-03-05,2026-04-04,2026-04-25,13003.3,13003.3
Client 10,2026-03-05,2026-05-04,2026-05-08,4330.15,4330.15
Client 14,2026-03-05,2026-04-19,2026-05-31,15519.3,15519.3
Client 14,2026-03-05,2026-04-19,2026-05-17,10692.4,10692.4
Client 16,2026-03-05,2026-03-20,2026-04-14,7072.66,7072.66
Client 29,2026-03-05,2026-04-19,2026-05-08,11539.4,9283.09
Client 30,2026-03-05,2026-05-04,2026-06-10,1559.32,1559.32
Client 03,2026-03-06,2026-04-05,2026-04-16,1199.27,1199.27
Client 18,2026-03-06,2026-04-05,2026-04-04,2968.96,2968.96
Client 19,2026-03-06,2026-04-20,2026-04-30,8549.67,8549.67
Client 22,2026-03-06,2026-04-05,2026-04-29,8432.44,8432.44
Client 28,2026-03-06,2026-04-05,2026-04-14,5891.36,5891.36
Client 31,2026-03-06,2026-03-21,2026-04-14,8588.49,8588.49
Client 17,2026-03-07,2026-04-06,2026-04-09,9290.09,9290.09
Client 24,2026-03-07,2026-04-21,2026-05-18,2489.32,2489.32
Client 33,2026-03-07,2026-04-06,2026-04-06,1954.55,1954.55
Client 11,2026-03-08,2026-03-23,2026-04-01,12849.7,12849.7
Client 20,2026-03-08,2026-05-07,2026-05-15,10983,10983
Client 34,2026-03-08,2026-04-22,2026-04-11,3393.27,3393.27
Client 35,2026-03-08,2026-05-07,2026-05-20,9498.77,9498.77
Client 01,2026-03-09,2026-03-24,2026-03-20,8106.19,8106.19
Client 19,2026-03-09,2026-04-23,2026-05-08,6796.01,6796.01
Client 21,2026-03-09,2026-03-24,2026-04-09,2942.29,2942.29
Client 37,2026-03-09,2026-04-08,2026-04-08,8621.91,8621.91
Client 38,2026-03-09,2026-04-08,2026-05-18,17546.5,17546.5
Client 04,2026-03-10,2026-04-24,2026-04-30,4553.06,4553.06
Client 16,2026-03-10,2026-03-25,2026-04-21,3739.94,3739.94
Client 26,2026-03-10,2026-03-25,2026-03-22,16062,16062
Client 30,2026-03-10,2026-05-09,2026-05-26,1632.04,1632.04
Client 34,2026-03-10,2026-04-24,2026-04-23,3033.11,3033.11
Client 14,2026-03-11,2026-04-25,2026-05-27,16774.1,16774.1
Client 20,2026-03-11,2026-05-10,2026-05-17,10246.4,10246.4
Client 20,2026-03-11,2026-05-10,2026-05-20,16462.4,16462.4
Client 22,2026-03-11,2026-04-10,2026-04-26,3449.89,3449.89
Client 24,2026-03-11,2026-04-25,2026-05-12,640.06,640.06
Client 39,2026-03-11,2026-04-25,2026-05-30,2423.92,2423.92
Client 01,2026-03-12,2026-03-27,2026-03-24,4521.78,4521.78
Client 05,2026-03-12,2026-05-11,2026-05-25,16337.1,16337.1
Client 09,2026-03-12,2026-04-26,2026-04-20,2494.94,2494.94
Client 29,2026-03-12,2026-04-26,2026-05-06,16141,16141
Client 05,2026-03-13,2026-05-12,2026-05-22,13312.9,13312.9
Client 09,2026-03-13,2026-04-27,2026-04-26,946.84,480.73
Client 23,2026-03-13,2026-04-12,2026-05-20,18938.1,18938.1
Client 23,2026-03-13,2026-04-12,2026-05-21,13324.8,13324.8
Client 33,2026-03-13,2026-04-12,2026-04-16,2207.8,2207.8
Client 08,2026-03-14,2026-04-13,2026-05-03,12391.3,12391.3
Client 25,2026-03-14,2026-05-13,2026-05-07,5459.56,5459.56
Client 26,2026-03-14,2026-03-29,2026-03-25,19653.4,19653.4
Client 37,2026-03-14,2026-04-13,2026-04-25,5008.97,5008.97
Client 03,2026-03-15,2026-04-14,2026-04-24,560.04,560.04
Client 03,2026-03-15,2026-04-14,2026-04-23,1824.18,1824.18
Client 22,2026-03-15,2026-04-14,2026-05-15,8340.7,8340.7
Client 24,2026-03-15,2026-04-29,2026-05-18,2212.37,1581.46
Client 29,2026-03-15,2026-04-29,2026-05-09,10914.4,10914.4
Client 38,2026-03-15,2026-04-14,2026-05-13,13853.5,11318.9
Client 05,2026-03-16,2026-05-15,2026-05-28,18370.2,18370.2
Client 13,2026-03-16,2026-04-15,2026-05-08,8024.09,8024.09
Client 16,2026-03-16,2026-03-31,2026-04-13,4914.82,4914.82
Client 35,2026-03-16,2026-05-15,2026-05-31,15310.2,15310.2
Client 07,2026-03-17,2026-04-16,2026-05-27,8867.43,8867.43
Client 12,2026-03-17,2026-04-16,2026-04-25,2201.75,2201.75
Client 25,2026-03-17,2026-05-16,2026-05-15,7164.16,7164.16
Client 35,2026-03-17,2026-05-16,2026-06-02,13042.8,13042.8
Client 10,2026-03-18,2026-05-17,2026-05-17,6198.44,6198.44
Client 13,2026-03-18,2026-04-17,2026-05-12,3296.09,3296.09
Client 15,2026-03-18,2026-05-17,2026-06-30,2754.54,2754.54
Client 17,2026-03-18,2026-04-17,2026-04-14,9791.55,9791.55
Client 21,2026-03-18,2026-04-02,2026-04-04,1770.19,1770.19
Client 27,2026-03-18,2026-04-17,2026-04-27,1907.45,1907.45
Client 28,2026-03-18,2026-04-17,2026-04-24,7504.68,7504.68
Client 30,2026-03-18,2026-05-17,2026-06-22,910.65,910.65
Client 32,2026-03-18,2026-04-17,2026-04-30,15099.1,15099.1
Client 06,2026-03-19,2026-04-03,2026-05-15,1467.3,1467.3
Client 11,2026-03-19,2026-04-03,2026-04-21,13999.6,13999.6
Client 12,2026-03-19,2026-04-18,2026-05-01,1992.27,1992.27
Client 14,2026-03-19,2026-05-03,2026-06-16,9332.45,9332.45
Client 28,2026-03-19,2026-04-18,2026-04-29,4259.24,3686.32
Client 29,2026-03-19,2026-05-03,2026-05-25,11817.6,11817.6
Client 34,2026-03-19,2026-05-03,2026-05-02,7425.59,7425.59
Client 34,2026-03-19,2026-05-03,2026-05-02,6047.8,6047.8
Client 01,2026-03-20,2026-04-04,2026-04-01,3226.27,3226.27
Client 32,2026-03-20,2026-04-19,2026-05-19,16497.8,16497.8
Client 02,2026-03-21,2026-04-20,2026-04-13,19098.4,19098.4
Client 07,2026-03-21,2026-04-20,2026-05-18,3610.82,3610.82
Client 10,2026-03-21,2026-05-20,2026-05-16,8831.9,8831.9
Client 11,2026-03-21,2026-04-05,2026-04-18,11218.5,11218.5
Client 14,2026-03-21,2026-05-05,2026-06-05,10159.5,10159.5
Client 19,2026-03-21,2026-05-05,2026-05-10,5291.25,5291.25
Client 31,2026-03-21,2026-04-05,2026-05-08,6788.36,6788.36
Client 40,2026-03-21,2026-05-20,2026-06-09,7736.8,7736.8
Client 05,2026-03-22,2026-05-21,2026-06-02,13722.5,13722.5
Client 31,2026-03-22,2026-04-06,2026-05-15,5545.73,5545.73
Client 32,2026-03-22,2026-04-21,2026-05-02,9745.7,7704.59
Client 32,2026-03-22,2026-04-21,2026-05-07,13825.9,13825.9
Client 38,2026-03-22,2026-04-21,2026-05-24,16952.2,16952.2
Client 04,2026-03-23,2026-05-07,2026-05-12,5388.24,1942.1
Client 06,2026-03-23,2026-04-07,2026-05-09,1766.47,1766.47
Client 08,2026-03-23,2026-04-22,2026-05-08,19129.3,19129.3
Client 38,2026-03-23,2026-04-22,2026-06-08,19691.8,19691.8
Client 40,2026-03-23,2026-05-22,2026-06-03,7538.15,7538.15
Client 04,2026-03-24,2026-05-08,2026-05-22,8586.92,8586.92
Client 12,2026-03-24,2026-04-23,2026-05-05,1102.86,1102.86
Client 23,2026-03-24,2026-04-23,2026-05-27,13651.1,13651.1
Client 33,2026-03-24,2026-04-23,2026-04-22,783.82,783.82
Client 37,2026-03-24,2026-04-23,2026-04-30,5841.9,5841.9
Client 40,2026-03-24,2026-05-23,2026-06-16,5766.86,5766.86
Client 02,2026-03-25,2026-04-24,2026-04-27,15861.4,15861.4
Client 04,2026-03-25,2026-05-09,2026-05-28,3940.45,3940.45
Client 05,2026-03-25,2026-05-24,2026-05-26,10037.2,10037.2
Client 08,2026-03-25,2026-04-24,2026-05-15,17362.2,17362.2
Client 09,2026-03-25,2026-05-09,2026-05-04,835.2,835.2
Client 13,2026-03-25,2026-04-24,2026-05-05,3844.78,3844.78
Client 26,2026-03-25,2026-04-09,2026-04-06,19595.2,19595.2
Client 39,2026-03-25,2026-05-09,2026-06-13,1513.3,1513.3
Client 02,2026-03-26,2026-04-25,2026-04-25,19492.4,19492.4
Client 07,2026-03-26,2026-04-25,2026-05-23,5432,5432
Client 10,2026-03-26,2026-05-25,2026-05-25,7056.51,7056.51
Client 29,2026-03-26,2026-05-10,2026-05-24,19802.8,19802.8
Client 33,2026-03-26,2026-04-25,2026-04-21,2158.76,2158.76
Client 38,2026-03-26,2026-04-25,2026-05-15,14456.5,14456.5
Client 01,2026-03-27,2026-04-11,2026-04-06,8176.23,8176.23
Client 19,2026-03-27,2026-05-11,2026-05-28,4228.67,3641.73
Client 22,2026-03-27,2026-04-26,2026-05-19,3338.73,3338.73
Client 26,2026-03-27,2026-04-11,2026-04-05,9354.1,9354.1
Client 28,2026-03-27,2026-04-26,2026-05-13,6689.8,6689.8
Client 39,2026-03-27,2026-05-11,2026-06-24,2528.98,2528.98
Client 16,2026-03-28,2026-04-12,2026-04-30,5801.75,5801.75
Client 19,2026-03-28,2026-05-12,2026-05-30,8203.51,8203.51
Client 20,2026-03-28,2026-05-27,2026-06-13,9341.48,3578.58
Client 21,2026-03-28,2026-04-12,2026-04-15,902.35,902.35
Client 25,2026-03-28,2026-05-27,2026-05-24,7160.97,7160.97
Client 27,2026-03-28,2026-04-27,2026-05-10,1467.44,1467.44
Client 30,2026-03-28,2026-05-27,2026-06-28,2428.61,2428.61
Client 36,2026-03-28,2026-04-12,2026-04-30,2592.06,2592.06
Client 40,2026-03-28,2026-05-27,2026-06-19,7874.95,7874.95
Client 02,2026-04-01,2026-05-01,2026-04-28,17641.1,17641.1
Client 04,2026-04-01,2026-05-16,2026-06-01,4202.09,4202.09
Client 06,2026-04-01,2026-04-16,2026-05-17,1145.2,1145.2
Client 14,2026-04-01,2026-05-16,2026-06-19,14597.7,14597.7
Client 23,2026-04-01,2026-05-01,2026-05-31,10594,10594
Client 35,2026-04-01,2026-05-31,2026-05-29,14834.2,14834.2
Client 37,2026-04-01,2026-05-01,2026-05-17,8696.38,8696.38
Client 40,2026-04-01,2026-05-31,2026-06-10,3071.65,3071.65
Client 06,2026-04-02,2026-04-17,2026-05-19,654.92,654.92
Client 11,2026-04-02,2026-04-17,2026-04-25,12493.6,12493.6
Client 11,2026-04-02,2026-04-17,2026-05-07,19094.2,19094.2
Client 12,2026-04-02,2026-05-02,2026-05-13,1373.83,1373.83
Client 16,2026-04-02,2026-04-17,2026-05-04,6438.18,6438.18
Client 29,2026-04-02,2026-05-17,2026-06-05,15081.8,15081.8
Client 07,2026-04-03,2026-05-03,2026-06-15,6802.27,6802.27
Client 16,2026-04-03,2026-04-18,2026-04-28,6806.34,6806.34
Client 17,2026-04-03,2026-05-03,2026-04-27,13456.4,13456.4
Client 19,2026-04-03,2026-05-18,2026-05-31,5508.69,5508.69
Client 24,2026-04-03,2026-05-18,2026-06-09,779.44,779.44
Client 25,2026-04-03,2026-06-02,2026-05-27,7236.98,4702.27
Client 26,2026-04-03,2026-04-18,2026-04-16,15737,15737
Client 40,2026-04-03,2026-06-02,2026-06-16,8214.58,8214.58
Client 08,2026-04-04,2026-05-04,2026-05-23,16297,16297
Client 23,2026-04-04,2026-05-04,2026-06-15,12728.1,12728.1
Client 26,2026-04-04,2026-04-19,2026-04-20,18050.7,18050.7
Client 36,2026-04-04,2026-04-19,2026-04-20,1210.54,1210.54
Client 38,2026-04-04,2026-05-04,2026-05-08,18748,18748
Client 39,2026-04-04,2026-05-19,2026-06-22,1007.23,1007.23
Client 08,2026-04-05,2026-05-05,2026-05-28,13833.7,13833.7
Client 19,2026-04-05,2026-05-20,2026-05-27,4071.71,4071.71
Client 23,2026-04-05,2026-05-05,2026-06-08,15518.3,15518.3
Client 25,2026-04-05,2026-06-04,2026-05-28,7083.53,7083.53
Client 35,2026-04-05,2026-06-04,2026-06-15,16518.7,16518.7
Client 36,2026-04-05,2026-04-20,2026-05-02,2034.28,2034.28
Client 40,2026-04-05,2026-06-04,2026-06-23,3015.1,3015.1
Client 02,2026-04-06,2026-05-06,2026-05-01,11015.5,11015.5
Client 14,2026-04-07,2026-05-22,2026-06-17,11198.4,11198.4
Client 19,2026-04-07,2026-05-22,2026-05-29,8491.09,8491.09
Client 01,2026-04-08,2026-04-23,2026-04-21,4573.52,4573.52
Client 03,2026-04-08,2026-05-08,2026-05-20,2585.57,2585.57
Client 06,2026-04-08,2026-04-23,2026-06-03,2173.45,2173.45
Client 14,2026-04-08,2026-05-23,2026-07-02,17053.2,17053.2
Client 23,2026-04-08,2026-05-08,2026-06-11,17413.2,17413.2
Client 23,2026-04-08,2026-05-08,2026-06-14,18818.7,18818.7
Client 25,2026-04-08,2026-06-07,2026-06-12,7104.21,7104.21
Client 25,2026-04-08,2026-06-07,2026-06-06,5496.48,5496.48
Client 29,2026-04-08,2026-05-23,2026-06-02,10108.8,10108.8
Client 38,2026-04-08,2026-05-08,2026-06-03,9305.93,9305.93
Client 39,2026-04-08,2026-05-23,2026-06-28,2596.88,2596.88
Client 01,2026-04-09,2026-04-24,2026-04-12,6979.58,6979.58
Client 05,2026-04-09,2026-06-08,2026-06-22,14934.2,14934.2
Client 05,2026-04-09,2026-06-08,2026-06-17,15740,15740
Client 22,2026-04-09,2026-05-09,2026-06-10,3309.33,3309.33
Client 34,2026-04-09,2026-05-24,2026-05-19,6235.45,6235.45
Client 16,2026-04-10,2026-04-25,2026-05-15,8503.02,8503.02
Client 17,2026-04-10,2026-05-10,2026-05-09,15053.2,15053.2
Client 02,2026-04-11,2026-05-11,2026-05-10,16388.1,16388.1
Client 20,2026-04-11,2026-06-10,2026-06-21,19639.7,19639.7
Client 26,2026-04-11,2026-04-26,2026-04-24,15208.8,15208.8
Client 28,2026-04-11,2026-05-11,2026-05-13,8307.28,8307.28
Client 28,2026-04-11,2026-05-11,2026-05-24,4990.51,4990.51
Client 29,2026-04-11,2026-05-26,2026-06-05,19867.5,19867.5
Client 21,2026-04-12,2026-04-27,2026-05-13,525.64,525.64
Client 23,2026-04-12,2026-05-12,2026-06-17,17582,17582
Client 24,2026-04-12,2026-05-27,2026-06-06,598.94,598.94
Client 24,2026-04-12,2026-05-27,2026-06-12,2229.5,2229.5
Client 25,2026-04-12,2026-06-11,2026-06-12,4494.77,4494.77
Client 26,2026-04-12,2026-04-27,2026-04-27,11587.6,11587.6
Client 27,2026-04-12,2026-05-12,2026-05-15,1005.76,1005.76
Client 30,2026-04-12,2026-06-11,2026-07-21,2132.92,2132.92
Client 31,2026-04-12,2026-04-27,2026-06-11,3895.99,3895.99
Client 29,2026-04-13,2026-05-28,2026-06-07,10757,10757
Client 32,2026-04-13,2026-05-13,2026-05-27,17882.5,17882.5
Client 07,2026-04-14,2026-05-14,2026-06-21,8455.68,8455.68
Client 11,2026-04-14,2026-04-29,2026-05-24,15007.6,15007.6
Client 12,2026-04-14,2026-05-14,2026-05-23,1971.38,1971.38
Client 15,2026-04-14,2026-06-13,2026-07-25,2290.58,2290.58
Client 20,2026-04-14,2026-06-13,2026-06-28,12431.4,12431.4
Client 37,2026-04-14,2026-05-14,2026-05-20,3560.68,2951.72
Client 03,2026-04-15,2026-05-15,2026-05-22,1205.9,1205.9
Client 20,2026-04-15,2026-06-14,2026-06-18,10219.9,10219.9
Client 21,2026-04-15,2026-04-30,2026-05-05,984.62,984.62
Client 17,2026-04-16,2026-05-16,2026-05-11,14429,14429
Client 26,2026-04-16,2026-05-01,2026-04-29,12718.5,12718.5
Client 31,2026-04-16,2026-05-01,2026-06-03,5405.13,5405.13
Client 39,2026-04-16,2026-05-31,2026-07-04,1039.88,1039.88
Client 40,2026-04-16,2026-06-15,2026-06-29,8330.28,8330.28
Client 02,2026-04-17,2026-05-17,2026-05-10,15992.5,11162.6
Client 07,2026-04-17,2026-05-17,2026-06-24,8620.14,5381.96
Client 09,2026-04-17,2026-06-01,2026-05-29,2076.1,2076.1
Client 10,2026-04-17,2026-06-16,2026-06-14,7785.22,7785.22
Client 18,2026-04-17,2026-05-17,2026-05-15,517.21,517.21
Client 31,2026-04-17,2026-05-02,2026-06-04,5965.9,5965.9
Client 33,2026-04-17,2026-05-17,2026-05-14,915.47,915.47
Client 33,2026-04-17,2026-05-17,2026-05-15,2372.79,2372.79
Client 34,2026-04-17,2026-06-01,2026-05-30,7436.19,7436.19
Client 01,2026-04-18,2026-05-03,2026-04-28,4796.36,4796.36
Client 02,2026-04-18,2026-05-18,2026-05-15,18537.2,18537.2
Client 03,2026-04-18,2026-05-18,2026-06-02,1346.31,1346.31
Client 29,2026-04-18,2026-06-02,2026-06-06,11340.4,11340.4
Client 09,2026-04-19,2026-06-03,2026-06-01,1152.12,1152.12
Client 09,2026-04-19,2026-06-03,2026-06-01,2905.94,2905.94
Client 11,2026-04-19,2026-05-04,2026-05-01,18257.2,10636.5
Client 31,2026-04-19,2026-05-04,2026-06-17,5198.5,5198.5
Client 33,2026-04-19,2026-05-19,2026-05-19,1637.1,1637.1
Client 34,2026-04-19,2026-06-03,2026-06-02,8385.47,8385.47
Client 08,2026-04-20,2026-05-20,2026-06-04,12627.7,12627.7
Client 10,2026-04-20,2026-06-19,2026-06-16,8400.3,8400.3
Client 18,2026-04-20,2026-05-20,2026-05-16,2933.54,2933.54
Client 27,2026-04-20,2026-05-20,2026-06-14,1461.63,1461.63
Client 29,2026-04-20,2026-06-04,2026-06-15,10276,10276
Client 33,2026-04-20,2026-05-20,2026-05-17,1501.2,1501.2
Client 02,2026-04-21,2026-05-21,2026-05-20,11311.3,11311.3
Client 04,2026-04-21,2026-06-05,2026-06-30,5852.05,5852.05
Client 10,2026-04-21,2026-06-20,2026-06-20,4403.79,4403.79
Client 16,2026-04-21,2026-05-06,2026-05-27,3959.25,3959.25
Client 21,2026-04-21,2026-05-06,2026-05-16,2839.27,2839.27
Client 32,2026-04-21,2026-05-21,2026-06-01,17455.2,17455.2
Client 32,2026-04-21,2026-05-21,2026-06-01,11552.9,11552.9
Client 02,2026-04-22,2026-05-22,2026-05-17,15785.6,15785.6
Client 04,2026-04-22,2026-06-06,2026-06-21,3204.83,3204.83
Client 11,2026-04-22,2026-05-07,2026-06-06,18679.8,18679.8
Client 14,2026-04-22,2026-06-06,2026-07-04,16757.3,16757.3
Client 35,2026-04-22,2026-06-21,2026-07-01,12590.7,12590.7
Client 36,2026-04-22,2026-05-07,2026-05-30,1616.27,1616.27
Client 07,2026-04-23,2026-05-23,2026-06-27,5574.39,5574.39
Client 21,2026-04-23,2026-05-08,2026-05-16,2851.48,2851.48
Client 23,2026-04-23,2026-05-23,2026-07-01,11272.2,11272.2
Client 32,2026-04-23,2026-05-23,2026-06-01,11078,11078
Client 38,2026-04-23,2026-05-23,2026-06-14,10554.8,10554.8
Client 08,2026-04-24,2026-05-24,2026-06-05,15538.7,15538.7
Client 07,2026-04-25,2026-05-25,2026-07-02,4432.52,4432.52
Client 27,2026-04-25,2026-05-25,2026-06-08,698.66,698.66
Client 32,2026-04-25,2026-05-25,2026-06-10,9411.76,9411.76
Client 38,2026-04-25,2026-05-25,2026-06-29,17780.4,17780.4
Client 39,2026-04-25,2026-06-09,2026-07-19,1383.17,1383.17
Client 11,2026-04-26,2026-05-11,2026-05-22,16628.5,14522.6
Client 22,2026-04-26,2026-05-26,2026-06-27,4075.88,4075.88
Client 28,2026-04-26,2026-05-26,2026-06-04,7338.66,7338.66
Client 31,2026-04-26,2026-05-11,2026-06-19,6255.01,6255.01
Client 32,2026-04-26,2026-05-26,2026-06-11,9719.82,9719.82
Client 05,2026-04-27,2026-06-26,2026-07-05,12881.1,12881.1
Client 09,2026-04-27,2026-06-11,2026-06-01,2230.29,2230.29
Client 13,2026-04-27,2026-05-27,2026-06-01,7126.68,7126.68
Client 14,2026-04-27,2026-06-11,2026-07-10,12967.2,12967.2
Client 26,2026-04-27,2026-05-12,2026-05-13,15212.6,15212.6
Client 37,2026-04-27,2026-05-27,2026-06-09,6234.61,6234.61
Client 04,2026-04-28,2026-06-12,2026-06-29,6284.06,6284.06
Client 12,2026-04-28,2026-05-28,2026-06-04,1503.64,1503.64
Client 13,2026-04-28,2026-05-28,2026-06-11,5129.82,5129.82
Client 15,2026-04-28,2026-06-27,2026-07-31,2125.3,2125.3
Client 22,2026-04-28,2026-05-28,2026-07-01,6216.74,6216.74
Client 24,2026-04-28,2026-06-12,2026-06-23,2920.7,2920.7
Client 30,2026-04-28,2026-06-27,2026-08-06,1068.14,1068.14
Client 38,2026-04-28,2026-05-28,2026-06-25,12486.5,12486.5
Client 01,2026-05-01,2026-05-16,2026-05-14,5934.86,5934.86
Client 13,2026-05-01,2026-05-31,2026-06-05,4498.1,4498.1
Client 19,2026-05-01,2026-06-15,2026-06-28,3754.13,3754.13
Client 20,2026-05-01,2026-06-30,2026-07-17,12858.2,12858.2
Client 02,2026-05-02,2026-06-01,2026-05-30,12476.3,12476.3
Client 14,2026-05-02,2026-06-16,2026-08-04,12042.8,12042.8
Client 18,2026-05-02,2026-06-01,2026-05-31,781.26,781.26
Client 21,2026-05-02,2026-05-17,2026-05-31,1787.59,1787.59
Client 25,2026-05-02,2026-07-01,2026-07-01,3318.42,3318.42
Client 33,2026-05-02,2026-06-01,2026-05-31,2025.19,2025.19
Client 39,2026-05-02,2026-06-16,2026-08-03,1300.31,1300.31
Client 07,2026-05-03,2026-06-02,2026-07-14,6893.15,5459.82
Client 15,2026-05-03,2026-07-02,2026-08-05,1264.08,1264.08
Client 17,2026-05-03,2026-06-02,2026-05-29,11008.4,11008.4
Client 21,2026-05-03,2026-05-18,2026-05-25,1023.16,1023.16
Client 26,2026-05-03,2026-05-18,2026-05-17,19593,19593
Client 34,2026-05-03,2026-06-17,2026-06-13,4921.84,4921.84
Client 37,2026-05-03,2026-06-02,2026-06-01,5158.6,5158.6
Client 09,2026-05-04,2026-06-18,2026-06-17,2868.62,2868.62
Client 17,2026-05-04,2026-06-03,2026-05-27,15773.1,15773.1
Client 19,2026-05-04,2026-06-18,2026-07-07,6556.01,6556.01
Client 33,2026-05-04,2026-06-03,2026-06-03,2869.36,2869.36
Client 08,2026-05-05,2026-06-04,2026-06-17,17578.4,17578.4
Client 16,2026-05-05,2026-05-20,2026-06-07,4467.65,4467.65
Client 23,2026-05-05,2026-06-04,2026-07-12,15497,15497
Client 02,2026-05-06,2026-06-05,2026-06-05,16002,16002
Client 04,2026-05-06,2026-06-20,2026-06-19,4714.54,4714.54
Client 11,2026-05-06,2026-05-21,2026-05-25,14390,14390
Client 14,2026-05-06,2026-06-20,2026-07-22,15214.6,15214.6
Client 23,2026-05-06,2026-06-05,2026-07-12,16492.4,16492.4
Client 20,2026-05-07,2026-07-06,2026-07-21,16152.6,16152.6
Client 22,2026-05-07,2026-06-06,2026-07-07,3792.38,3792.38
Client 23,2026-05-07,2026-06-06,2026-07-15,19415,19415
Client 35,2026-05-07,2026-07-06,2026-07-26,18303.1,18303.1
Client 06,2026-05-08,2026-05-23,2026-06-22,1343.73,1343.73
Client 40,2026-05-08,2026-07-07,2026-07-22,6892.29,6892.29
Client 07,2026-05-09,2026-06-08,2026-07-14,4492.82,4492.82
Client 31,2026-05-09,2026-05-24,2026-07-08,6026.76,6026.76
Client 38,2026-05-09,2026-06-08,2026-07-10,9196.16,9196.16
Client 05,2026-05-10,2026-07-09,2026-07-21,11204.9,11204.9
Client 22,2026-05-10,2026-06-09,2026-07-27,8409.19,8409.19
Client 37,2026-05-10,2026-06-09,2026-07-01,8059.7,8059.7
Client 17,2026-05-11,2026-06-10,2026-06-03,12107.7,12107.7
Client 24,2026-05-11,2026-06-25,2026-07-08,1292.29,876.19
Client 35,2026-05-11,2026-07-10,2026-07-29,13325,13325
Client 39,2026-05-11,2026-06-25,2026-07-31,1313.66,1313.66
Client 05,2026-05-12,2026-07-11,2026-07-31,11656.4,11656.4
Client 10,2026-05-12,2026-07-11,2026-07-09,5631.38,5631.38
Client 29,2026-05-12,2026-06-26,2026-07-13,17708.8,17708.8
Client 31,2026-05-12,2026-05-27,2026-07-03,5318.3,5318.3
Client 36,2026-05-12,2026-05-27,2026-06-06,2279.56,2279.56
Client 36,2026-05-12,2026-05-27,2026-06-01,1505.82,1505.82
Client 40,2026-05-12,2026-07-11,2026-07-26,8759.53,8759.53
Client 01,2026-05-13,2026-05-28,2026-05-28,5596.6,5596.6
Client 02,2026-05-13,2026-06-12,2026-06-10,14512.6,14512.6
Client 16,2026-05-13,2026-05-28,2026-06-09,3163.38,3163.38
Client 18,2026-05-13,2026-06-12,2026-06-08,1770.65,1770.65
Client 19,2026-05-13,2026-06-27,2026-07-09,6609.91,6609.91
Client 20,2026-05-13,2026-07-12,2026-07-31,17259.5,17259.5
Client 24,2026-05-13,2026-06-27,2026-07-08,2126.94,2126.94
Client 27,2026-05-13,2026-06-12,2026-06-23,1789.4,1789.4
Client 32,2026-05-13,2026-06-12,2026-06-24,14805,14805
Client 38,2026-05-13,2026-06-12,2026-07-20,17532.2,17532.2
Client 02,2026-05-14,2026-06-13,2026-06-07,16557.8,16557.8
Client 12,2026-05-14,2026-06-13,2026-06-20,1405.73,1405.73
Client 13,2026-05-14,2026-06-13,2026-07-06,8774.61,8774.61
Client 15,2026-05-14,2026-07-13,2026-08-22,1305.38,1305.38
Client 28,2026-05-14,2026-06-13,2026-07-02,8606.36,8606.36
Client 30,2026-05-14,2026-07-13,2026-08-13,2203.39,2203.39
Client 01,2026-05-15,2026-05-30,2026-05-25,8582.45,8582.45
Client 07,2026-05-15,2026-06-14,2026-07-23,3783.8,3783.8
Client 34,2026-05-15,2026-06-29,2026-06-25,5563.77,5563.77
Client 35,2026-05-15,2026-07-14,2026-07-31,18194.2,18194.2
Client 25,2026-05-16,2026-07-15,2026-07-10,8536.48,8536.48
Client 32,2026-05-16,2026-06-15,2026-06-23,10415.1,10415.1
Client 40,2026-05-16,2026-07-15,2026-07-30,5399.46,5399.46
Client 20,2026-05-17,2026-07-16,2026-07-19,15338.6,15338.6
Client 28,2026-05-17,2026-06-16,2026-06-26,6499.16,6499.16
Client 01,2026-05-18,2026-06-02,2026-06-05,4167.99,4167.99
Client 07,2026-05-18,2026-06-17,2026-08-01,4801.11,4801.11
Client 11,2026-05-18,2026-06-02,2026-06-11,11784.6,11784.6
Client 14,2026-05-18,2026-07-02,2026-07-21,15254,15254
Client 17,2026-05-18,2026-06-17,2026-06-12,13908.1,13908.1
Client 19,2026-05-18,2026-07-02,2026-07-05,4381.64,4381.64
Client 22,2026-05-18,2026-06-17,2026-07-21,7873.76,7873.76
Client 32,2026-05-18,2026-06-17,2026-07-08,13127,13127
Client 04,2026-05-19,2026-07-03,,7271.36,
Client 04,2026-05-19,2026-07-03,2026-07-12,7407.74,7407.74
Client 09,2026-05-19,2026-07-03,2026-06-29,2567.91,2567.91
Client 12,2026-05-19,2026-06-18,2026-07-04,609.53,609.53
Client 18,2026-05-19,2026-06-18,2026-06-17,579.55,579.55
Client 30,2026-05-19,2026-07-18,2026-08-25,1259.29,1259.29
Client 08,2026-05-20,2026-06-19,2026-07-04,10573.7,10573.7
Client 15,2026-05-20,2026-07-19,2026-08-31,1073.55,1073.55
Client 26,2026-05-20,2026-06-04,2026-06-02,17382.1,17382.1
Client 28,2026-05-20,2026-06-19,2026-07-14,6539.67,6539.67
Client 38,2026-05-20,2026-06-19,2026-07-25,15792.4,15792.4
Client 03,2026-05-21,2026-06-20,2026-06-30,1377.62,1377.62
Client 05,2026-05-21,2026-07-20,2026-07-28,19361.4,19361.4
Client 13,2026-05-21,2026-06-20,2026-07-08,7260.81,7260.81
Client 27,2026-05-21,2026-06-20,2026-06-27,2575.22,2575.22
Client 36,2026-05-21,2026-06-05,2026-06-19,1846.15,1846.15
Client 03,2026-05-22,2026-06-21,2026-06-30,1863.75,1863.75
Client 05,2026-05-22,2026-07-21,2026-08-04,13480.5,13480.5
Client 08,2026-05-22,2026-06-21,2026-07-01,14952.3,14952.3
Client 11,2026-05-23,2026-06-07,2026-06-24,15776.6,15776.6
Client 11,2026-05-23,2026-06-07,2026-06-16,10170.8,10170.8
Client 17,2026-05-23,2026-06-22,2026-06-22,18786.2,18786.2
Client 23,2026-05-23,2026-06-22,2026-07-28,17762.5,17762.5
Client 32,2026-05-23,2026-06-22,2026-06-30,16937.5,16937.5
Client 25,2026-05-24,2026-07-23,2026-07-18,5676.54,5676.54
Client 34,2026-05-24,2026-07-08,2026-07-06,7742.67,7742.67
Client 36,2026-05-24,2026-06-08,2026-06-18,2134.93,2134.93
Client 37,2026-05-24,2026-06-23,2026-07-07,6717.99,6717.99
Client 10,2026-05-25,2026-07-24,2026-07-20,5780.48,5780.48
Client 24,2026-05-25,2026-07-09,2026-07-26,1438.77,1438.77
Client 26,2026-05-25,2026-06-09,2026-06-04,15172.6,15172.6
Client 28,2026-05-25,2026-06-24,2026-07-06,6163.89,6163.89
Client 29,2026-05-25,2026-07-09,2026-07-14,15211.5,15211.5
Client 29,2026-05-25,2026-07-09,2026-07-13,18853,18853
Client 31,2026-05-25,2026-06-09,2026-07-29,8031.32,8031.32
Client 33,2026-05-25,2026-06-24,2026-06-22,559.33,559.33
Client 34,2026-05-25,2026-07-09,2026-07-06,5363.54,5363.54
Client 03,2026-05-26,2026-06-25,2026-07-10,1018.15,1018.15
Client 05,2026-05-26,2026-07-25,2026-08-01,18051.2,18051.2
Client 19,2026-05-26,2026-07-10,2026-07-26,5535.16,5535.16
Client 34,2026-05-26,2026-07-10,2026-07-06,6426.7,6426.7
Client 05,2026-05-27,2026-07-26,2026-08-15,9889.3,9889.3
Client 10,2026-05-27,2026-07-26,2026-07-21,4707.4,4707.4
Client 11,2026-05-27,2026-06-11,2026-06-15,10191.5,10191.5
Client 12,2026-05-27,2026-06-26,2026-07-06,1879.15,1879.15
Client 18,2026-05-27,2026-06-26,2026-06-21,1151.86,1151.86
Client 20,2026-05-27,2026-07-26,2026-08-10,10376.6,10376.6
Client 27,2026-05-27,2026-06-26,2026-07-13,2786.14,2786.14
Client 06,2026-05-28,2026-06-12,2026-07-18,2720.89,2720.89
Client 08,2026-05-28,2026-06-27,2026-07-13,13003.4,13003.4
Client 09,2026-05-28,2026-07-12,2026-07-10,901.04,901.04
Client 11,2026-05-28,2026-06-12,2026-06-17,14814.7,14814.7
Client 16,2026-05-28,2026-06-12,2026-06-26,7279.37,7279.37
Client 19,2026-05-28,2026-07-12,2026-07-29,6987.41,6987.41
Client 20,2026-05-28,2026-07-27,2026-08-03,17305.5,17305.5
Client 29,2026-05-28,2026-07-12,2026-07-20,17640.1,17640.1
Client 29,2026-05-28,2026-07-12,2026-08-04,18488.2,18488.2
Client 31,2026-05-28,2026-06-12,2026-07-21,8899.67,8899.67
Client 38,2026-05-28,2026-06-27,2026-08-12,14822.9,14822.9
Client 40,2026-05-28,2026-07-27,2026-08-03,3562.95,3562.95
Client 05,2026-06-01,2026-07-31,2026-08-04,9299.79,9299.79
Client 06,2026-06-01,2026-06-16,2026-07-14,1003.92,1003.92
Client 10,2026-06-01,2026-07-31,2026-07-24,7833.46,7833.46
Client 11,2026-06-01,2026-06-16,2026-06-28,10866.1,10866.1
Client 15,2026-06-01,2026-07-31,2026-08-31,995.21,995.21
Client 16,2026-06-01,2026-06-16,2026-06-29,8440.04,8440.04
Client 26,2026-06-01,2026-06-16,2026-06-13,17587.5,17587.5
Client 08,2026-06-02,2026-07-02,2026-07-18,9359.36,9359.36
Client 09,2026-06-02,2026-07-17,2026-07-11,595.17,595.17
Client 21,2026-06-02,2026-06-17,2026-06-29,836.85,836.85
Client 37,2026-06-02,2026-07-02,2026-07-08,5864.81,5864.81
Client 38,2026-06-02,2026-07-02,2026-08-15,12986.3,12986.3
Client 04,2026-06-03,2026-07-18,2026-08-03,4112.51,4112.51
Client 15,2026-06-03,2026-08-02,2026-08-31,2667.63,2667.63
Client 19,2026-06-03,2026-07-18,2026-07-26,3521.07,3521.07
Client 20,2026-06-03,2026-08-02,2026-08-18,14708.3,14708.3
Client 38,2026-06-03,2026-07-03,2026-08-06,19160.2,19160.2
Client 18,2026-06-04,2026-07-04,2026-07-03,1428.71,1428.71
Client 20,2026-06-04,2026-08-03,2026-08-14,17226.7,5937.81
Client 31,2026-06-04,2026-06-19,2026-07-27,7357.77,7357.77
Client 37,2026-06-04,2026-07-04,2026-07-15,6198.67,6198.67
Client 38,2026-06-04,2026-07-04,2026-08-08,12330,12330
Client 17,2026-06-05,2026-07-05,2026-07-07,18935.6,18935.6
Client 23,2026-06-05,2026-07-05,2026-08-24,11750.8,11750.8
Client 29,2026-06-05,2026-07-20,2026-08-08,17881.5,17881.5
Client 29,2026-06-05,2026-07-20,2026-08-04,15307.6,15307.6
Client 35,2026-06-05,2026-08-04,2026-08-14,13707.2,13707.2
Client 09,2026-06-06,2026-07-21,2026-07-25,1775.41,1775.41
Client 16,2026-06-06,2026-06-21,2026-07-11,3637.75,3637.75
Client 18,2026-06-06,2026-07-06,2026-07-04,2723.58,2723.58
Client 25,2026-06-06,2026-08-05,2026-08-03,7696.79,7696.79
Client 38,2026-06-06,2026-07-06,2026-07-21,9338.94,9338.94
Client 39,2026-06-06,2026-07-21,2026-08-31,897.73,897.73
Client 06,2026-06-07,2026-06-22,2026-08-03,1102.78,1102.78
Client 09,2026-06-07,2026-07-22,2026-07-16,1133.74,1133.74
Client 19,2026-06-07,2026-07-22,2026-07-25,3963.43,3963.43
Client 26,2026-06-07,2026-06-22,2026-06-22,16269.9,16269.9
Client 38,2026-06-07,2026-07-07,2026-08-30,13325.2,13325.2
Client 14,2026-06-08,2026-07-23,2026-08-28,9166.51,9166.51
Client 14,2026-06-08,2026-07-23,2026-08-25,18037.5,18037.5
Client 22,2026-06-08,2026-07-08,2026-08-17,6403.36,6403.36
Client 38,2026-06-08,2026-07-08,2026-08-02,12417.5,12417.5
Client 06,2026-06-09,2026-06-24,2026-08-03,1487.34,1487.34
Client 10,2026-06-09,2026-08-08,2026-08-10,6997.02,6997.02
Client 14,2026-06-09,2026-07-24,2026-08-08,16270,16270
Client 30,2026-06-09,2026-08-08,2026-08-31,818.5,818.5
Client 12,2026-06-10,2026-07-10,2026-07-20,1697.87,1697.87
Client 35,2026-06-10,2026-08-09,,12083.9,
Client 39,2026-06-10,2026-07-25,2026-08-31,920.51,920.51
Client 01,2026-06-11,2026-06-26,2026-06-27,3249.95,3249.95
Client 11,2026-06-11,2026-06-26,2026-07-18,11112.6,11112.6
Client 29,2026-06-11,2026-07-26,2026-08-03,14797.5,14797.5
Client 34,2026-06-11,2026-07-26,2026-07-25,5992.01,5992.01
Client 02,2026-06-12,2026-07-12,2026-07-05,19114.3,19114.3
Client 05,2026-06-12,2026-08-11,2026-08-25,11451.7,11451.7
Client 11,2026-06-12,2026-06-27,2026-07-02,16840.1,16840.1
Client 17,2026-06-12,2026-07-12,2026-07-09,9681.97,9681.97
Client 03,2026-06-13,2026-07-13,2026-07-19,2889.67,2889.67
Client 07,2026-06-13,2026-07-13,2026-08-21,6962.79,3209.33
Client 07,2026-06-13,2026-07-13,2026-08-31,6242.37,6242.37
Client 23,2026-06-13,2026-07-13,2026-08-31,10457.3,10457.3
Client 28,2026-06-13,2026-07-13,2026-07-30,6209.22,6209.22
Client 36,2026-06-13,2026-06-28,2026-07-17,939.37,939.37
Client 01,2026-06-14,2026-06-29,2026-06-27,8855.47,8855.47
Client 08,2026-06-14,2026-07-14,2026-07-29,13259.2,13259.2
Client 24,2026-06-14,2026-07-29,2026-08-14,2669.04,2669.04
Client 25,2026-06-14,2026-08-13,,4988.85,
Client 29,2026-06-14,2026-07-29,2026-08-13,16641.2,16641.2
Client 30,2026-06-14,2026-08-13,2026-08-31,1992.63,1992.63
Client 02,2026-06-15,2026-07-15,2026-07-13,18173.9,18173.9
Client 05,2026-06-15,2026-08-14,,10997.2,
Client 08,2026-06-15,2026-07-15,2026-07-26,11948.7,11948.7
Client 10,2026-06-15,2026-08-14,2026-08-11,6436.01,6436.01
Client 17,2026-06-15,2026-07-15,2026-07-09,17855.2,17855.2
Client 17,2026-06-15,2026-07-15,2026-07-11,16413.2,16413.2
Client 18,2026-06-15,2026-07-15,2026-07-12,2737.61,2248.47
Client 23,2026-06-15,2026-07-15,2026-08-29,12110.4,12110.4
Client 28,2026-06-15,2026-07-15,2026-08-01,5689.94,5689.94
Client 32,2026-06-15,2026-07-15,2026-08-04,16779.6,16779.6
Client 34,2026-06-15,2026-07-30,2026-07-30,5832.68,5832.68
Client 35,2026-06-15,2026-08-14,2026-08-15,16971.5,16971.5
Client 40,2026-06-15,2026-08-14,,3428.03,
Client 21,2026-06-16,2026-07-01,2026-07-28,1286.7,1286.7
Client 27,2026-06-16,2026-07-16,2026-08-04,2638.42,2638.42
Client 34,2026-06-16,2026-07-31,2026-07-28,5103.94,5103.94
Client 35,2026-06-16,2026-08-15,2026-08-31,13257.3,13257.3
Client 39,2026-06-16,2026-07-31,2026-08-31,1204.1,1204.1
Client 07,2026-06-17,2026-07-17,2026-08-30,5547.67,5547.67
Client 09,2026-06-17,2026-08-01,2026-07-26,588.53,588.53
Client 10,2026-06-17,2026-08-16,2026-08-11,4785.91,4785.91
Client 16,2026-06-17,2026-07-02,2026-07-11,6514.79,6514.79
Client 23,2026-06-17,2026-07-17,2026-08-31,13579.2,13579.2
Client 35,2026-06-17,2026-08-16,2026-08-31,10863,10863
Client 01,2026-06-18,2026-07-03,2026-07-05,4381.61,4381.61
Client 02,2026-06-18,2026-07-18,2026-07-18,17066.1,17066.1
Client 02,2026-06-18,2026-07-18,2026-07-18,16952.9,16952.9
Client 05,2026-06-18,2026-08-17,2026-08-27,15188.9,15188.9
Client 05,2026-06-18,2026-08-17,2026-08-31,18973.3,18973.3
Client 06,2026-06-18,2026-07-03,2026-08-08,1709.63,1709.63
Client 13,2026-06-18,2026-07-18,2026-08-01,4678.33,4678.33
Client 14,2026-06-18,2026-08-02,2026-08-31,17423.8,17423.8
Client 16,2026-06-18,2026-07-03,2026-07-06,8460.05,8460.05
Client 22,2026-06-18,2026-07-18,2026-07-31,8172.66,8172.66
Client 26,2026-06-18,2026-07-03,2026-07-01,16639.7,16639.7
Client 27,2026-06-18,2026-07-18,2026-07-29,2677.32,2677.32
Client 29,2026-06-18,2026-08-02,2026-08-02,10840.5,10840.5
Client 01,2026-06-19,2026-07-04,2026-06-27,5149.78,5149.78
Client 12,2026-06-19,2026-07-19,2026-08-07,2141.35,2141.35
Client 22,2026-06-19,2026-07-19,2026-08-21,4520.98,4520.98
Client 24,2026-06-19,2026-08-03,2026-08-14,1310.11,1310.11
Client 26,2026-06-19,2026-07-04,2026-06-27,13391.9,13391.9
Client 37,2026-06-19,2026-07-19,2026-07-27,3864.05,3864.05
Client 02,2026-06-20,2026-07-20,2026-07-21,19897.2,19897.2
Client 03,2026-06-20,2026-07-20,2026-07-29,2912.47,2912.47
Client 04,2026-06-20,2026-08-04,2026-08-11,5886.4,5886.4
Client 16,2026-06-20,2026-07-05,2026-07-08,7533.1,7533.1
Client 17,2026-06-20,2026-07-20,2026-07-19,19470.4,19470.4
Client 25,2026-06-20,2026-08-19,2026-08-18,7009.35,7009.35
Client 32,2026-06-20,2026-07-20,2026-07-30,16669.5,16669.5
Client 36,2026-06-20,2026-07-05,2026-07-16,1715.53,1715.53
Client 04,2026-06-21,2026-08-05,2026-08-10,8473.26,8473.26
Client 08,2026-06-21,2026-07-21,2026-08-01,11427.7,11427.7
Client 22,2026-06-21,2026-07-21,2026-08-13,8496.23,8496.23
Client 40,2026-06-21,2026-08-20,2026-08-31,3303.42,3303.42
Client 19,2026-06-22,2026-08-06,2026-08-30,4348.34,4348.34
Client 21,2026-06-22,2026-07-07,2026-08-02,2959.77,2959.77
Client 37,2026-06-22,2026-07-22,2026-08-06,5588.28,5588.28
Client 28,2026-06-23,2026-07-23,2026-07-25,6939.14,6939.14
Client 30,2026-06-23,2026-08-22,2026-08-31,2240.33,2240.33
Client 12,2026-06-24,2026-07-24,2026-08-11,1441.9,1441.9
Client 25,2026-06-24,2026-08-23,,4206.43,
Client 28,2026-06-24,2026-07-24,2026-07-31,7940.62,7940.62
Client 28,2026-06-24,2026-07-24,2026-07-31,3456.81,3456.81
Client 31,2026-06-24,2026-07-09,2026-08-24,8465.1,8465.1
Client 32,2026-06-24,2026-07-24,2026-08-10,16702.2,16702.2
Client 33,2026-06-24,2026-07-24,2026-07-19,1518.97,1518.97
Client 39,2026-06-24,2026-08-08,2026-08-31,1741.21,1741.21
Client 02,2026-06-25,2026-07-25,2026-07-25,11501.4,11501.4
Client 07,2026-06-25,2026-07-25,2026-08-28,6807.5,6807.5
Client 33,2026-06-25,2026-07-25,2026-07-24,2852.4,2852.4
Client 04,2026-06-26,2026-08-10,2026-08-18,5708.85,5708.85
Client 10,2026-06-26,2026-08-25,2026-08-26,5499.54,5499.54
Client 13,2026-06-26,2026-07-26,2026-08-03,7938.08,7938.08
Client 20,2026-06-26,2026-08-25,2026-08-31,16186.4,16186.4
Client 31,2026-06-26,2026-07-11,2026-08-23,8080.49,8080.49
Client 08,2026-06-27,2026-07-27,2026-08-07,16986.9,16986.9
Client 13,2026-06-27,2026-07-27,2026-08-03,4940.3,4940.3
Client 14,2026-06-27,2026-08-11,,17325.9,
Client 37,2026-06-27,2026-07-27,2026-08-12,3026.19,3026.19
Client 20,2026-06-28,2026-08-27,,15599.7,
Client 25,2026-06-28,2026-08-27,,8412.33,
Client 40,2026-06-28,2026-08-27,,4946.58,
Client 08,2026-07-01,2026-07-31,2026-08-02,11060.3,11060.3
Client 14,2026-07-01,2026-08-15,2026-08-31,19252.2,19252.2
Client 16,2026-07-01,2026-07-16,2026-07-29,8520.13,8520.13
Client 24,2026-07-01,2026-08-15,2026-08-26,2462.24,2462.24
Client 25,2026-07-01,2026-08-30,,7319.18,
Client 27,2026-07-01,2026-07-31,2026-08-16,2609.44,2609.44
Client 30,2026-07-01,2026-08-30,,1111.59,
Client 32,2026-07-01,2026-07-31,2026-08-02,10402.2,10402.2
Client 33,2026-07-01,2026-07-31,2026-07-27,1390.64,1390.64
Client 02,2026-07-02,2026-08-01,2026-07-30,14640,14640
Client 16,2026-07-02,2026-07-17,2026-07-27,3459.05,3459.05
Client 23,2026-07-02,2026-08-01,2026-08-31,9791.85,9791.85
Client 28,2026-07-02,2026-08-01,2026-08-04,8972.69,8972.69
Client 34,2026-07-02,2026-08-16,,3269.88,
Client 37,2026-07-02,2026-08-01,2026-08-11,6236.75,6236.75
Client 01,2026-07-03,2026-07-18,2026-07-14,5485.28,3297.01
Client 15,2026-07-03,2026-09-01,,2261.65,
Client 32,2026-07-03,2026-08-02,2026-08-14,11187.3,11187.3
Client 37,2026-07-03,2026-08-02,2026-08-16,8678.77,8678.77
Client 38,2026-07-03,2026-08-02,2026-08-31,17232.9,17232.9
Client 04,2026-07-04,2026-08-18,,4963.72,
Client 09,2026-07-04,2026-08-18,2026-08-12,1519.61,1519.61
Client 13,2026-07-04,2026-08-03,2026-08-09,8176.86,8176.86
Client 19,2026-07-04,2026-08-18,,8386.35,
Client 26,2026-07-04,2026-07-19,2026-07-16,15420.3,15420.3
Client 37,2026-07-04,2026-08-03,2026-08-21,4586.31,4586.31
Client 01,2026-07-05,2026-07-20,2026-07-22,8524.74,8524.74
Client 02,2026-07-05,2026-08-04,2026-08-05,18232.2,18232.2
Client 08,2026-07-05,2026-08-04,2026-08-17,13581.5,13581.5
Client 13,2026-07-05,2026-08-04,2026-08-15,3572.32,3572.32
Client 17,2026-07-05,2026-08-04,2026-08-01,18550.8,18550.8
Client 27,2026-07-05,2026-08-04,2026-08-11,2005.15,2005.15
Client 03,2026-07-06,2026-08-05,2026-08-24,816.74,816.74
Client 08,2026-07-06,2026-08-05,2026-08-23,13051.7,13051.7
Client 15,2026-07-06,2026-09-04,,1483.85,
Client 19,2026-07-06,2026-08-20,2026-08-26,3819.59,3819.59
Client 29,2026-07-06,2026-08-20,2026-08-31,14023,14023
Client 07,2026-07-07,2026-08-06,2026-08-31,6144.01,6144.01
Client 28,2026-07-07,2026-08-06,2026-08-15,6686.73,6686.73
Client 11,2026-07-08,2026-07-23,2026-08-18,17637.7,17637.7
Client 14,2026-07-08,2026-08-22,,11988.5,
Client 17,2026-07-08,2026-08-07,2026-08-05,10841.1,10841.1
Client 08,2026-07-09,2026-08-08,,9695.67,
Client 38,2026-07-09,2026-08-08,2026-08-31,18663.8,18663.8
Client 40,2026-07-09,2026-09-07,,3204.05,
Client 06,2026-07-10,2026-07-25,2026-08-19,2945.24,2945.24
Client 09,2026-07-10,2026-08-24,,1937.29,
Client 11,2026-07-10,2026-07-25,2026-08-09,11184.9,11184.9
Client 13,2026-07-10,2026-08-09,2026-08-15,3668.32,3668.32
Client 26,2026-07-10,2026-07-25,2026-07-17,10967.6,10967.6
Client 06,2026-07-11,2026-07-26,2026-08-31,1239.79,1239.79
Client 10,2026-07-11,2026-09-09,,7109.03,
Client 23,2026-07-11,2026-08-10,,14616.2,
Client 34,2026-07-11,2026-08-25,,4758.12,
Client 36,2026-07-11,2026-07-26,2026-08-06,2369.01,2369.01
Client 40,2026-07-11,2026-09-09,,4395.09,
Client 01,2026-07-12,2026-07-27,2026-07-28,4346.69,4346.69
Client 01,2026-07-12,2026-07-27,2026-07-26,4939.51,4939.51
Client 05,2026-07-12,2026-09-10,,18577,
Client 36,2026-07-12,2026-07-27,2026-08-07,2480.74,2480.74
Client 04,2026-07-14,2026-08-28,,5512.91,
Client 05,2026-07-14,2026-09-12,,9803,
Client 12,2026-07-14,2026-08-13,2026-08-17,2692.77,2692.77
Client 14,2026-07-14,2026-08-28,,17973.7,
Client 18,2026-07-14,2026-08-13,2026-08-14,767.42,767.42
Client 19,2026-07-14,2026-08-28,,7300.63,
Client 22,2026-07-14,2026-08-13,,5495.92,
Client 26,2026-07-14,2026-07-29,2026-07-23,12831.9,12831.9
Client 01,2026-07-15,2026-07-30,2026-07-28,7982.35,7982.35
Client 12,2026-07-15,2026-08-14,,1970.49,
Client 13,2026-07-15,2026-08-14,2026-08-30,6193.06,6193.06
Client 15,2026-07-15,2026-09-13,,1556.88,
Client 21,2026-07-15,2026-07-30,2026-08-14,1781.96,1781.96
Client 36,2026-07-15,2026-07-30,2026-08-10,2767.76,2767.76
Client 37,2026-07-15,2026-08-14,2026-08-27,4306.62,4306.62
Client 04,2026-07-16,2026-08-30,,7864.16,
Client 10,2026-07-16,2026-09-14,,5896.01,
Client 10,2026-07-16,2026-09-14,,5038.8,
Client 15,2026-07-16,2026-09-14,,2331.45,
Client 20,2026-07-16,2026-09-14,,11741.8,
Client 21,2026-07-16,2026-07-31,2026-08-10,2416.35,2416.35
Client 28,2026-07-16,2026-08-15,,6143.51,
Client 35,2026-07-16,2026-09-14,,10807.7,
Client 38,2026-07-16,2026-08-15,2026-08-31,9848.94,9848.94
Client 03,2026-07-17,2026-08-16,2026-08-23,798.51,798.51
Client 04,2026-07-17,2026-08-31,2026-08-31,3538.95,3538.95
Client 20,2026-07-18,2026-09-16,,12731.1,
Client 38,2026-07-18,2026-08-17,2026-08-31,18024.8,18024.8
Client 07,2026-07-19,2026-08-18,2026-08-31,7476.72,7476.72
Client 11,2026-07-19,2026-08-03,2026-08-11,19235.5,19235.5
Client 20,2026-07-19,2026-09-17,,14759.4,
Client 20,2026-07-19,2026-09-17,,15467.6,
Client 21,2026-07-19,2026-08-03,2026-08-17,1443.33,1443.33
Client 25,2026-07-19,2026-09-17,,5057.42,
Client 40,2026-07-19,2026-09-17,,8833.52,
Client 03,2026-07-20,2026-08-19,,2678.54,
Client 24,2026-07-20,2026-09-03,,825.48,
Client 31,2026-07-20,2026-08-04,2026-08-31,4971.23,3903.98
Client 02,2026-07-21,2026-08-20,,15052,
Client 05,2026-07-21,2026-09-19,,9769.19,
Client 07,2026-07-21,2026-08-20,2026-08-31,3615.85,3615.85
Client 16,2026-07-21,2026-08-05,2026-08-03,8888.25,8888.25
Client 22,2026-07-21,2026-08-20,2026-08-31,6731.51,6731.51
Client 29,2026-07-21,2026-09-04,,10044.2,
Client 32,2026-07-21,2026-08-20,2026-08-27,18866.1,18866.1
Client 32,2026-07-21,2026-08-20,2026-08-23,11710.5,11710.5
Client 33,2026-07-21,2026-08-20,2026-08-20,1127.38,1127.38
Client 39,2026-07-21,2026-09-04,,693.44,
Client 39,2026-07-21,2026-09-04,,981.19,
Client 12,2026-07-22,2026-08-21,2026-08-31,2695.79,2695.79
Client 19,2026-07-22,2026-09-05,,6686.51,
Client 20,2026-07-22,2026-09-20,,11443.6,
Client 23,2026-07-22,2026-08-21,,19383.3,
Client 25,2026-07-22,2026-09-20,,4321.37,
Client 34,2026-07-22,2026-09-05,,4909.29,
Client 38,2026-07-22,2026-08-21,2026-08-31,10218.1,10218.1
Client 02,2026-07-23,2026-08-22,,9393.66,
Client 13,2026-07-23,2026-08-22,,3102.39,
Client 16,2026-07-23,2026-08-07,2026-08-16,8030.17,8030.17
Client 27,2026-07-23,2026-08-22,,1523.08,
Client 39,2026-07-23,2026-09-06,,1404.88,
Client 40,2026-07-23,2026-09-21,,7793.94,
Client 06,2026-07-24,2026-08-08,2026-08-31,1707.02,1707.02
Client 09,2026-07-24,2026-09-07,,1339.85,
Client 20,2026-07-24,2026-09-22,,16755.2,
Client 29,2026-07-24,2026-09-07,,11086.4,
Client 32,2026-07-24,2026-08-23,2026-08-31,19433.5,19433.5
Client 36,2026-07-24,2026-08-08,2026-08-23,2073.67,2073.67
Client 39,2026-07-24,2026-09-07,,2240.32,
Client 40,2026-07-24,2026-09-22,,7306.03,
Client 05,2026-07-25,2026-09-23,,19495.9,
Client 08,2026-07-25,2026-08-24,,15210.6,
Client 16,2026-07-25,2026-08-09,2026-08-17,7081.39,5281.95
Client 18,2026-07-25,2026-08-24,,2826.81,
Client 24,2026-07-25,2026-09-08,,2725.64,
Client 25,2026-07-25,2026-09-23,,8003.13,
Client 26,2026-07-25,2026-08-09,2026-08-08,19855.5,19855.5
Client 35,2026-07-25,2026-09-23,,13056.4,
Client 35,2026-07-25,2026-09-23,,16088.5,
Client 27,2026-07-26,2026-08-25,,1825.43,
Client 04,2026-07-27,2026-09-10,,6635.62,
Client 08,2026-07-27,2026-08-26,,19062.1,
Client 09,2026-07-27,2026-09-10,,1487.12,
Client 17,2026-07-27,2026-08-26,,13952.1,
Client 19,2026-07-27,2026-09-10,,5245.75,
Client 29,2026-07-27,2026-09-10,,18052.4,
Client 30,2026-07-27,2026-09-25,,2958.95,
Client 31,2026-07-27,2026-08-11,2026-08-31,5846.45,5846.45
Client 31,2026-07-27,2026-08-11,2026-08-31,8165.98,8165.98
Client 35,2026-07-27,2026-09-25,,13620.2,
Client 12,2026-07-28,2026-08-27,,1598.23,
Client 14,2026-07-28,2026-09-11,,15301.6,
Client 26,2026-07-28,2026-08-12,2026-08-08,10779,10779
Client 12,2026-08-01,2026-08-31,,2189.76,
Client 17,2026-08-01,2026-08-31,,16887.5,
Client 25,2026-08-01,2026-09-30,,6056.36,
Client 26,2026-08-01,2026-08-16,2026-08-16,17792.2,17792.2
Client 26,2026-08-01,2026-08-16,,18500.1,
Client 27,2026-08-01,2026-08-31,,894.98,
Client 28,2026-08-01,2026-08-31,,6250.88,
Client 03,2026-08-02,2026-09-01,,1760.62,
Client 03,2026-08-02,2026-09-01,,2116.98,
Client 04,2026-08-02,2026-09-16,,4205.34,
Client 08,2026-08-02,2026-09-01,,12186.6,
Client 14,2026-08-02,2026-09-16,,10655.4,
Client 17,2026-08-02,2026-09-01,,12430,
Client 31,2026-08-02,2026-08-17,,4229.13,
Client 32,2026-08-02,2026-09-01,,15960.1,
Client 38,2026-08-02,2026-09-01,,14739.9,
Client 11,2026-08-03,2026-08-18,2026-08-27,12120.7,12120.7
Client 34,2026-08-03,2026-09-17,,3205.67,
Client 38,2026-08-03,2026-09-02,,18924.7,
Client 13,2026-08-04,2026-09-03,,8329.05,
Client 31,2026-08-04,2026-08-19,,5752.48,
Client 32,2026-08-04,2026-09-03,,16698.7,
Client 33,2026-08-04,2026-09-03,,780.15,
Client 11,2026-08-05,2026-08-20,,17161,
Client 19,2026-08-05,2026-09-19,,6967.97,
Client 24,2026-08-05,2026-09-19,,1524.67,
Client 38,2026-08-05,2026-09-04,,16884.2,
Client 01,2026-08-06,2026-08-21,2026-08-21,6917.68,6917.68
Client 06,2026-08-06,2026-08-21,,522.59,
Client 16,2026-08-06,2026-08-21,2026-08-23,5171.27,5171.27
Client 20,2026-08-06,2026-10-05,,12363.3,
Client 35,2026-08-06,2026-10-05,,14124.6,
Client 07,2026-08-07,2026-09-06,,4507.77,
Client 18,2026-08-07,2026-09-06,,2085.99,
Client 29,2026-08-07,2026-09-21,,14412.1,
Client 30,2026-08-07,2026-10-06,,2652.89,
Client 22,2026-08-08,2026-09-07,,5707,
Client 29,2026-08-08,2026-09-22,,16332.8,
Client 29,2026-08-08,2026-09-22,,15473.6,
Client 33,2026-08-08,2026-09-07,,1793.71,
Client 37,2026-08-08,2026-09-07,,8772.06,
Client 02,2026-08-09,2026-09-08,,19707.6,
Client 05,2026-08-09,2026-10-08,,9629.21,
Client 08,2026-08-09,2026-09-08,,19730.6,
Client 09,2026-08-09,2026-09-23,,748.22,
Client 25,2026-08-09,2026-10-08,,8871.21,
Client 26,2026-08-09,2026-08-24,,14519.4,
Client 29,2026-08-09,2026-09-23,,16334.3,
Client 29,2026-08-09,2026-09-23,,11604.9,
Client 32,2026-08-09,2026-09-08,,12419.5,
Client 23,2026-08-10,2026-09-09,,18511.3,
Client 35,2026-08-10,2026-10-09,,15745,
Client 37,2026-08-10,2026-09-09,,6091.47,
Client 02,2026-08-11,2026-09-10,,10375.4,
Client 05,2026-08-11,2026-10-10,,18549.1,
Client 09,2026-08-11,2026-09-25,,1942.79,
Client 28,2026-08-11,2026-09-10,,7372.08,
Client 38,2026-08-11,2026-09-10,,17991.2,
Client 01,2026-08-12,2026-08-27,,5971.03,
Client 05,2026-08-12,2026-10-11,,18343,
Client 20,2026-08-12,2026-10-11,,18011.8,
Client 40,2026-08-12,2026-10-11,,7398.9,
Client 12,2026-08-13,2026-09-12,,544.05,
Client 14,2026-08-13,2026-09-27,,14600.5,
Client 19,2026-08-13,2026-09-27,,3910.84,
Client 27,2026-08-13,2026-09-12,,1523.29,
Client 27,2026-08-13,2026-09-12,,2595.09,
Client 07,2026-08-14,2026-09-13,,3129.85,
Client 13,2026-08-14,2026-09-13,,5322.6,
Client 19,2026-08-14,2026-09-28,,8236.67,
Client 21,2026-08-14,2026-08-29,,1807.68,
Client 35,2026-08-14,2026-10-13,,19341.8,
Client 35,2026-08-14,2026-10-13,,18240.3,
Client 36,2026-08-14,2026-08-29,,1401.53,
Client 05,2026-08-15,2026-10-14,,17174.1,
Client 19,2026-08-15,2026-09-29,,6987.17,
Client 19,2026-08-15,2026-09-29,,4272.44,
Client 04,2026-08-16,2026-09-30,,6907.24,
Client 08,2026-08-16,2026-09-15,,13058.9,
Client 10,2026-08-16,2026-10-15,,4380.02,
Client 23,2026-08-16,2026-09-15,,13780,
Client 26,2026-08-16,2026-08-31,2026-08-24,18247.4,18247.4
Client 32,2026-08-16,2026-09-15,,14149.9,
Client 40,2026-08-16,2026-10-15,,4740.43,
Client 08,2026-08-17,2026-09-16,,17478.5,
Client 20,2026-08-17,2026-10-16,,18551.4,
Client 27,2026-08-17,2026-09-16,,1952.14,
Client 30,2026-08-17,2026-10-16,,2629.02,
Client 35,2026-08-17,2026-10-16,,12194.7,
Client 38,2026-08-17,2026-09-16,,13702.6,
Client 01,2026-08-18,2026-09-02,,4801.12,
Client 10,2026-08-18,2026-10-17,,8044.89,
Client 16,2026-08-18,2026-09-02,,6956.09,
Client 24,2026-08-18,2026-10-02,,2541.58,
Client 25,2026-08-18,2026-10-17,,8880.54,
Client 33,2026-08-18,2026-09-17,,2889.82,
Client 36,2026-08-18,2026-09-02,,1425.14,
Client 39,2026-08-18,2026-10-02,,1763.69,
Client 03,2026-08-19,2026-09-18,,1073.11,
Client 25,2026-08-19,2026-10-18,,5451.26,
Client 25,2026-08-19,2026-10-18,,5919.38,
Client 38,2026-08-19,2026-09-18,,15329.1,
Client 01,2026-08-20,2026-09-04,,3342.58,
Client 11,2026-08-20,2026-09-04,,9528.49,
Client 14,2026-08-20,2026-10-04,,16214.7,
Client 16,2026-08-20,2026-09-04,,4760.01,
Client 22,2026-08-20,2026-09-19,,5298.92,
Client 23,2026-08-20,2026-09-19,,17074.3,
Client 34,2026-08-20,2026-10-04,,3148.06,
Client 34,2026-08-20,2026-10-04,,8283.09,
Client 36,2026-08-20,2026-09-04,,2943.32,
Client 38,2026-08-20,2026-09-19,,14842.1,
Client 08,2026-08-21,2026-09-20,,14593.8,
Client 13,2026-08-21,2026-09-20,,5870.35,
Client 31,2026-08-21,2026-09-05,,4732.45,
Client 02,2026-08-22,2026-09-21,,14466.5,
Client 08,2026-08-22,2026-09-21,,10841.3,
Client 09,2026-08-22,2026-10-06,,2496.82,
Client 11,2026-08-22,2026-09-06,,9724.39,
Client 28,2026-08-22,2026-09-21,,3954.08,
Client 03,2026-08-23,2026-09-22,,1619.28,
Client 14,2026-08-23,2026-10-07,,11869.9,
Client 15,2026-08-23,2026-10-22,,2499.03,
Client 17,2026-08-23,2026-09-22,,12701.7,
Client 26,2026-08-23,2026-09-07,,13287,
Client 34,2026-08-23,2026-10-07,,3808.06,
Client 02,2026-08-24,2026-09-23,,18587.7,
Client 10,2026-08-24,2026-10-23,,7174.24,
Client 18,2026-08-24,2026-09-23,,2838.31,
Client 05,2026-08-25,2026-10-24,,14228.2,
Client 10,2026-08-25,2026-10-24,,5515.07,
Client 13,2026-08-25,2026-09-24,,3229.33,
Client 20,2026-08-25,2026-10-24,,10006.1,
Client 22,2026-08-25,2026-09-24,,6041.71,
Client 26,2026-08-25,2026-09-09,,9690.53,
Client 28,2026-08-25,2026-09-24,,5506.24,
Client 32,2026-08-25,2026-09-24,,18991.5,
Client 37,2026-08-25,2026-09-24,,8097.54,
Client 37,2026-08-25,2026-09-24,,3932.96,
Client 39,2026-08-25,2026-10-09,,2855.08,
Client 02,2026-08-26,2026-09-25,,17350.4,
Client 05,2026-08-26,2026-10-25,,12841.8,
Client 07,2026-08-26,2026-09-25,,8050.05,
Client 10,2026-08-26,2026-10-25,,6016.39,
Client 19,2026-08-26,2026-10-10,,3183.1,
Client 21,2026-08-26,2026-09-10,,2348.56,
Client 31,2026-08-26,2026-09-10,,5163.34,
Client 33,2026-08-26,2026-09-25,,1739.23,
Client 02,2026-08-27,2026-09-26,,11665,
Client 05,2026-08-27,2026-10-26,,18272.7,
Client 06,2026-08-27,2026-09-11,,1416.35,
Client 11,2026-08-27,2026-09-11,,12138.3,
Client 13,2026-08-27,2026-09-26,,3742.34,
Client 36,2026-08-27,2026-09-11,,1051.1,
Client 04,2026-08-28,2026-10-12,,7253.05,
Client 06,2026-08-28,2026-09-12,,2112.84,
Client 07,2026-08-28,2026-09-27,,5726.63,
Client 12,2026-08-28,2026-09-27,,1835.82,
Client 14,2026-08-28,2026-10-12,,10421.1,
Client 15,2026-08-28,2026-10-27,,2341.98,
Client 17,2026-08-28,2026-09-27,,18584.2,
Client 32,2026-08-28,2026-09-27,,17230.8,
